signer,label,f0,f1,f2,f3,f4,f5,f6,f7,f8,f9,f10,f11,f12,f13,f14,f15,f16,f17,f18,f19,f20,f21,f22,f23,f24,f25,f26,f27,f28,f29,f30,f31,f32,f33,f34,f35,f36,f37,f38,f39,f40,f41,f42,f43,f44,f45,f46,f47,f48,f49,f50,f51,f52,f53,f54,f55,f56,f57,f58,f59,f60,f61,f62,f63,f64,f65,f66,f67,f68,f69,f70,f71,f72,f73,f74,f75,f76,f77,f78,f79,f80,f81,f82,f83,f84,f85,f86,f87,f88,f89,f90,f91,f92,f93,f94,f95,f96,f97,f98,f99,f100,f101,f102,f103,f104,f105,f106,f107,f108,f109,f110,f111,f112,f113,f114,f115,f116,f117,f118,f119,f120,f121,f122,f123,f124,f125,f126,f127,f128,f129,f130,f131,f132,f133,f134,f135,f136,f137,f138,f139,f140,f141,f142,f143
Aliya,Good Morning,-1.9973742483220638,-1.9447205139561112,0.22684633122338263,-2.0022755457345967,-1.9586398882979972,0.22749213812093877,-2.011115065655553,-1.968149040955704,0.22645474964273232,-2.0199745707385266,-1.971535985837169,0.2251438297832589,-2.0267728058485037,-1.9709087122178814,0.22342713331901612,-2.013155153302483,-1.972182005620225,0.22293072537008632,-2.0255265189945364,-1.9759510783086331,0.21974176938076181,-2.032561360795006,-1.9756584205659367,0.21767085980404863,-2.0376837703834467,-1.9743815424348936,0.21649245909375625,-2.0141480316348996,-1.9646636536540356,0.2209407943549575,-2.02743064104693,-1.9677714083887707,0.21851083216013328,-2.034554387409337,-1.9677776212933962,0.2171705278994248,-2.0396657220309233,-1.9673394520286847,0.21604610341409813,-2.014910191942866,-1.9558528326833793,0.21915037618467256,-2.0272434041625798,-1.9586520825411824,0.2173182338906819,-2.0335666950622815,-1.959085285006551,0.21688192935495143,-2.0379682205187577,-1.9593004889898709,0.21639938247367815,-2.0155685723339216,-1.9465277057010577,0.21751044870520292,-2.025083104266295,-1.9488262034034514,0.21607569465687657,-2.0297215090264764,-1.9498695052360144,0.21616223767979886,-2.0332095560263412,-1.9506967227215875,0.21625555574726854,-1.221731684194056,-0.7931793495369936,0.22684628645862814,-1.2116411741108837,-0.9105006089761817,0.22882881609573522,-1.1704506192284405,-1.023558626097666,0.21721530753272467,-1.128406257045282,-1.100591963353675,0.20243862324703885,-1.1068367269681942,-1.153325739133301,0.19011506055623392,-1.1592836259212793,-1.0513333423903104,0.19727398194401083,-1.061297979373581,-1.1035566088849715,0.16581315188991966,-1.0403385692048508,-1.0902981581624567,0.15074995991855678,-1.0392862288336253,-1.0830290682808243,0.14422985660658014,-1.1439858436730632,-0.9996816366287886,0.1799761048557274,-1.0399928805716216,-1.0492897813831508,0.1570589969226994,-1.029761109766995,-1.0349699304707103,0.15544606703448252,-1.0366280612691106,-1.0283730571441196,0.1546375818261252,-1.1248665650624172,-0.9405314096182309,0.16248091643561025,-1.0304373694765723,-0.9839381672477722,0.14613970844150906,-1.0255202933454366,-0.9729758349528295,0.15762847064970417,-1.03415722506927,-0.9701701876126124,0.1650148995974601,-1.1041878053821084,-0.879311797917291,0.14470660500124677,-1.028616609058502,-0.9160829474754937,0.13901822001390607,-1.0264307447190468,-0.9079083757778637,0.15228120223711497,-1.0344515794697184,-0.9053465399032247,0.1618387265891287,0.4894192637568036,-0.016248046497893402,0.04672099723055338,-0.4894192637568036,0.016248046497893402,-0.04672099723055338,0.7985521214788879,1.1608045417106465,-0.18575939546785494,-0.8200452413101145,1.3079946929467738,-1.0813058018084494,0.8076790403296501,1.6344527297167926,-1.2010587480625299,-0.5552863089281705,0.5379946353106259,-2.9058181714014615
Aliya,Good Morning,-2.011698625961787,-1.9419662268868318,0.19822767082297585,-2.0064853243338505,-1.9522058131123168,0.2020689160363987,-2.004376066626418,-1.9635861806626818,0.20293354904208805,-2.0046565099953213,-1.9724919103126388,0.2029350400161712,-2.005742650505858,-1.9788879461612126,0.2027068077797218,-2.002281636502651,-1.9671674023213819,0.1998786921580055,-2.0032347373329578,-1.981516556143103,0.19943008204433083,-2.003826975336801,-1.9875427139854311,0.19945479344963135,-2.0044521309968957,-1.9915726119051806,0.19959123157438974,-2.0053213923336113,-1.967021220207167,0.1971339951581204,-2.006273888165275,-1.983168507914155,0.19684299761357613,-2.006516719041294,-1.9894590636953517,0.1969979407470609,-2.006506369396549,-1.9937019746726912,0.1970971804212735,-2.009199624538135,-1.9660762172790298,0.1947094324898138,-2.00927576051631,-1.9808785141501921,0.1951665852838462,-2.0090480504964576,-1.9873467562800482,0.19594759107735085,-2.008505985760077,-1.9920752153911312,0.19616552645428725,-2.013737930863124,-1.9645922403175877,0.19259862212569318,-2.013524168820657,-1.9755311879274025,0.19347459070349912,-2.0126750396850954,-1.9811635534973018,0.194658835842778,-2.0118659361381126,-1.9854253499914278,0.19534716981130848,-0.791523356979714,0.02280492048831054,0.19822791587660984,-0.7696194833845688,-0.11696360979740421,0.19634908469934723,-0.7123702122874795,-0.24108060589587713,0.17824264320022468,-0.6578006008819446,-0.31081851118673376,0.15737058071838522,-0.6296320527285069,-0.3482383264623684,0.13865170986302935,-0.6969157385289039,-0.2765242229159841,0.14718945349913373,-0.5662198558715758,-0.31643409527702926,0.10647502800062558,-0.5307015888664255,-0.29412786955817977,0.08650351179961914,-0.5210125796039897,-0.2798957372174314,0.0769866961258143,-0.6838358218361249,-0.2066344017171086,0.12676130132207025,-0.5503496673626416,-0.24661946369106558,0.09584253616242303,-0.5309113466617987,-0.22725151313833983,0.09238253254637674,-0.5354868468509802,-0.2164862311729776,0.0902175568920595,-0.6678759612757791,-0.12877556100734003,0.1068787474653463,-0.5468566722928457,-0.16821865718417361,0.08400214904182154,-0.5339277723304318,-0.15523691987403634,0.09615326114978084,-0.5422622225904753,-0.14959913235348213,0.10437009623992041,-0.6499193399733977,-0.050963582510860174,0.0866999477321738,-0.5542573310146945,-0.08335039842481742,0.07699340599544845,-0.547876659591632,-0.07673104603008406,0.09215576837842009,-0.5589890391601294,-0.07469569846586102,0.10372909151940775,0.4796948064526235,-0.02571568687400643,0.08445129576471316,-0.4796948064526235,0.02571568687400643,-0.08445129576471316,0.7519476520221916,1.1482596469660407,-0.27220733705778033,-0.7066083337569232,1.3427494472053054,-0.9937016841577775,0.5882489013751806,1.3094756581559783,-1.3638495733709715,-0.4009756259940324,0.5347924995975193,-2.6324208005595935
Aliya,Good Morning,-2.122075193177105,-1.9524395248661828,0.17062414625616132,-2.1165196989345745,-1.9601651885484277,0.16649399821654545,-2.1066586566894836,-1.9653049009694512,0.16094886628125118,-2.0983572694885786,-1.9669183763902345,0.1558773209549354,-2.093007846929362,-1.9640204475253662,0.15012297047546405,-2.110920286849838,-1.960908530828458,0.15618333564612297,-2.094678255741296,-1.957982440645414,0.14993624822934204,-2.0940153317730013,-1.9580593413791856,0.14482980397888384,-2.0968631228098493,-1.9577539219109652,0.14111124819986554,-2.1115722093191867,-1.951832444223182,0.15563965959918777,-2.0947902017151616,-1.9502179326245583,0.1519443813058954,-2.0954569802453027,-1.9519185807402983,0.15115601557350994,-2.0991730451632904,-1.953220785896589,0.14918914734017988,-2.1119118205454814,-1.9442373764507492,0.1553636157869773,-2.09615824901419,-1.9442266348707855,0.15272741110944324,-2.0969982709267616,-1.946089733333417,0.15465056234974572,-2.10046485781055,-1.9474115973360748,0.1550619388815404,-2.111889468845029,-1.9384693921397005,0.154466406202065,-2.0990624253544605,-1.9394832162630113,0.15239522754779775,-2.0990555050724566,-1.9418425180384038,0.15377988448380217,-2.101762490658795,-1.9434697531151433,0.15418368890484935,-0.8838771318171242,-0.05840178906889297,0.17062423752061956,-0.859397063210995,-0.1894710526027997,0.16313611193951708,-0.8064777070899715,-0.3088656662504098,0.1442217807383243,-0.762999177687996,-0.379564999592382,0.12346113843388733,-0.744715209617948,-0.4235294362738949,0.10542764519201298,-0.8023940811546632,-0.33468311937432366,0.11724809876926723,-0.6882796115806729,-0.37456440067794533,0.07549000387307918,-0.6720955833316495,-0.354618655896323,0.05508662397413849,-0.6794895069844838,-0.3480724303920476,0.045697489334263694,-0.7959912248579665,-0.2610372582672139,0.09964443611638872,-0.6746771333072695,-0.2990832231554799,0.06821432539579744,-0.6665453855944473,-0.2862225798490372,0.06483726123153309,-0.6781765258213992,-0.2848473442808079,0.062259054776917774,-0.7831157008745331,-0.18026306739198167,0.08165826113112354,-0.6687431041412008,-0.21837831645932373,0.056863174475067786,-0.6638243750321513,-0.2108210003103233,0.06933106791945931,-0.676078490028559,-0.21202653184763254,0.07802373532283968,-0.76634243402714,-0.10065187661032347,0.06288873995313954,-0.6680520534542181,-0.13483697853507814,0.05062287602954109,-0.6620075946917988,-0.1298397250126577,0.06493139191426499,-0.6726677257747734,-0.1284827609513855,0.07583757573323986,0.4921289640754163,-0.04105121072080389,0.006041133236898142,-0.4921289640754163,0.04105121072080389,-0.006041133236898142,0.7725859284467871,1.1801473215775204,-0.44385750243556693,-0.7537027089658449,1.3875604263786119,-0.9652320502872105,0.492639324519198,1.3121118336126372,-1.5741870850587287,-0.449452012897801,0.5718967939536713,-2.80421642549575
Aliya,Good Morning,-1.9792878692805331,-1.8295896763871387,0.15105160263616632,-1.9822774407208341,-1.8444873310968974,0.14796216776619087,-1.9878606308182705,-1.8547428131706543,0.14462960620055879,-1.994201022514437,-1.8549586013048698,0.14194810878777905,-1.997818794158994,-1.8494300560084742,0.13877086503318536,-1.9899792130398055,-1.8478512273927183,0.14018988556330209,-1.995989213435189,-1.8451665606139094,0.1353822239694424,-1.9998141076749745,-1.8422309546051479,0.1321918439311606,-2.0029772997245603,-1.8398691061102381,0.13028923182866892,-1.990079766711153,-1.8350525890069311,0.13982882708905892,-1.9970318030750291,-1.8318649647537752,0.1363342666713317,-2.0027763814798796,-1.8296200553903503,0.13465719967823378,-2.007604704079868,-1.828137763608566,0.13293998269241056,-1.9900091661345753,-1.823740129563694,0.1397164595299401,-1.996499333857831,-1.8212811769616222,0.13728451773434616,-2.0022282259295543,-1.8200460511307985,0.13687716665586477,-2.006970429608662,-1.8194589802841217,0.136187514966718,-1.9897419798683087,-1.8142681116369783,0.1394644393276025,-1.9948467302009865,-1.8123723180058786,0.1378610621411334,-1.9991169628972931,-1.8120400061047706,0.13811644514665672,-2.0030183877616508,-1.8118740306050285,0.13811020308301147,-1.187761783102241,-0.5078590513337372,0.1510516827987299,-1.148386244091453,-0.6176446216528407,0.1495559374523886,-1.0940075606200323,-0.7012969227527802,0.13709517290580467,-1.0549418924150948,-0.7461841152776079,0.12231281484800456,-1.0393644576584469,-0.7734540019744026,0.10925120765282842,-1.0875229701112947,-0.7112483163675257,0.11604056112121,-1.0020317635187255,-0.715688338846214,0.08461366688556021,-0.9869938170280029,-0.6963333708052039,0.0682472996425962,-0.9870735022777325,-0.6883892654516157,0.06053668205935056,-1.0897824367132654,-0.6460315750953906,0.10037874050100333,-1.0024674308125974,-0.6491142347341131,0.07722370115340225,-0.989323650697861,-0.6338144937415353,0.07299692133650917,-0.9893875079060903,-0.6279737532491944,0.07008123788158448,-1.0895774468860024,-0.577246822229263,0.08475101540695062,-1.0089731810473115,-0.5825144668099699,0.06575031754849901,-0.9981904031607676,-0.570870206169746,0.07367488305979482,-0.9993828235640136,-0.5670775103815552,0.07967460726848982,-1.0869677958814767,-0.512639336464806,0.06895103087084362,-1.0191808040258217,-0.5194495434880565,0.05970881904686603,-1.0116693747376715,-0.5116347945248959,0.07078894635128656,-1.0133010193877767,-0.5082256774475369,0.07970518496284092,0.4941321110374566,-0.0303496910643082,0.046609565334988196,-0.4941321110374566,0.0303496910643082,-0.046609565334988196,0.7410962242553167,1.1265539825956115,-0.2846881587360095,-0.7374169887798786,1.3411643715488157,-0.962363954713776,0.673525356663113,1.3463962167649441,-1.4212280059380162,-0.46687742695090223,0.5211159584214343,-2.726384895170558
Aliya,Good Morning,-1.7639868911734993,-1.5325794365285685,0.18297257947050072,-1.7588723635027599,-1.5578969684408996,0.17402133341798692,-1.7581526058578973,-1.5777492196630578,0.16430376088535287,-1.76082686051185,-1.5867428289387409,0.1555055858173909,-1.7643998708183524,-1.5914077773913609,0.1461582255367108,-1.7700037403504265,-1.5782365081892016,0.1561759524682146,-1.7713033738334052,-1.562513711236373,0.1421698421314316,-1.7748029119259516,-1.5504688244712832,0.13339542367848453,-1.7785369012800554,-1.5419821004495233,0.12845814874710507,-1.7798400913862162,-1.5576637534154845,0.15515976457307068,-1.7788538437460735,-1.5354487271286643,0.14412046620059285,-1.7835160341373226,-1.5252362445934515,0.14046983765544982,-1.7886755436045543,-1.5198839545239045,0.13749776751504417,-1.7877380918860333,-1.5366915220913924,0.15426126157564993,-1.7861966244052823,-1.5148907960824765,0.14538680696341358,-1.7920503051059105,-1.5076194626909807,0.1454202693433141,-1.7990667788837162,-1.5051845979334526,0.14539168746691608,-1.7940573507793818,-1.5164743167722414,0.1526725291373426,-1.792591489661847,-1.4980604464063034,0.14673679835886594,-1.7962848619140093,-1.4925732881739104,0.14754716996756118,-1.8019986686595928,-1.4916793460337463,0.14844707337189503,-0.9448923413145086,-0.1626646713072431,0.18297265138857285,-0.9284354382846325,-0.29570179790406104,0.17937388850486932,-0.8803843420951198,-0.41643095584503353,0.162279754389518,-0.8371331098024326,-0.49541894726572483,0.14269428390807432,-0.813616496050397,-0.5516146348735682,0.12580453767095393,-0.8660330170794374,-0.42558344162019407,0.13470016092519863,-0.7633652920991217,-0.4609364968371676,0.0955781807214311,-0.7566751674222462,-0.45478796786693015,0.07650195132280001,-0.7688422171745588,-0.4550802561234529,0.06838286788455532,-0.8549188682036489,-0.3551971696034344,0.11613785061989533,-0.7540777629118433,-0.386687560356393,0.08910568999575301,-0.7541898308219374,-0.3881871414309858,0.08702297195269044,-0.7685805415597823,-0.39368781409772996,0.08528331189989226,-0.8397817299222983,-0.2800163642170495,0.0976368041064311,-0.7490689192678053,-0.312116941084882,0.07746250189616045,-0.7558018979212094,-0.3185922429555035,0.09147472310104579,-0.7747269078753177,-0.3272695483278511,0.10071255703934363,-0.8219037796494073,-0.20778920025606692,0.07854770813826555,-0.7452926627891062,-0.2398294727102195,0.06987752427966751,-0.7516209098844185,-0.24553767977182175,0.08642982063067134,-0.7683098979677108,-0.25081475071824916,0.09880800945306838,0.4927481543080197,-0.022081819176003332,0.0473383592207129,-0.4927481543080197,0.022081819176003332,-0.0473383592207129,0.7430851325577692,1.1741865578221935,-0.3781916865581243,-0.7521863978666391,1.346822641540214,-1.0566915870242295,0.6157439599861702,1.3493258065576437,-1.5927528606618555,-0.49984333653797175,0.4812566166710482,-2.948368842337439
Aliya,Good Morning,-1.9221134073611956,-1.7431752071909252,0.11124039670123914,-1.920753305199877,-1.7613876760863483,0.10710767859032164,-1.9158264172080504,-1.775016277420719,0.1000963696245587,-1.9125883945454922,-1.7834860135262274,0.09289754601612925,-1.9116459154623513,-1.7883918518704816,0.0851134875803422,-1.920838426499618,-1.7732718543421975,0.09376747831387151,-1.914049125436248,-1.763789953408721,0.08320428455548416,-1.9109338143283534,-1.7551420081163163,0.07595866765719657,-1.9092424941884703,-1.750145454466211,0.07173775734221971,-1.9226269172871184,-1.7587051072954722,0.0917032412869571,-1.914593299229625,-1.74835154176217,0.08400107329395001,-1.9109392391369702,-1.7411870798224784,0.0820692807450516,-1.9092223025042412,-1.7377507625937456,0.07997375070287295,-1.924365730797159,-1.7447872707477412,0.08986405409127964,-1.9155579367141278,-1.7350206019954748,0.08380141126643488,-1.9125437590033194,-1.729579653646337,0.0855427545366823,-1.9114971274532802,-1.7266481216944942,0.08638763030054442,-1.925763123395589,-1.7318810015114379,0.08749772080467212,-1.9175590378420182,-1.724425416058488,0.08440415543027485,-1.9149649564496405,-1.7210367540582157,0.08673451153045121,-1.9143417336891702,-1.7190205517632409,0.08816395468055906,-0.7628554348803397,-0.020284873361486124,0.11124046886585436,-0.7454123416892738,-0.15578564600879496,0.10036245564059676,-0.6922759481790596,-0.2870758069586302,0.07920086596033837,-0.6472162581848465,-0.3734411921358987,0.057780941630928846,-0.6272780373889241,-0.4380261510963975,0.04049754574769449,-0.7048824938229901,-0.2993660863965639,0.04510350608218639,-0.5874509447784405,-0.32547165084337465,1.5790687483323002e-05,-0.582277217552748,-0.3079421468073478,-0.018999023864134577,-0.6013785838967185,-0.30980406224633356,-0.026387693588471286,-0.7029246912535572,-0.22409415704824867,0.028371631045230855,-0.5768968655457096,-0.24833170571994254,-0.005199172286113242,-0.581202298779196,-0.24114313525230813,-0.004111656187048289,-0.6055762907013518,-0.2503702296874312,-0.003564451302446532,-0.6914073937769709,-0.14354251380620778,0.01143543234797084,-0.5758406886353985,-0.16757101439217814,-0.013094480807393253,-0.5865075510433543,-0.16880259277459975,0.005923124259376466,-0.6138990644539682,-0.18331080511005537,0.018277329672802392,-0.6732167432209176,-0.06501616849051582,-0.006470513413135923,-0.5790139467625067,-0.09034351944377424,-0.017217703986270923,-0.5894223527229431,-0.0925200542252356,0.0013225260106252883,-0.615176522104731,-0.10415413958764966,0.014399708980032165,0.4795915908324562,-0.03302570180520567,0.08582553678784224,-0.4795915908324562,0.03302570180520567,-0.08582553678784224,0.743360466584269,1.1443916117408601,-0.37276312768110476,-0.7151415199211355,1.3056557079024909,-1.0547899289478255,0.5869528659402803,1.1754570854334303,-1.5537478707097028,-0.43597594221770697,0.426225539907997,-2.746680324128349
Aliya,Good Morning,-1.9427527966941145,-1.769725375115469,0.08587677526027505,-1.9360701634830961,-1.7831569928386979,0.08290354686015079,-1.9255815122480027,-1.7918799109401728,0.07697150945361711,-1.9177841826884323,-1.7952113786208737,0.07069081306486033,-1.913292418466904,-1.793989377976562,0.06334494818745309,-1.9306920706959025,-1.78976022802935,0.07163772441192462,-1.9194337357360578,-1.7858844148143722,0.06389463744268371,-1.9165524142171784,-1.7824022654399125,0.05785968096819459,-1.916019132158178,-1.7797816558656605,0.054109790906274345,-1.9334871619058596,-1.7782824806171011,0.06986771947255237,-1.9214638205044434,-1.7740247701939433,0.06476079368458863,-1.9185211283365018,-1.771370355400738,0.06298941094728062,-1.917678920520037,-1.7700897319864932,0.06088571863805721,-1.9359697312304722,-1.7672914733417078,0.06852448954508683,-1.924667230326731,-1.763736723066289,0.06439343928711062,-1.9216542950324291,-1.7621946979540302,0.06547290007598322,-1.9202986634090362,-1.7615685956129732,0.06593610926175711,-1.9380703334928242,-1.7572184107992777,0.06681044210183874,-1.9290481104444395,-1.755027558306821,0.06450124691988457,-1.926410153423534,-1.7547605740226178,0.06656026859431699,-1.9251934981071315,-1.7546630125046725,0.06783228942098955,-0.780016275003957,-0.08218046527286323,0.08587689892320705,-0.7617077686129761,-0.22458003686699812,0.08249286966432469,-0.7023594243720525,-0.3568856469255044,0.0647796742296001,-0.6477040256760651,-0.4398926584328598,0.045010660149237325,-0.6218224672763352,-0.49965955984085275,0.02904529964571738,-0.6934192649601766,-0.37901760657451633,0.035227249128224614,-0.5650284554066667,-0.41306174369454834,-0.005755610661899423,-0.5506915399585561,-0.39470892303530336,-0.023750345279946544,-0.5586129823950167,-0.3873920187901932,-0.030143760512694833,-0.6824759560768636,-0.3017396887415061,0.01629029882913752,-0.5496765760870751,-0.33668462302182933,-0.012786552710226455,-0.5401637943769385,-0.3270436106610604,-0.012611230565459715,-0.5505613385938064,-0.32595786867432136,-0.011540148742011619,-0.6653840852420853,-0.21699682417733707,-0.0026678479704935246,-0.5466402969518123,-0.25208624630925963,-0.022472293187903763,-0.5432673444243644,-0.24730864422248003,-0.005186026833349869,-0.5562577638666885,-0.24985466383284982,0.006621688532203664,-0.6445234207496836,-0.1332747283302303,-0.022148088733534185,-0.5502064693056298,-0.16862247341232245,-0.02785415304685859,-0.5502583408832983,-0.16514794997213236,-0.008240133237640071,-0.5620100235898434,-0.16581186073257034,0.00604704999244707,0.4883966958427881,-0.024192030090782926,0.06022112027672708,-0.4883966958427881,0.024192030090782926,-0.06022112027672708,0.7778238215482989,1.1787852706965505,-0.7072282116690202,-0.7369702243264662,1.3045622623025412,-1.0929378813753339,0.3863299652952125,0.7933080925211913,-2.077566193823041,-0.44392422795886416,0.3770248861465606,-2.8691019511530635
Aliya,Good Morning,-1.9191899926847837,-1.812145701518163,0.12574782876836327,-1.928390231470452,-1.827091511021024,0.1280553898008545,-1.940637801439168,-1.834056847966827,0.12800666329229277,-1.9492818119977013,-1.8371692372662707,0.1271878320527919,-1.9542509729061008,-1.8389984190643383,0.12598233989444943,-1.9495577545580305,-1.8326902308006674,0.12475221905317024,-1.9606229543864755,-1.8310124016447664,0.12168090001852887,-1.9645208469656283,-1.8277314822856545,0.11947813897133691,-1.9667496365969916,-1.8245370976668962,0.11828294444743252,-1.9483223337629312,-1.8237226199066567,0.12200497941313723,-1.9596126730494507,-1.8217275304654017,0.11979434485710114,-1.9636169435103294,-1.8184398675279112,0.11846029519969091,-1.9660296437861586,-1.8152109233180602,0.11745937062068344,-1.945325200418341,-1.8140355098772405,0.11945656489003749,-1.9557630399160213,-1.8121574325524847,0.11794869824824601,-1.9596141795254383,-1.809605910117246,0.11802137029577478,-1.9620755787661566,-1.807260504788185,0.11790828245453026,-1.941195465884059,-1.804212340479185,0.11714779834999635,-1.9493999817820684,-1.8021948535589187,0.11615423339815052,-1.952921001692186,-1.801468947951833,0.11686480625037791,-1.9555099620105068,-1.8008219557679468,0.11751231415109196,-1.1733336609488576,-0.670727902018288,0.12574773967545394,-1.1714282700324992,-0.7892834485286875,0.12216701945693262,-1.1336683839240511,-0.9119888228273267,0.10824416882077548,-1.0957262614224759,-0.9994039605144078,0.09295189345161398,-1.0809138198665709,-1.0658904662256443,0.0809498625571305,-1.1295339732812124,-0.9262433848660836,0.0847756936885849,-1.0250742649337183,-0.9785972245731965,0.052408404055603174,-1.0139344025066435,-0.9590887261792763,0.038528869425909995,-1.0243008970170409,-0.9478986350369851,0.03339712457315724,-1.1126081238291317,-0.8669373766417316,0.0705881543675179,-1.002176907663887,-0.9197550278498615,0.04875909663654402,-0.9978070317354137,-0.9046160908552685,0.050485149400045344,-1.0115976187994473,-0.8978810617218564,0.0511612025389919,-1.090837648058114,-0.8024593704357958,0.056213589478084657,-0.989818246013545,-0.8524836620124882,0.041360709236947034,-0.9911211713404975,-0.8410730520446795,0.05716341515197326,-1.0072942552513882,-0.8370203290192701,0.0667930966535968,-1.0672833910428015,-0.7377893634906553,0.04120736070213704,-0.9839706319140319,-0.7820599199368289,0.036879458040563744,-0.9868086976678385,-0.7734254120954392,0.052949246899846314,-1.0037042631312483,-0.76879701395988,0.06392945305794114,0.48836824044137883,-0.030839054826777134,0.0026373888015360026,-0.48836824044137883,0.030839054826777134,-0.0026373888015360026,0.7662369676353722,1.1718805077610472,-0.5340970910967683,-0.7458376616549024,1.3020911242652864,-1.0075591239250408,0.48190842906308334,1.2855342010547766,-1.6374600457677086,-0.4913336123419875,0.5386949190609613,-2.839129805776218
Aliya,Good Morning,-2.130557429909018,-2.03765364385238,0.1334795093870662,-2.1296372067023728,-2.0397530662719383,0.13272203259059093,-2.127364222994163,-2.0413053845826834,0.13145803666871078,-2.1256077121223544,-2.0420580756842273,0.13018123224675873,-2.1245138028215718,-2.041776551486789,0.1286905212367346,-2.1274831811122024,-2.04009244782748,0.13021923859892007,-2.124653418558788,-2.039583731420925,0.12873046438514457,-2.1233642641717347,-2.0392625807112177,0.12758876536881064,-2.1228578158352494,-2.0391231313813165,0.12683350188752388,-2.127447964393779,-2.0378750179687093,0.12994815299367413,-2.124324810336079,-2.037373928564088,0.1288894619521233,-2.1231531302685074,-2.0371722891226614,0.12858312804187996,-2.122642669666762,-2.0373584095411634,0.12815725050637813,-2.1275183038413097,-2.035909319234772,0.12979181178050017,-2.124496323890271,-2.035618802879095,0.12896257793651966,-2.1234597912153483,-2.035665128826598,0.12935286857436246,-2.1228600993134044,-2.035836257178673,0.12952191683500056,-2.127545907425076,-2.0342829804850586,0.12954369924436165,-2.1248299397405126,-2.034090478037868,0.12915882724471087,-2.1238740622258367,-2.0344586172427204,0.12971455834015583,-2.1233879001736873,-2.0347805845809175,0.13003023186094897,-1.081349639380668,-0.5367713198918518,0.13347945853247586,-1.0742323288397728,-0.6663806201261562,0.13237556785851906,-1.0303796826044616,-0.7913958193630768,0.1181336249068524,-0.9848395776006625,-0.8741177273730834,0.10166284855721373,-0.9617326375909516,-0.9344642391918576,0.08833566662205986,-1.0258238965372046,-0.8184930162970879,0.09311388632295481,-0.9184568681241077,-0.8699659108198751,0.05803027169114018,-0.9054304955789378,-0.852499865298198,0.042091751303552256,-0.9129046928245114,-0.843216296437398,0.03605427329105851,-1.0097605139570913,-0.7542138407705145,0.0760013611558929,-0.8968644777788358,-0.8042527023837878,0.05206964502102049,-0.890163677834753,-0.7942734798973956,0.0517987880448692,-0.9012658620166611,-0.792789984915862,0.051679077407029476,-0.988201346793984,-0.6826452803273965,0.05886095386250072,-0.8862457764247883,-0.7307686421316262,0.04207527654468636,-0.8839486641302485,-0.7257502949065456,0.05616685048901784,-0.8960169398783359,-0.7278620058981093,0.06507087609522907,-0.9641118886680664,-0.6110076934918907,0.041409430636472185,-0.88204070640711,-0.6545365425263016,0.035718773891761584,-0.882953356252585,-0.650850378842266,0.051646137388971156,-0.8943148836123572,-0.6522987109193586,0.06304247900465308,0.49069715736048036,-0.02882871399160095,0.009685681542430633,-0.49069715736048036,0.02882871399160095,-0.009685681542430633,0.783481097221046,1.1828590991663306,-0.6091395393170176,-0.7549341926274377,1.320049084103316,-1.1083512863526934,0.4971081096378769,1.1220826768623111,-1.8568871208372202,-0.488781029983669,0.40842492568276656,-2.949682144652878
Aliya,Good Morning,-1.7069473466141394,-1.4945124420222842,0.08861689587482052,-1.7262051138210588,-1.5111647529929841,0.08451797869707228,-1.7498588702358917,-1.509220539767759,0.08064399301206146,-1.767972587069895,-1.4989189979718673,0.07773048806768128,-1.7802460862591059,-1.4907752406042991,0.07438632455669947,-1.7565732990762721,-1.4982339343624183,0.07328989928525526,-1.7776702177492276,-1.475347492623714,0.06614708706259734,-1.7860177365707672,-1.4612469307799312,0.06260003505431118,-1.7897325300868085,-1.4515702281329694,0.06095092641379294,-1.7479772966830478,-1.4813102065974633,0.07284512215177381,-1.7680955948117143,-1.4561625574506143,0.06698754815325864,-1.774693879308768,-1.4450608701434042,0.06516056955899106,-1.7770003173219795,-1.4388796297092181,0.06388999150541291,-1.7385767155792804,-1.4662285967070903,0.07275114603712783,-1.756267264359668,-1.4427721189606189,0.06862908647753019,-1.7619060521925904,-1.4345839938652287,0.06941963316827554,-1.7638238356098217,-1.4312113218566656,0.06993234437830771,-1.729686200825342,-1.4537387787334188,0.07262257996642422,-1.7443628320704145,-1.434599107725636,0.06984807691867603,-1.7493026533557112,-1.4283602767338637,0.0713419723371044,-1.7515617831043002,-1.425794631253238,0.07283616799327636,-1.094611575922055,-0.5317622369826482,0.08861687738015483,-1.0937842446585755,-0.6620478521319749,0.08799315373809878,-1.0628568501313809,-0.7980571993961345,0.07266009939701162,-1.029651978823417,-0.8943808661705116,0.0540423300384577,-1.0125779389101246,-0.96540259075895,0.03756519336482498,-1.0701479828283702,-0.8258583284029158,0.04513760539807878,-0.9806780359577679,-0.8999479047093993,0.005973752296830353,-0.9725107771268915,-0.9083881647970591,-0.013526849997568206,-0.9817343526845438,-0.9197907143996126,-0.022549328442501102,-1.0557444557276379,-0.7718630279042017,0.025092759280487993,-0.9602038774817778,-0.8456965291434186,-0.004077270266992925,-0.9579978443877092,-0.8619035880990418,-0.008962057729467456,-0.971034947393454,-0.8811160780252952,-0.012463037685545634,-1.0320684172737764,-0.709064931915354,0.00500591491475928,-0.9459373225799658,-0.7802935850823971,-0.017631017936464776,-0.9506150663558038,-0.7985307640705329,-0.009004655801608965,-0.9675346229777441,-0.8187017238173172,-0.0034675807073414945,-1.0020895651677986,-0.6440584444255092,-0.015219826369048336,-0.9298928280088999,-0.702305015591696,-0.02648266115858803,-0.9357274453800744,-0.7172068085736832,-0.014924287548592102,-0.9516082744975898,-0.732813218799284,-0.006599228969470773,0.490410582281965,-0.038775020532369024,0.03317398699219315,-0.490410582281965,0.038775020532369024,-0.03317398699219315,0.8023125904520079,1.1248248705094526,-0.5022279344516403,-0.7265364650850313,1.346539872067253,-1.0515521428574401,0.6511101202317411,1.1851367818798324,-1.7547066231469188,-0.529013144303684,0.45783759485851444,-2.8814303910213463
Aliya,Good Morning,-1.6385667368578771,-1.5052287932992605,0.15458971408177702,-1.6484211367884871,-1.5340799932356666,0.15679097867887662,-1.6635723334497967,-1.5464242431318558,0.15504846487420673,-1.6783111847384313,-1.5449831539866936,0.15246549772817353,-1.689297630704339,-1.5404286853170293,0.149159593380431,-1.6650602920182018,-1.549980353439172,0.147073459615875,-1.6864718209133378,-1.5525231248342035,0.1414750282906033,-1.6963469512714777,-1.5551978339062653,0.1381731142338837,-1.7039367749356755,-1.5586152430022457,0.13610918349478696,-1.6679634027177601,-1.5340855346981084,0.1425090639423337,-1.69057251927393,-1.5368305187718596,0.13784345342627619,-1.7015869999795772,-1.5405963644413294,0.13534161568824157,-1.709901915339391,-1.5447841110170675,0.13308998005961642,-1.6698696267655861,-1.517232049829985,0.13848131488795,-1.68991728505779,-1.5200346196624093,0.1353186863003682,-1.7003781954835075,-1.5238589338727337,0.13449565754459195,-1.7083660344936662,-1.5278245765319043,0.13320681864709655,-1.670945531459694,-1.5012097173336858,0.1348343117844327,-1.6853287068154499,-1.5029084631656027,0.13243133142562624,-1.6932611554005306,-1.507080715144717,0.1328173432466041,-1.7000662918797933,-1.51159075178089,0.13279300713535666,-0.868863066925992,-0.18304331281220457,0.15458975797552144,-0.8473015444602708,-0.3187793541868272,0.15712602502452863,-0.7940114896008816,-0.4366630113413755,0.1439029987619266,-0.7428296928235075,-0.5062537543288457,0.1267389179356404,-0.7100044296919377,-0.5495716218219407,0.11218803640141314,-0.7874218172032469,-0.46267181577913835,0.12092277369805328,-0.6839754238644385,-0.5084037279172997,0.08482551124615079,-0.6671310080471092,-0.500938034460711,0.06636796603105206,-0.6715348710223988,-0.5004508571228437,0.057938205498082325,-0.7725924865840059,-0.39751403684168285,0.10061298993913671,-0.6662126720475884,-0.44380961109162054,0.07493649390506953,-0.6582823031573838,-0.4426875731693414,0.07073646258410704,-0.668406398298588,-0.44891902164340575,0.06783814683782917,-0.7528068914278216,-0.32490767469398696,0.08023492764330868,-0.656713510114488,-0.36981023254685924,0.06043138737721197,-0.6556907706985419,-0.37263607427130857,0.07071287151638828,-0.6697882175618708,-0.381747060425997,0.07780027233038438,-0.7311187755885016,-0.2516191623561113,0.05961733640448343,-0.649088459574877,-0.28709924642290957,0.0498043775303365,-0.6470147341442396,-0.2897636202891018,0.06255736252410941,-0.6578306814241625,-0.2974691039139282,0.0727468489042015,0.4893637237202283,-0.020447342369338165,0.056334943158807674,-0.4893637237202283,0.020447342369338165,-0.056334943158807674,0.7958392448667303,1.162167368644043,-0.5501108731617815,-0.7771182000725542,1.3268214596981942,-1.0646151664827834,0.5474607591203783,0.9733897383538005,-1.8751831037913564,-0.4514732552736728,0.42117933717749606,-2.822604224378771
Aliya,Good Morning,-1.5779226080896516,-1.3075789770322486,0.1386753231511668,-1.5993705797786861,-1.3401526124661354,0.12098740122754092,-1.631791887575854,-1.349516522983236,0.11270743708889738,-1.6605626654955339,-1.338975720998496,0.1082705225659203,-1.6835717040932388,-1.3283840927821073,0.10426458388153198,-1.6423918123570584,-1.3123697044259244,0.11395318151968634,-1.6779383021186558,-1.287668680533665,0.10557970768546383,-1.6984673017853917,-1.2790784303675788,0.10126462976898065,-1.7113085387236335,-1.2755563427869376,0.09962434978925942,-1.6347976889707052,-1.2880235720096382,0.12121751841708696,-1.6702632133486184,-1.2675851858062885,0.11447569041042047,-1.689849642874444,-1.2652584589445852,0.1112432091142118,-1.7005707559351315,-1.2674817420056153,0.10950057050637498,-1.628151059910016,-1.2713235343849814,0.12809405669481388,-1.660473823241165,-1.2548118657710667,0.12362484247591712,-1.6771919680152074,-1.2544206236019668,0.12344401517707021,-1.6870015179889988,-1.2583046675837013,0.1237603128223673,-1.6230467988234025,-1.2601769473255882,0.1337785379779489,-1.6501532448209921,-1.2469222686245722,0.13069341067859438,-1.6649778718115957,-1.2472765327112842,0.13160216743793418,-1.673661194586779,-1.2507293204422307,0.1331559199304371,-0.8780730546792888,-0.1532000932933046,0.13867503610296592,-0.8559269912139528,-0.26901457801578116,0.13678362009262593,-0.8050490454436908,-0.3737048682117958,0.12290871687262209,-0.7605891213066844,-0.44225639485512996,0.10633191891534706,-0.7407203219659676,-0.49126171167494476,0.09262468328616162,-0.8072606204572259,-0.383737595414919,0.10126099607733896,-0.7131300112923521,-0.4319092839007312,0.06326989601671701,-0.6991150481108374,-0.42412180419640716,0.04407629181091488,-0.7038787274900333,-0.42778328720013536,0.035710757400354204,-0.8015250326459815,-0.31987711099352645,0.08328083957299831,-0.701598084474885,-0.36332883965220836,0.05510980281629287,-0.7014051857255192,-0.36152115056811907,0.051820283492450596,-0.7185575729042338,-0.3710423989027528,0.0508115059604489,-0.7904594834304762,-0.2529539919456648,0.06489150876548466,-0.6978377907899308,-0.2963824213468011,0.043455614477295006,-0.7019479968579742,-0.29921171157035054,0.05604856358631999,-0.7215111858817783,-0.3106371410250436,0.06558520956740854,-0.7752223844275113,-0.18927296164706625,0.046120649406503234,-0.6982883029025102,-0.22960964768728503,0.03726543537901489,-0.7040431430359578,-0.23378130420083942,0.0525578582120038,-0.723704053277949,-0.2419863115239706,0.0646534476961758,0.4882468045583856,-0.028209922018711392,0.07540855017028143,-0.4882468045583856,0.028209922018711392,-0.07540855017028143,0.7515180544335136,1.1868414366164415,-0.4305579281258656,-0.7285106103417123,1.3163149939050798,-0.9978831607489204,0.5349781242798444,1.1173263945779641,-1.7035761437066252,-0.4479243545367315,0.5040284891968547,-2.640527462202483
Aliya,Good Morning,-1.8074973685724065,-1.6535381455163503,0.13441844196153618,-1.8144579320536183,-1.660493951071388,0.13133715819096667,-1.824006611567067,-1.6583098942487084,0.12633320404688575,-1.831400304424483,-1.6508066194171664,0.1218930004969075,-1.8353331717466814,-1.6427761376286836,0.11711847001147369,-1.8234887455777085,-1.6602757482839847,0.117176380638435,-1.8334645479542622,-1.643820543787452,0.10940339453276327,-1.8336448206416034,-1.6459829865674773,0.10633820322545148,-1.831971965013385,-1.6515168608457405,0.10533482840187502,-1.8180432653399647,-1.6535625979671325,0.11540876611399889,-1.8283085120333595,-1.636814131326938,0.10872193436189145,-1.827179271285623,-1.6430186877182615,0.10827638373843627,-1.8242856945019794,-1.651944001106475,0.10813990304229741,-1.8133026627188453,-1.6461683179883277,0.11409088730089809,-1.8234201424089154,-1.6309921787156985,0.10902811683686248,-1.8222335623600865,-1.637292004640015,0.11165645432494466,-1.819314803460438,-1.6462054486341549,0.11369497001590785,-1.809448896165693,-1.6387797428236395,0.11279754122358321,-1.8182708117614839,-1.6263460337529905,0.10944803174618081,-1.817405558923772,-1.6319050607141528,0.11198040724679854,-1.8146599394670564,-1.6399681299373459,0.11404384145855471,-1.0823108401790678,-0.5075720684525338,0.13441845693715052,-1.079329871599829,-0.6210742712733366,0.13546630699964332,-1.0516411389689186,-0.737832577604412,0.12187967511185027,-1.021984390735483,-0.8233223274687351,0.10519282765320219,-1.0072310767096198,-0.8855961453981656,0.09044054198281912,-1.0573375678263623,-0.7636409491935844,0.09540764129048027,-0.9723931037369148,-0.8307043333909423,0.0597227393307187,-0.9651893073700011,-0.8308838799019954,0.04249444607852447,-0.9746066885655496,-0.8392623091396456,0.03433410777127314,-1.0452151956589748,-0.7143997372573881,0.07584194360074473,-0.952283058054769,-0.7836500972644476,0.049594552446468765,-0.9493517709765124,-0.789472371345758,0.04577734345154922,-0.9614309442552611,-0.8038864151486936,0.0427974873580347,-1.0246592556236387,-0.6581210187763705,0.05639803570081101,-0.939251026937662,-0.7241384682249433,0.035819500874308706,-0.9407152160776576,-0.7317366746307034,0.04386820184152761,-0.9548649046998217,-0.7476123507580228,0.04861542016366843,-0.9981124394464234,-0.5998611643955886,0.03699306805570154,-0.926664398746221,-0.6518763760846932,0.026700076690166274,-0.9291731526067188,-0.656683704078471,0.03713158683371296,-0.9432037954534791,-0.6677133104849357,0.0445418191895616,0.4889167474612543,-0.0296252248176955,0.07199165197018001,-0.4889167474612543,0.0296252248176955,-0.07199165197018001,0.7618321133759045,1.1855305139859686,-0.4158398724675881,-0.7383742769474934,1.3429908872878786,-1.0660006455970312,0.5605740483535492,1.1615081897484298,-1.609224997866759,-0.4768415377643396,0.405783114523461,-2.8024121780613784
Aliya,Good Morning,-1.7006812721300353,-1.4363298086322576,0.1644811412331761,-1.7060315215195625,-1.4661789159450929,0.15559403702192862,-1.7181998729405439,-1.486278090305758,0.14738996391279172,-1.7312305051284627,-1.4936986833939643,0.14095869033051805,-1.7416384592708765,-1.495435070568333,0.13358981389944286,-1.7224068396329393,-1.4688554590519722,0.1361352872286995,-1.7451217060442419,-1.4603658821535206,0.12503050502237323,-1.7572224721940284,-1.4575888904929535,0.11905956663752726,-1.7673692345554244,-1.457344445917284,0.11548976425832515,-1.721923788136057,-1.4439297716506234,0.13563836212805838,-1.7474824536558837,-1.4342648893489855,0.12599624426402953,-1.761458805222453,-1.4339623846302516,0.12206353414920788,-1.7727112280539579,-1.4361122169735219,0.118547068976573,-1.721762096707682,-1.4222006584540623,0.13564465716370538,-1.7452293374018815,-1.413625009880004,0.12765718276387542,-1.7585827644230168,-1.4148681011741837,0.12601457230724358,-1.7691516711991464,-1.4186688543617505,0.12458383441279096,-1.7221185744532992,-1.4045872491576943,0.13539426926547907,-1.7418957189571014,-1.396930239594732,0.12905829638756122,-1.7521708568570635,-1.3984347454758523,0.12847599018863962,-1.760571101093977,-1.4028439814213087,0.12804790173530523,-0.9378054426170102,-0.2357986692908316,0.1644812753183623,-0.9049391297717541,-0.3427222713195754,0.16166880031755432,-0.8471777041613361,-0.43603996058568756,0.14459663176066762,-0.8033435485007513,-0.49658543908694075,0.12523521849680957,-0.7833678044407473,-0.5358501246617596,0.107384231085259,-0.8371777616376904,-0.4501075680134712,0.11597821639118908,-0.7465211758113945,-0.46112488786869754,0.07630261584633699,-0.7343948087879183,-0.4352905399398966,0.05572276464910499,-0.7384834872299296,-0.4259682540641712,0.04504296611738242,-0.8396729656575499,-0.38877158482588586,0.09643853116233755,-0.7422049580404181,-0.40018901163112425,0.06648026321557683,-0.7377796307968068,-0.38120258874328283,0.06075137453752857,-0.7463738340619038,-0.3780583457430751,0.05614519861609186,-0.8372294382639374,-0.3213861903356281,0.07726055604897003,-0.7492881892282712,-0.33373457236489396,0.05384019246364272,-0.7492312139605056,-0.32042437597608686,0.06287218766174957,-0.7602936626873026,-0.3209588341918038,0.0685988498005923,-0.8309784487573265,-0.2547780685366215,0.05780514516190451,-0.7583398679098867,-0.2670041586093014,0.04585451617714601,-0.7584302284649662,-0.25509362902079724,0.057898454043482546,-0.767375424988638,-0.2530208038070174,0.0668697230031613,0.4956659285264564,-0.016297817106422252,0.03365718489714406,-0.4956659285264564,0.016297817106422252,-0.03365718489714406,0.7488270893747382,1.1799236714217407,-0.5613415821854766,-0.7786285205397075,1.3279202429475214,-1.0426805185451633,0.4401161016795304,1.0432330874363835,-1.8558978883743757,-0.48273752014416915,0.45490406712807874,-2.8659613490002007
Aliya,Good Morning,-1.634067765502984,-1.4119583418483121,0.1389156241825833,-1.6495737912378134,-1.437942361837615,0.13522218322442686,-1.6731049868733414,-1.4506069895581946,0.13020998673725226,-1.693289263473978,-1.450885038870172,0.12590252338566293,-1.7083770674975611,-1.4466999662331563,0.120967047749718,-1.6766719592225494,-1.4446107612874877,0.11982598019654178,-1.7024864147766297,-1.429675448044536,0.11057606856365275,-1.715152397345828,-1.4200445873837573,0.10603349752400514,-1.7230569585687225,-1.413463965065446,0.1039226252950729,-1.6717134726835028,-1.4270742130262055,0.11787283614684642,-1.7007729356986492,-1.4093377980323207,0.11063930940831755,-1.7138635661779138,-1.4023601134256996,0.10879882766809613,-1.7213597735070498,-1.398897618337352,0.10740903599879995,-1.6663080390656566,-1.409697485623287,0.11643437842729294,-1.6923349016222686,-1.394312697969199,0.11039720878863885,-1.6994394015925318,-1.392888611802903,0.11220376629019986,-1.7012970201888464,-1.394577241570444,0.11381656275279556,-1.6614066261564038,-1.3934605129556665,0.11502434957985254,-1.6829460268932317,-1.3821042395070355,0.11024154486376747,-1.6891964833762225,-1.381826036931271,0.11231887865493356,-1.6915924150935782,-1.3835935231730454,0.11457402666111188,-1.058291048985649,-0.42372279319678435,0.13891553865947828,-1.031842910882798,-0.5267755085290894,0.13567528834494205,-0.9854615129342819,-0.6152363703830256,0.1267130524758804,-0.9504154494275286,-0.671641575272102,0.11664782717515652,-0.9381494836566143,-0.7136408667822979,0.10944836948177454,-0.9831137302375574,-0.6101725733760769,0.10984005052889581,-0.8944192381796807,-0.6323467128107382,0.08180143030914658,-0.879270372875162,-0.6092788782139209,0.06834240684414288,-0.8819630337879562,-0.6001309748495303,0.06253962044554907,-0.9812050373442083,-0.5482217490093222,0.09769480238082165,-0.8880093388145277,-0.5717095777769983,0.07910277685461148,-0.8788804266376797,-0.5542156947015696,0.07808028226061121,-0.884504412486462,-0.5479807032322468,0.07682798108834882,-0.9747855907207853,-0.4870115860073685,0.08495918850542464,-0.8908621271089595,-0.5094627555783492,0.07021369301681778,-0.8873750348882218,-0.4963392622849732,0.08045850048325551,-0.896164137261055,-0.49353396743630923,0.0870624099978904,-0.964233528046556,-0.4318000530445294,0.07181866054241563,-0.8966715944844613,-0.4508115426831054,0.06610368681999514,-0.8970563539986686,-0.4407036052598316,0.07819427647829238,-0.9077666316615265,-0.43903859061019934,0.08699846398243946,0.48059523366154866,-0.019761215619585864,0.11280126749713498,-0.48059523366154866,0.019761215619585864,-0.11280126749713498,0.7195442890053751,1.146152633232722,-0.42871542899167936,-0.7188626536388066,1.2756513736630546,-1.0617337275200003,0.5463732345318197,1.137637392777647,-1.7219781545106199,-0.40976847577638664,0.4779709469047196,-2.732272103530685
Aliya,Goodbye,-2.029331845281043,-1.8745975549473233,0.08201718695331027,-2.029331845281043,-1.8745975549473233,0.08201718695331027,-2.029331845281043,-1.8745975549473233,0.08201718695331027,-2.029331845281043,-1.8745975549473233,0.08201718695331027,-2.029331845281043,-1.8745975549473233,0.08201718695331027,-2.029331845281043,-1.8745975549473233,0.08201718695331027,-2.029331845281043,-1.8745975549473233,0.08201718695331027,-2.029331845281043,-1.8745975549473233,0.08201718695331027,-2.029331845281043,-1.8745975549473233,0.08201718695331027,-2.029331845281043,-1.8745975549473233,0.08201718695331027,-2.029331845281043,-1.8745975549473233,0.08201718695331027,-2.029331845281043,-1.8745975549473233,0.08201718695331027,-2.029331845281043,-1.8745975549473233,0.08201718695331027,-2.029331845281043,-1.8745975549473233,0.08201718695331027,-2.029331845281043,-1.8745975549473233,0.08201718695331027,-2.029331845281043,-1.8745975549473233,0.08201718695331027,-2.029331845281043,-1.8745975549473233,0.08201718695331027,-2.029331845281043,-1.8745975549473233,0.08201718695331027,-2.029331845281043,-1.8745975549473233,0.08201718695331027,-2.029331845281043,-1.8745975549473233,0.08201718695331027,-2.029331845281043,-1.8745975549473233,0.08201718695331027,-1.162109026847796,-0.7906133778265224,0.08201727103533596,-1.0654946516410326,-0.8685882771142882,0.05804490303991215,-1.0051995928404538,-0.9916289613947431,0.05377703811573721,-0.9783606408415132,-1.097476935397236,0.047614767306251145,-0.9491221817908239,-1.1645266700766912,0.04183753646695629,-1.0755099698238513,-1.1050371080173549,0.08803975393804696,-1.0776446989798532,-1.2165826693768722,0.06246282032097199,-1.0846447014724692,-1.2321977859084898,0.04012429743503969,-1.0891060991522596,-1.2327946175980586,0.028184483769160985,-1.1379360224867299,-1.1033826608552915,0.08623360937088849,-1.142242830393228,-1.2174581718087358,0.059282264851805364,-1.1445276581888857,-1.2177385759691426,0.04006176122683878,-1.1430030614895095,-1.2078603669032135,0.03271156977713072,-1.1961044509329692,-1.084932645454609,0.07859404759345243,-1.2011785602995089,-1.1902752555031362,0.05109357288789735,-1.1965826735146727,-1.1847683588668754,0.04431994259136113,-1.189569678517884,-1.1739698128746507,0.04640240668992277,-1.2534743082842215,-1.0514185814190364,0.06831408153364195,-1.2585090042990572,-1.1312503534565639,0.04859510019578831,-1.250506076089336,-1.1303026137151762,0.04960909501826847,-1.2421525877618464,-1.1247416975423248,0.055709396408965065,0.4886764225033469,-0.022570366586780088,-0.006673318721644794,-0.4886764225033469,0.022570366586780088,0.006673318721644794,0.6814165478224744,1.2062581367907799,-0.2353062465024108,-0.9241437306770005,1.0397015400354988,-1.1353946377177533,0.5947335501347674,1.6085462191383393,-1.1901887830822904,-0.798219227989683,0.14148362083289603,-3.225644273306933
Aliya,Goodbye,-2.032087786269646,-1.8949902048357088,0.02683294804834954,-2.032087786269646,-1.8949902048357088,0.02683294804834954,-2.032087786269646,-1.8949902048357088,0.02683294804834954,-2.032087786269646,-1.8949902048357088,0.02683294804834954,-2.032087786269646,-1.8949902048357088,0.02683294804834954,-2.032087786269646,-1.8949902048357088,0.02683294804834954,-2.032087786269646,-1.8949902048357088,0.02683294804834954,-2.032087786269646,-1.8949902048357088,0.02683294804834954,-2.032087786269646,-1.8949902048357088,0.02683294804834954,-2.032087786269646,-1.8949902048357088,0.02683294804834954,-2.032087786269646,-1.8949902048357088,0.02683294804834954,-2.032087786269646,-1.8949902048357088,0.02683294804834954,-2.032087786269646,-1.8949902048357088,0.02683294804834954,-2.032087786269646,-1.8949902048357088,0.02683294804834954,-2.032087786269646,-1.8949902048357088,0.02683294804834954,-2.032087786269646,-1.8949902048357088,0.02683294804834954,-2.032087786269646,-1.8949902048357088,0.02683294804834954,-2.032087786269646,-1.8949902048357088,0.02683294804834954,-2.032087786269646,-1.8949902048357088,0.02683294804834954,-2.032087786269646,-1.8949902048357088,0.02683294804834954,-2.032087786269646,-1.8949902048357088,0.02683294804834954,-1.068871913739782,-0.7388103490090101,0.026833108971800784,-0.9704871784348488,-0.8156305717325706,0.005552245030437006,-0.9102697592808294,-0.9362815969792408,0.0028712161636964186,-0.8807217147618278,-1.0386001386390797,-0.0023227535464945587,-0.8499271718031183,-1.104461415294823,-0.0070714780896771025,-0.9769861901252735,-1.0412236695692951,0.035677687325023515,-0.9720399683690327,-1.150864425422151,0.01243143884885795,-0.9751819048049649,-1.1714859176643462,-0.008249606366209094,-0.9794753249817417,-1.177006766161147,-0.019066407741478185,-1.037779201516817,-1.0442056396594708,0.03331962489173607,-1.0332726459922583,-1.1553075179578243,0.010627622215683733,-1.0319621085257014,-1.1644319366150155,-0.007453009234287711,-1.0302410294189241,-1.163660352905572,-0.015443547367486597,-1.0959081207234134,-1.0302017396797862,0.025290723812735214,-1.0908043809959616,-1.1349030985774888,0.0018106429989823798,-1.0831243819656804,-1.136602733695652,-0.0059351608290124916,-1.0756847089895025,-1.1294809458244768,-0.00579572658865869,-1.1542799675021536,-1.001684039281394,0.014719383099512304,-1.1542061172356806,-1.0851482717029206,-0.0014261061267140788,-1.144516136511481,-1.0968661543515947,-0.0011430451421644288,-1.1363240351698385,-1.098367655363081,0.003301408575915718,0.4871931710376398,-0.019931995094707528,-0.04255895613778294,-0.4871931710376398,0.019931995094707528,0.04255895613778294,0.6820376094482135,1.2103167486876605,-0.307984140577752,-0.9387522617539694,0.9865972249447359,-1.0943077009591529,0.4871277099045587,1.568666558587775,-1.1809855984433084,-0.7770222127453963,0.05340671722093629,-3.1394464606616626
Aliya,Goodbye,-1.9663149122463417,-1.8373764376034514,0.042907977286520904,-1.9663149122463417,-1.8373764376034514,0.042907977286520904,-1.9663149122463417,-1.8373764376034514,0.042907977286520904,-1.9663149122463417,-1.8373764376034514,0.042907977286520904,-1.9663149122463417,-1.8373764376034514,0.042907977286520904,-1.9663149122463417,-1.8373764376034514,0.042907977286520904,-1.9663149122463417,-1.8373764376034514,0.042907977286520904,-1.9663149122463417,-1.8373764376034514,0.042907977286520904,-1.9663149122463417,-1.8373764376034514,0.042907977286520904,-1.9663149122463417,-1.8373764376034514,0.042907977286520904,-1.9663149122463417,-1.8373764376034514,0.042907977286520904,-1.9663149122463417,-1.8373764376034514,0.042907977286520904,-1.9663149122463417,-1.8373764376034514,0.042907977286520904,-1.9663149122463417,-1.8373764376034514,0.042907977286520904,-1.9663149122463417,-1.8373764376034514,0.042907977286520904,-1.9663149122463417,-1.8373764376034514,0.042907977286520904,-1.9663149122463417,-1.8373764376034514,0.042907977286520904,-1.9663149122463417,-1.8373764376034514,0.042907977286520904,-1.9663149122463417,-1.8373764376034514,0.042907977286520904,-1.9663149122463417,-1.8373764376034514,0.042907977286520904,-1.9663149122463417,-1.8373764376034514,0.042907977286520904,-1.151645787903905,-0.8856222789966822,0.042908099400325715,-1.0654083086382262,-0.9531475985132788,0.024414908121328623,-1.010986835352429,-1.0583978453083762,0.021103189564847268,-0.9824802046902947,-1.1490841423179778,0.015756478308123503,-0.9529013730886682,-1.2059089162498224,0.010689699851209341,-1.0697875067571117,-1.1572528729667275,0.049311725462308005,-1.0680625997764115,-1.256209320461646,0.028924216984851394,-1.0730207095268511,-1.2789412722946472,0.009971192209580473,-1.0774155360317579,-1.289024122750597,-0.001150273855565795,-1.1228743977058948,-1.1597020292301714,0.04640799542314385,-1.122838639172403,-1.260301950409471,0.025776240435470575,-1.1237374190653453,-1.2741442870704056,0.008963674191993376,-1.1230899926095028,-1.2779363432421729,0.000594036177882023,-1.1725426373042915,-1.1466615420931283,0.03876879010140814,-1.1739514964104387,-1.2412886909248344,0.01836647057469057,-1.1693353082699012,-1.2500129468302121,0.012032044273046077,-1.1635985507169124,-1.2505872334599697,0.011478833693953503,-1.221591201042324,-1.1209862980741425,0.028776163634560377,-1.2225757296002933,-1.1922860971489981,0.014327350163154964,-1.2146668660108693,-1.2017579989910026,0.014726801260302113,-1.2067232404049641,-1.2055658592560234,0.018254438827868154,0.4734998628723071,-0.007023325515252959,-0.1418817254117812,-0.4734998628723071,0.007023325515252959,0.1418817254117812,0.653029785168831,1.212565392803718,-0.7281683771896555,-0.9139745011126432,0.9460872659417356,-0.9040836218216564,0.26029569552148357,1.2049904847544735,-1.7755684208317128,-0.7482264384742425,0.16260549829832546,-2.8647315722373565
Aliya,Goodbye,-1.939830291740546,-1.8274680925123847,0.01522197056058705,-1.939830291740546,-1.8274680925123847,0.01522197056058705,-1.939830291740546,-1.8274680925123847,0.01522197056058705,-1.939830291740546,-1.8274680925123847,0.01522197056058705,-1.939830291740546,-1.8274680925123847,0.01522197056058705,-1.939830291740546,-1.8274680925123847,0.01522197056058705,-1.939830291740546,-1.8274680925123847,0.01522197056058705,-1.939830291740546,-1.8274680925123847,0.01522197056058705,-1.939830291740546,-1.8274680925123847,0.01522197056058705,-1.939830291740546,-1.8274680925123847,0.01522197056058705,-1.939830291740546,-1.8274680925123847,0.01522197056058705,-1.939830291740546,-1.8274680925123847,0.01522197056058705,-1.939830291740546,-1.8274680925123847,0.01522197056058705,-1.939830291740546,-1.8274680925123847,0.01522197056058705,-1.939830291740546,-1.8274680925123847,0.01522197056058705,-1.939830291740546,-1.8274680925123847,0.01522197056058705,-1.939830291740546,-1.8274680925123847,0.01522197056058705,-1.939830291740546,-1.8274680925123847,0.01522197056058705,-1.939830291740546,-1.8274680925123847,0.01522197056058705,-1.939830291740546,-1.8274680925123847,0.01522197056058705,-1.939830291740546,-1.8274680925123847,0.01522197056058705,-1.1532545343868958,-0.9022517821254216,0.01522210034469014,-1.0679147649985454,-0.9681401450515238,-0.002653637512279572,-1.0151812432879854,-1.0712112671621385,-0.004975274259113645,-0.9904212379822276,-1.162351377657241,-0.009486319962919485,-0.9652323851305514,-1.2226491234034895,-0.013493744195827098,-1.0714552997607178,-1.1681031783912,0.025847187770735854,-1.0669487660857937,-1.2664088162692473,0.007108305648638927,-1.0698373436511701,-1.285424818849646,-0.010637852510238088,-1.0726601593386207,-1.2886059764707656,-0.020355302770314856,-1.1244279960332024,-1.170771475840721,0.024338306135950297,-1.1208969827344897,-1.2685870111795128,0.005775938644623053,-1.1211430966535627,-1.2741254139634148,-0.009630787332721671,-1.1199235124125022,-1.2681509027080269,-0.016541393176567425,-1.1744523068384998,-1.1588056456008609,0.01799016336271772,-1.1718090815033533,-1.2505101172367008,-0.0006841877213346577,-1.1676135955678337,-1.2519269646731799,-0.00552111237311966,-1.1623543258768732,-1.24426960860193,-0.004549818176787713,-1.2238967761175346,-1.1345594206830945,0.0093994330272593,-1.2219954248048608,-1.207067907921094,-0.003064461511889659,-1.2132708801210281,-1.2117939136294988,-0.0007799233047626541,-1.2055291382792241,-1.2074577690061459,0.004534970679806272,0.47947168895397824,-0.021177970960567553,-0.10652299974103284,-0.47947168895397824,0.021177970960567553,0.10652299974103284,0.6712844092236063,1.20619204195126,-0.8537367482909021,-0.881577665396692,0.9873833837135212,-0.9263851771496828,0.15189352769772954,1.014514494837032,-2.068430602815827,-0.7587103622642977,0.24878119589354175,-2.8423940166316477
Aliya,Goodbye,-1.8760400173236387,-1.751815729703775,0.09094812091617854,-1.876686391121013,-1.7521214841553305,0.09100945475667122,-1.877452955212438,-1.752465030776099,0.09102180088363131,-1.8779690419496777,-1.7528070671095928,0.09098455191523536,-1.8783826653168616,-1.7530700699350736,0.09095223734231685,-1.8780287886810094,-1.7519783363284624,0.09110032905108026,-1.8787539773154593,-1.7522377179632194,0.09094202913271043,-1.879279618514859,-1.7524036921203427,0.090760621665572,-1.87967747716526,-1.752502665502237,0.09063489152554771,-1.8779731617101387,-1.7520665481846223,0.09095445517208195,-1.8787852210189995,-1.7521915346612338,0.09082714834626411,-1.8793502492276493,-1.7522962080655637,0.09067504764148575,-1.8797993701770104,-1.7524127625908275,0.09056288377808508,-1.8777774628835873,-1.7522989516569254,0.09079214504013,-1.8784949717947146,-1.7527510844339975,0.09066997233458439,-1.8789094873393237,-1.7530927417378668,0.0906177029420673,-1.8792270033716998,-1.7534284482766251,0.09058270140124543,-1.8774707083769449,-1.7526098871518916,0.09062705629529906,-1.8779110562482957,-1.7531113841641859,0.09054661210917919,-1.8781781467625005,-1.7534709345819617,0.09058033975512117,-1.8783936834164958,-1.7538106617503566,0.09061625622881218,-1.1977773803766232,-0.9599540206356847,0.09094815661662364,-1.129984243731894,-1.0236735673056114,0.07308079836588177,-1.090135677016178,-1.1160841213012194,0.06927349350520241,-1.0757666807263773,-1.1953068123832475,0.06395268547849142,-1.0587751292613332,-1.25138094824508,0.059240436723254394,-1.1415684143142444,-1.1901381842217589,0.09306538624770767,-1.1413100634048194,-1.2715576572730745,0.07179528305136715,-1.1433161196256807,-1.2750446661263029,0.05502332798434161,-1.144614434872168,-1.2690307709847588,0.04717438030322357,-1.1862926684878132,-1.1856678060496475,0.09161638944270678,-1.1868626478826443,-1.2679412180573328,0.07059021276700535,-1.1856961122159773,-1.2639372453198776,0.056986968790105265,-1.1827378944476996,-1.2536571746161527,0.05232399423578882,-1.228627393398979,-1.1693429702184914,0.08568875858771363,-1.2291232291756986,-1.2433906649649362,0.06443059966189453,-1.2234473349405954,-1.2368317369523303,0.05966999023985861,-1.2167587976430934,-1.2258670331317283,0.06188471976440117,-1.2708035870483905,-1.1431533139812924,0.07789209938807137,-1.2754518475883256,-1.203347757648984,0.06344688771926525,-1.268759315632281,-1.202975134602598,0.06469715258973567,-1.2625713222871997,-1.196275930671744,0.06982941022289248,0.4647737025589501,-0.01777149970253175,-0.14179324624320513,-0.4647737025589501,0.01777149970253175,0.14179324624320513,0.6240161221834574,1.176253678031642,-0.8122863150089625,-0.8213266756909825,0.9524001833294509,-0.7946561357138516,0.1554107064491696,0.980297787396356,-1.9484264018139121,-0.7108024306323578,0.3001672269852035,-2.7172988857222022
Aliya,Goodbye,-1.9359085625203192,-1.8233640236202227,0.10763844526305355,-1.9359085625203192,-1.8233640236202227,0.10763844526305355,-1.9359085625203192,-1.8233640236202227,0.10763844526305355,-1.9359085625203192,-1.8233640236202227,0.10763844526305355,-1.9359085625203192,-1.8233640236202227,0.10763844526305355,-1.9359085625203192,-1.8233640236202227,0.10763844526305355,-1.9359085625203192,-1.8233640236202227,0.10763844526305355,-1.9359085625203192,-1.8233640236202227,0.10763844526305355,-1.9359085625203192,-1.8233640236202227,0.10763844526305355,-1.9359085625203192,-1.8233640236202227,0.10763844526305355,-1.9359085625203192,-1.8233640236202227,0.10763844526305355,-1.9359085625203192,-1.8233640236202227,0.10763844526305355,-1.9359085625203192,-1.8233640236202227,0.10763844526305355,-1.9359085625203192,-1.8233640236202227,0.10763844526305355,-1.9359085625203192,-1.8233640236202227,0.10763844526305355,-1.9359085625203192,-1.8233640236202227,0.10763844526305355,-1.9359085625203192,-1.8233640236202227,0.10763844526305355,-1.9359085625203192,-1.8233640236202227,0.10763844526305355,-1.9359085625203192,-1.8233640236202227,0.10763844526305355,-1.9359085625203192,-1.8233640236202227,0.10763844526305355,-1.9359085625203192,-1.8233640236202227,0.10763844526305355,-1.0945351355219393,-0.8086329044471955,0.10763861821381965,-1.0123276628930886,-0.8887995961941918,0.08788833896738904,-0.9644056412231499,-0.9992078094952865,0.08284870681309058,-0.9424696603403713,-1.0932318941518746,0.07559420092857941,-0.921540535337983,-1.1611062656998756,0.06825587452304525,-1.0214736227951648,-1.0880297452940801,0.10992375976780193,-1.0218134176463922,-1.1908884503537633,0.08541118487139719,-1.028950304686049,-1.2170199715823355,0.06447100845285471,-1.0349297921326062,-1.2298554557753745,0.05287814788796723,-1.0753354219768174,-1.0866291492839266,0.10606993623259502,-1.0761882190516392,-1.1906875718390004,0.08171273332166124,-1.0794225193824467,-1.2097027989548836,0.06370798010441332,-1.0796722874541878,-1.2189351026805482,0.055212536749424564,-1.1265492402065727,-1.0697416643939557,0.09721482354432084,-1.1276618594282082,-1.1679666036952967,0.07277462429997762,-1.1241966370031415,-1.182475710528793,0.06522166427610597,-1.118440270503424,-1.189655940079729,0.06484089711870161,-1.1775364216032849,-1.0398554031452436,0.08611529513708466,-1.1783908703742518,-1.1155612399019545,0.0681371268624169,-1.1709137129916767,-1.1287852232465918,0.06797200031463095,-1.1635506502916955,-1.1359204281053608,0.07195014983695933,0.4654964571505104,-0.012081217494275395,-0.16838089608995552,-0.4654964571505104,0.012081217494275395,0.16838089608995552,0.6312464584456949,1.2367089079846856,-0.9621849862267413,-0.853738271590525,0.942250051921976,-0.922014876141355,0.049735743309492646,0.8672481569752782,-2.156087988978139,-0.7433980343648007,0.09292572435720492,-2.916805753345457
Aliya,Goodbye,-1.913817475585691,-1.8025136076225678,0.04846211194943083,-1.913817475585691,-1.8025136076225678,0.04846211194943083,-1.913817475585691,-1.8025136076225678,0.04846211194943083,-1.913817475585691,-1.8025136076225678,0.04846211194943083,-1.913817475585691,-1.8025136076225678,0.04846211194943083,-1.913817475585691,-1.8025136076225678,0.04846211194943083,-1.913817475585691,-1.8025136076225678,0.04846211194943083,-1.913817475585691,-1.8025136076225678,0.04846211194943083,-1.913817475585691,-1.8025136076225678,0.04846211194943083,-1.913817475585691,-1.8025136076225678,0.04846211194943083,-1.913817475585691,-1.8025136076225678,0.04846211194943083,-1.913817475585691,-1.8025136076225678,0.04846211194943083,-1.913817475585691,-1.8025136076225678,0.04846211194943083,-1.913817475585691,-1.8025136076225678,0.04846211194943083,-1.913817475585691,-1.8025136076225678,0.04846211194943083,-1.913817475585691,-1.8025136076225678,0.04846211194943083,-1.913817475585691,-1.8025136076225678,0.04846211194943083,-1.913817475585691,-1.8025136076225678,0.04846211194943083,-1.913817475585691,-1.8025136076225678,0.04846211194943083,-1.913817475585691,-1.8025136076225678,0.04846211194943083,-1.913817475585691,-1.8025136076225678,0.04846211194943083,-1.1324515221907703,-0.8049677975273101,0.04846222945481307,-1.0563094389902956,-0.891831100238263,0.029842317695517193,-1.0187135486641692,-1.0089314663441806,0.025871669752949526,-1.0033765055244392,-1.1065103280500692,0.019815018262969893,-0.9792581192044709,-1.1728244425093832,0.014055111187531957,-1.0787605973719057,-1.0903862861723825,0.053882966766902705,-1.0867787880867212,-1.1883246545491544,0.03192108696449394,-1.092041940388163,-1.2065670782896765,0.013117125435272547,-1.0948127713921771,-1.2112882001251273,0.0031048833180734015,-1.131822262723898,-1.0817467320348213,0.05118169011528915,-1.1398885196393906,-1.180839961333839,0.02943739778465692,-1.1404895779819382,-1.1882749215985464,0.013590355187226604,-1.1375956580815145,-1.1856392610594586,0.006904798956533524,-1.1810544735191881,-1.058848911011385,0.04360990113689411,-1.1869163801224116,-1.1496967820823343,0.02172182698234473,-1.181766845659596,-1.154281128647406,0.01605063536136653,-1.1738375593206078,-1.1515388810670388,0.017083116883893218,-1.2289947818031306,-1.0238348468758063,0.03393159023414478,-1.2366678360768473,-1.095592199118185,0.019106679673601887,-1.230228565159544,-1.1023080199304796,0.020710919507167722,-1.2231575702121817,-1.1025279894355764,0.02585506246030613,0.4669281213553482,-0.014574760163165808,-0.1493843620343376,-0.4669281213553482,0.014574760163165808,0.1493843620343376,0.6249692939324734,1.1997116643920174,-0.8880059116665776,-0.8365594021950198,0.980032844191804,-0.8332909574599364,0.08237222025078005,0.9384833902629633,-2.080017326956502,-0.7327618229321147,0.2176552388075501,-2.75127381949226
Aliya,Goodbye,-1.9669169676879796,-1.8162918079375228,0.07147935626731086,-1.9677402459203381,-1.816040787656165,0.07106623847453318,-1.9685023086933287,-1.8160527472780583,0.07067243803562567,-1.9690193192822731,-1.8160767485172935,0.07027455328993625,-1.9692709369590435,-1.8162602133340444,0.06985628544570384,-1.9696556215356253,-1.8172379534215395,0.07092393198712084,-1.9707847135080199,-1.8175485697521503,0.07038981775153559,-1.9714738881838212,-1.8176887234014671,0.06994803084889367,-1.9720354925832921,-1.8178175763208901,0.06963990842450113,-1.969473644350589,-1.817682989576867,0.07076223069340837,-1.9706814519538576,-1.8181817591068559,0.07029871769645418,-1.9714144707675105,-1.8185053307183814,0.06992387696634518,-1.9720306079972691,-1.818817311687533,0.06965481347665768,-1.9691037277400227,-1.8180515444773004,0.0705436075368332,-1.9700438553437776,-1.8188065409996481,0.07011452407194169,-1.9705352335697368,-1.8193618961745546,0.06990607114216081,-1.9709193822474917,-1.819847420511149,0.0697676514769561,-1.9685653397662057,-1.8183842000131925,0.07027621031180223,-1.9691006177697852,-1.8190598659387995,0.06996872024070365,-1.9694252963198697,-1.8194590490677793,0.06990292511588873,-1.9696716165049641,-1.8197620983898266,0.0698542419653776,-1.20725913033903,-0.9412741535765932,0.0714795058029971,-1.1267241322966697,-1.0150674792517185,0.05152573731178547,-1.0798857969981104,-1.1235341178389657,0.04730598571082232,-1.0606243275041871,-1.2173656409403286,0.04156191653653801,-1.0392327490542697,-1.2805958164148812,0.03628767946120551,-1.1376063372757856,-1.21728401348198,0.07467364914678366,-1.1387209077307119,-1.3185868479732765,0.053722261998493066,-1.1428077775011467,-1.3432933899456805,0.0354021732093383,-1.145791192548471,-1.3572271927335637,0.02478513167919476,-1.190797060724222,-1.2153147167265856,0.07260673422647168,-1.193657358574611,-1.313790974697728,0.05084763261670628,-1.1933905757954792,-1.3241133908220741,0.034919665355114836,-1.1911494888973853,-1.3267571528572173,0.027663374932114248,-1.2400004445665775,-1.1982272002553735,0.0658662670958904,-1.2429319495898477,-1.294799782411861,0.04415784119918073,-1.237577726000417,-1.3016934247216878,0.03906998579532776,-1.2308003221807735,-1.3023428806063504,0.039787661347369836,-1.2883708704402996,-1.1671902531434852,0.05677445850476197,-1.2917851429217209,-1.2371533686709104,0.03994835456097141,-1.2844416657712638,-1.2445755763697388,0.04022175229591235,-1.2767920273718263,-1.2473904862375889,0.04445200278720718,0.47375004174950297,-0.016020140599333793,-0.11453280775216837,-0.47375004174950297,0.016020140599333793,0.11453280775216837,0.6280982611499156,1.2243888766521456,-0.6793992236885996,-0.8705053947656797,0.9776166844862814,-0.9528526051658872,0.2634392994235538,1.1933545891443327,-1.8617286640387618,-0.7658357673770478,0.19641237867148997,-3.058593592385324
Aliya,Goodbye,-2.0667930697881647,-1.9054526774348783,0.09915444925785437,-2.0667930697881647,-1.9054526774348783,0.09915444925785437,-2.0667930697881647,-1.9054526774348783,0.09915444925785437,-2.0667930697881647,-1.9054526774348783,0.09915444925785437,-2.0667930697881647,-1.9054526774348783,0.09915444925785437,-2.0667930697881647,-1.9054526774348783,0.09915444925785437,-2.0667930697881647,-1.9054526774348783,0.09915444925785437,-2.0667930697881647,-1.9054526774348783,0.09915444925785437,-2.0667930697881647,-1.9054526774348783,0.09915444925785437,-2.0667930697881647,-1.9054526774348783,0.09915444925785437,-2.0667930697881647,-1.9054526774348783,0.09915444925785437,-2.0667930697881647,-1.9054526774348783,0.09915444925785437,-2.0667930697881647,-1.9054526774348783,0.09915444925785437,-2.0667930697881647,-1.9054526774348783,0.09915444925785437,-2.0667930697881647,-1.9054526774348783,0.09915444925785437,-2.0667930697881647,-1.9054526774348783,0.09915444925785437,-2.0667930697881647,-1.9054526774348783,0.09915444925785437,-2.0667930697881647,-1.9054526774348783,0.09915444925785437,-2.0667930697881647,-1.9054526774348783,0.09915444925785437,-2.0667930697881647,-1.9054526774348783,0.09915444925785437,-2.0667930697881647,-1.9054526774348783,0.09915444925785437,-1.1917564969227141,-0.9188546180394976,0.09915457099627283,-1.1050675176058264,-0.9947462264894906,0.07492799657564402,-1.0523743754137538,-1.1101283733422322,0.06921674627060884,-1.0295770269437736,-1.2110482379498781,0.062257510669589115,-1.0067233555012252,-1.283821527699392,0.055932032101514706,-1.117869170862178,-1.2056134191544483,0.09922090337258803,-1.119359769525298,-1.3127862200334255,0.07336156093370048,-1.123547382370825,-1.3294733470848143,0.05234038941250895,-1.1265193957193034,-1.3312812776788683,0.04179080723259671,-1.176379727082315,-1.2024726273602389,0.09829733319255532,-1.1789751587987418,-1.3107026641973334,0.07314680530524673,-1.1787167092099435,-1.3157300105488317,0.05561922288395352,-1.17590020062876,-1.309540312411604,0.0485910724656486,-1.23111249080316,-1.1833540707798293,0.09194741094010826,-1.2336876587191534,-1.2822187997998327,0.06657786448890327,-1.2278735282602182,-1.281770261285869,0.06025523949220473,-1.2200735510931469,-1.273383929810229,0.061823834919712425,-1.284188228953718,-1.1509681836479806,0.08309229184091386,-1.2895532112887245,-1.2282190752651427,0.06537997643935281,-1.2813078813469883,-1.2322065329145009,0.06653395011376935,-1.2729604008609534,-1.2274202088976962,0.07217034415153394,0.48502514346575676,-0.012959106620774943,-0.07664972264646251,-0.48502514346575676,0.012959106620774943,0.07664972264646251,0.6701204441243593,1.2352389213368387,-0.43199770039145663,-0.8639774353596152,0.9782807195789772,-0.9699612328905053,0.46624998677098306,1.5588597144879544,-1.431324234332978,-0.7563991452843135,0.16565570949832942,-2.935350248272056
Aliya,Goodbye,-2.023894344479812,-1.8208460657517846,0.28324788219049063,-2.023894344479812,-1.8208460657517846,0.28324788219049063,-2.023894344479812,-1.8208460657517846,0.28324788219049063,-2.023894344479812,-1.8208460657517846,0.28324788219049063,-2.023894344479812,-1.8208460657517846,0.28324788219049063,-2.023894344479812,-1.8208460657517846,0.28324788219049063,-2.023894344479812,-1.8208460657517846,0.28324788219049063,-2.023894344479812,-1.8208460657517846,0.28324788219049063,-2.023894344479812,-1.8208460657517846,0.28324788219049063,-2.023894344479812,-1.8208460657517846,0.28324788219049063,-2.023894344479812,-1.8208460657517846,0.28324788219049063,-2.023894344479812,-1.8208460657517846,0.28324788219049063,-2.023894344479812,-1.8208460657517846,0.28324788219049063,-2.023894344479812,-1.8208460657517846,0.28324788219049063,-2.023894344479812,-1.8208460657517846,0.28324788219049063,-2.023894344479812,-1.8208460657517846,0.28324788219049063,-2.023894344479812,-1.8208460657517846,0.28324788219049063,-2.023894344479812,-1.8208460657517846,0.28324788219049063,-2.023894344479812,-1.8208460657517846,0.28324788219049063,-2.023894344479812,-1.8208460657517846,0.28324788219049063,-2.023894344479812,-1.8208460657517846,0.28324788219049063,-1.1945543432492343,-0.9892406498665364,0.2832480935379875,-1.1135485751363092,-1.0554601822155363,0.2638472274153746,-1.0656397587296056,-1.157215743560163,0.2596908895668994,-1.041398101114855,-1.2449496720489515,0.2543953260815326,-1.0132061058762556,-1.3024490523643697,0.2491235662270813,-1.1196444981124063,-1.246119862757809,0.282022638796601,-1.115737638493723,-1.3460592063685957,0.26228616151909007,-1.1195856189044648,-1.3766019124600233,0.24593786027155898,-1.1235326394787772,-1.3961270349718569,0.2366146285985471,-1.170890699735647,-1.2479993475069768,0.27976304112591527,-1.168567187001979,-1.350578395530028,0.26080440424948387,-1.1689981404217233,-1.3745732733723302,0.24688938893575868,-1.1677787033574445,-1.390584103098955,0.24022959460629592,-1.219801533899411,-1.2343107009933316,0.27324558688481543,-1.2176209411135086,-1.3291793859923673,0.25332877303006884,-1.2123667889915712,-1.3477103771675232,0.2470571556544519,-1.2056361812460221,-1.3604762041267098,0.24638305017740164,-1.2687362862462468,-1.2081383136276944,0.26463440818253464,-1.2698124651748892,-1.2795260445845797,0.24973036665988002,-1.2633638150417144,-1.2918772107337253,0.2501108386082408,-1.2571903895220924,-1.298600210010332,0.25367890485080363,0.4860927490772238,0.004289126110849018,0.02121979769339599,-0.4860927490772238,-0.004289126110849018,-0.02121979769339599,0.6625648363885203,1.2473663745734718,-0.08961416411585599,-0.876265092524891,0.9419560529598276,-0.9385157706623939,0.6154369595079361,1.7363144179791983,-0.9736589433429339,-0.7124106434235106,0.33497034135922543,-2.6830570911379827
Aliya,Goodbye,-1.9804235868513804,-1.821136629795841,0.06581304605854282,-1.9820496219226027,-1.825285970099928,0.06507672162889816,-1.9831269222499528,-1.83046050960309,0.06470031914751329,-1.9836683242952446,-1.8341819726657327,0.06415225847406052,-1.9841938509198538,-1.8369229530580207,0.06359560632344767,-1.9817688631866834,-1.8389974417063029,0.06654883155024023,-1.981523114196179,-1.845630333283944,0.06566409185831981,-1.981196902970093,-1.8496153628122856,0.06453342233264289,-1.9808923132154095,-1.8529322263808885,0.06368460255157302,-1.9806336201637047,-1.8393381927345236,0.06590321327609902,-1.9804729164361647,-1.8464424226860892,0.06526009224552833,-1.9803886761782683,-1.8507603068505092,0.06415276208222323,-1.9803264236976732,-1.8543595134302784,0.06331118841821892,-1.979484083203539,-1.83857448940681,0.0649838373538581,-1.9792620163724977,-1.845169561182347,0.06440812875389161,-1.9792141993413823,-1.8491285479059176,0.06387776590484406,-1.9791625147071357,-1.8525166775399775,0.06343854286738747,-1.97828910043053,-1.8366443005934607,0.0638861364833096,-1.9779526335377504,-1.841616621537304,0.06353683726974682,-1.977904263403326,-1.8445969812363983,0.0636068556716797,-1.9778454453588425,-1.8470295754893478,0.06364950695367158,-1.1798885644551071,-0.8077557355271233,0.06581305113360295,-1.0944743600290179,-0.8688676511769241,0.04692861405734778,-1.037837330406065,-0.9657403384182996,0.0439115812305009,-1.0164509160617643,-1.0559393252644853,0.03858099545097192,-1.0044389352050582,-1.119555460186467,0.03398363296750752,-1.0895678118531895,-1.0678473939785522,0.07413766734582912,-1.0831182111040267,-1.1672998740341927,0.049641969344166356,-1.0869490252020677,-1.1680084596488203,0.02924968176206083,-1.0897569212123939,-1.1566737830935392,0.01946152141991234,-1.1414092778546934,-1.0729524645712518,0.07134027229260954,-1.134993559287669,-1.174797388640941,0.045952647701871026,-1.1354959218362861,-1.1647176105154444,0.02923578767539535,-1.1336007030278625,-1.1484596544112189,0.02378767468876978,-1.191885948864202,-1.063299337997737,0.06320816576865781,-1.1863489653060637,-1.1591371757869582,0.03682458213853527,-1.1814528826104096,-1.1425859738370392,0.03190464119733612,-1.1754553554087437,-1.124192222048305,0.035548606551228434,-1.2433520202599222,-1.0405502427601476,0.05304460241156545,-1.2398715387583463,-1.112697564998215,0.03399352427330883,-1.2336766330857107,-1.1013925987894762,0.03604750751666699,-1.2289185710923,-1.0868353114232816,0.04312594399137214,0.4865282027547921,-0.0151008251976511,0.08445373986875965,-0.4865282027547921,0.0151008251976511,-0.08445373986875965,0.7265650808475739,1.2102593142940035,-0.06669850728798403,-0.8796140295602305,1.1081918474705836,-1.1644019578053941,0.6757398091420694,1.7836241660243994,-0.9929487606566695,-0.7441233350648649,0.36304132573534725,-3.1992072379303407
Aliya,Goodbye,-1.974151763565097,-1.827278180377814,0.04394653530431605,-1.974151763565097,-1.827278180377814,0.04394653530431605,-1.974151763565097,-1.827278180377814,0.04394653530431605,-1.974151763565097,-1.827278180377814,0.04394653530431605,-1.974151763565097,-1.827278180377814,0.04394653530431605,-1.974151763565097,-1.827278180377814,0.04394653530431605,-1.974151763565097,-1.827278180377814,0.04394653530431605,-1.974151763565097,-1.827278180377814,0.04394653530431605,-1.974151763565097,-1.827278180377814,0.04394653530431605,-1.974151763565097,-1.827278180377814,0.04394653530431605,-1.974151763565097,-1.827278180377814,0.04394653530431605,-1.974151763565097,-1.827278180377814,0.04394653530431605,-1.974151763565097,-1.827278180377814,0.04394653530431605,-1.974151763565097,-1.827278180377814,0.04394653530431605,-1.974151763565097,-1.827278180377814,0.04394653530431605,-1.974151763565097,-1.827278180377814,0.04394653530431605,-1.974151763565097,-1.827278180377814,0.04394653530431605,-1.974151763565097,-1.827278180377814,0.04394653530431605,-1.974151763565097,-1.827278180377814,0.04394653530431605,-1.974151763565097,-1.827278180377814,0.04394653530431605,-1.974151763565097,-1.827278180377814,0.04394653530431605,-1.09849907993019,-0.7395149404866679,0.043946583155867164,-0.9980289799003998,-0.8002867292684377,0.019914142174641554,-0.9281200919050252,-0.9089164205935958,0.014735247295411218,-0.8990840744103193,-1.010278330161873,0.007820431834290587,-0.8817844281065953,-1.0803524792870052,0.0013925595333710886,-0.9921110084883054,-1.02579606355335,0.045139153482768354,-0.9851753762827709,-1.135802994379029,0.01677314517774003,-0.9906437798508683,-1.142274680949323,-0.00561610717967744,-0.9950948389926405,-1.131928826787848,-0.015883777333576196,-1.0546114138347336,-1.03182135409835,0.043935656728619744,-1.0482458407179918,-1.1411153173353439,0.014866795381586237,-1.0499689378625032,-1.128024822559715,-0.002191909364227153,-1.0486646756020959,-1.1063814960364802,-0.006996077018836545,-1.1145927806038023,-1.0208444510212609,0.03706316929669357,-1.1096257610491167,-1.1219110085133148,0.007213712001323966,-1.1042004448077198,-1.0970514541793435,0.0031413878662281455,-1.097242568861117,-1.0685693626318231,0.0084764370790147,-1.1746226345273734,-0.9967097084219747,0.027796341959389525,-1.1717840766554415,-1.076560913166474,0.006931809865549144,-1.1620280377652856,-1.0609952060983132,0.01014559368664535,-1.1537378702644174,-1.0385566181393453,0.018840280933228877,0.4838597768358222,-0.011855721055328667,0.09155016183410208,-0.4838597768358222,0.011855721055328667,-0.09155016183410208,0.6871777691318685,1.2176164806575291,-0.14070652211680493,-0.927381133155536,1.0322653073231534,-1.2783945967900465,0.60209180519586,1.7133390684830268,-1.0987187024837843,-0.7550324583605997,0.15172614565872625,-3.33566629152075
Aliya,Goodbye,-1.9483143008490647,-1.8009444741872869,0.012802739167796517,-1.9492797190930564,-1.8019445734867072,0.01306762525922136,-1.9501061939578523,-1.8024465770854012,0.012958044846066297,-1.9506254912978327,-1.802993483342839,0.012695265785051802,-1.9509158897320709,-1.803612499798174,0.012440328837336938,-1.9511148674858305,-1.8010254442571973,0.013086719623902543,-1.9519501899104217,-1.8009049987542007,0.01285317564057426,-1.9524890981511005,-1.8008740655379054,0.012597478350880027,-1.9528913456977857,-1.8007198451587183,0.012378607188734242,-1.9509203147431904,-1.8010640972341265,0.012715733693068693,-1.9515005624867476,-1.8019839947460345,0.012403016853317317,-1.9511900902124173,-1.802758625323625,0.012210574463303824,-1.9508819055481756,-1.8030346135380129,0.012094603874384857,-1.950599037266416,-1.8012369853981194,0.012338058168721468,-1.9509113933100874,-1.802414159015625,0.012177099505046729,-1.950566924539644,-1.8029468298867073,0.0122970249707391,-1.9502668782514458,-1.8029377434698841,0.0123626369339225,-1.9502048837717894,-1.8015039807685411,0.011950272745580234,-1.9503927977665285,-1.802466788822334,0.011965856011992565,-1.9501852851833088,-1.8028365296512743,0.012149798316085803,-1.949946731036276,-1.8027958944072604,0.012259841303115583,-1.0987582952118746,-0.7669792375685273,0.012802838810671046,-1.0038100967646673,-0.8350327839741479,-0.009472487557497968,-0.9438747395993423,-0.9488329332219833,-0.012567471208651553,-0.91767568678153,-1.0503428227233214,-0.017476778562951465,-0.8949221439768545,-1.1201081517144167,-0.02215960553749651,-1.0049617836514144,-1.0538241356150424,0.018631282765119165,-1.0005102533710524,-1.1584307876857842,-0.005581168172236082,-1.006503386005368,-1.1753671882289114,-0.026414583115163707,-1.0119736307209113,-1.179151034570431,-0.03758958600899045,-1.0640601426894463,-1.057585003864386,0.016492288777223182,-1.0615688228944038,-1.1645296627717145,-0.008462031517179253,-1.0645389681669497,-1.1700906492583592,-0.026217626833453148,-1.065327482310222,-1.1676926825696885,-0.0334576369623058,-1.120598058308517,-1.0441130918130532,0.008732933414979304,-1.1199843115301473,-1.1451099937149956,-0.017847429097855815,-1.1170442195641144,-1.144257790602065,-0.024517503656990715,-1.11277224356976,-1.1400298227793804,-0.02299618585856127,-1.1772183874994726,-1.016454818822619,-0.0014477323144995214,-1.177436215806187,-1.095140024319581,-0.021292741930416338,-1.1712622079907509,-1.0973597739910816,-0.02069757167063973,-1.1661910196519412,-1.0955649149269822,-0.015302504827183863,0.4819917030024504,-0.0054445693859704655,0.10369057306519992,-0.4819917030024504,0.0054445693859704655,-0.10369057306519992,0.6746946813098426,1.2097073007013115,-0.14761721415756798,-0.9208455928865389,1.0252681190699313,-1.3277421555878899,0.6047753711116817,1.6941094009800874,-1.2012159681878973,-0.7337335509574137,0.09033311676538602,-3.447769501777506
Aliya,Goodbye,-1.9793089260325138,-1.8160634793061796,0.017627689829784545,-1.9793089260325138,-1.8160634793061796,0.017627689829784545,-1.9793089260325138,-1.8160634793061796,0.017627689829784545,-1.9793089260325138,-1.8160634793061796,0.017627689829784545,-1.9793089260325138,-1.8160634793061796,0.017627689829784545,-1.9793089260325138,-1.8160634793061796,0.017627689829784545,-1.9793089260325138,-1.8160634793061796,0.017627689829784545,-1.9793089260325138,-1.8160634793061796,0.017627689829784545,-1.9793089260325138,-1.8160634793061796,0.017627689829784545,-1.9793089260325138,-1.8160634793061796,0.017627689829784545,-1.9793089260325138,-1.8160634793061796,0.017627689829784545,-1.9793089260325138,-1.8160634793061796,0.017627689829784545,-1.9793089260325138,-1.8160634793061796,0.017627689829784545,-1.9793089260325138,-1.8160634793061796,0.017627689829784545,-1.9793089260325138,-1.8160634793061796,0.017627689829784545,-1.9793089260325138,-1.8160634793061796,0.017627689829784545,-1.9793089260325138,-1.8160634793061796,0.017627689829784545,-1.9793089260325138,-1.8160634793061796,0.017627689829784545,-1.9793089260325138,-1.8160634793061796,0.017627689829784545,-1.9793089260325138,-1.8160634793061796,0.017627689829784545,-1.9793089260325138,-1.8160634793061796,0.017627689829784545,-1.2079490753042137,-0.891594143838129,0.017627773013879577,-1.118600560241548,-0.953520392742532,-0.0048183884143444405,-1.0619788056076638,-1.0606812337253828,-0.0086929820818483,-1.038128144287923,-1.1582445007760231,-0.013724981648938078,-1.0225400940542058,-1.2249146609153048,-0.01826375442499816,-1.1201601609979386,-1.1626152289257499,0.022095637767542,-1.1174768587773654,-1.25896640377471,1.7683591309687497e-05,-1.1239118841066598,-1.2721371401098087,-0.01915859107242959,-1.128729026640831,-1.2742401254144289,-0.029640488485320894,-1.1765891963588144,-1.1673749475312338,0.021350170097009857,-1.1761668112253418,-1.265419595904942,-0.000838250098818294,-1.1785519463802427,-1.2668724556577344,-0.016687094309848556,-1.1780926537192347,-1.2607849896986514,-0.02331623425564038,-1.2299550933818224,-1.1562004791630054,0.015294780070739998,-1.2306388393450682,-1.252565966986135,-0.007944043184018283,-1.2275232641347815,-1.2496703556698745,-0.013147300012497408,-1.222368097766214,-1.242003721653025,-0.011595948019003256,-1.2828127705662695,-1.131068791786128,0.00676483196113533,-1.2855496007757725,-1.2052165991549249,-0.011304013360058245,-1.2797545068683103,-1.2059707196431773,-0.01096594177194956,-1.2734116288964086,-1.2015072431355263,-0.006161492040883734,0.49138952592267743,-0.006632434386826363,0.05984377402252331,-0.49138952592267743,0.006632434386826363,-0.05984377402252331,0.6998453652299141,1.2235317454907702,-0.24657126042821334,-0.9501241506456579,1.0086930186705556,-1.1976866367071508,0.5907914203915098,1.6505274442564923,-1.3461911784751301,-0.8077238305216259,0.17472464819956246,-3.3505673011014903
Aliya,Goodbye,-2.018664108465054,-1.8395753596208095,-0.02153883396638735,-2.018664108465054,-1.8395753596208095,-0.02153883396638735,-2.018664108465054,-1.8395753596208095,-0.02153883396638735,-2.018664108465054,-1.8395753596208095,-0.02153883396638735,-2.018664108465054,-1.8395753596208095,-0.02153883396638735,-2.018664108465054,-1.8395753596208095,-0.02153883396638735,-2.018664108465054,-1.8395753596208095,-0.02153883396638735,-2.018664108465054,-1.8395753596208095,-0.02153883396638735,-2.018664108465054,-1.8395753596208095,-0.02153883396638735,-2.018664108465054,-1.8395753596208095,-0.02153883396638735,-2.018664108465054,-1.8395753596208095,-0.02153883396638735,-2.018664108465054,-1.8395753596208095,-0.02153883396638735,-2.018664108465054,-1.8395753596208095,-0.02153883396638735,-2.018664108465054,-1.8395753596208095,-0.02153883396638735,-2.018664108465054,-1.8395753596208095,-0.02153883396638735,-2.018664108465054,-1.8395753596208095,-0.02153883396638735,-2.018664108465054,-1.8395753596208095,-0.02153883396638735,-2.018664108465054,-1.8395753596208095,-0.02153883396638735,-2.018664108465054,-1.8395753596208095,-0.02153883396638735,-2.018664108465054,-1.8395753596208095,-0.02153883396638735,-2.018664108465054,-1.8395753596208095,-0.02153883396638735,-1.2453958281602997,-0.7390405225703208,-0.021538852939473704,-1.1646163957333062,-0.8131249527571557,-0.04351733431183981,-1.118333546214805,-0.9270244516284104,-0.04686985872168975,-1.1060673699698325,-1.0206033986239935,-0.05170024390899716,-1.0931685026292126,-1.085975843816281,-0.05545301833365761,-1.185721816141769,-1.0134017231675165,-0.017743470201248283,-1.1867015821995033,-1.1013289953852436,-0.04283543084168896,-1.1874070942833506,-1.090518914446409,-0.062138791868265736,-1.1875280533519148,-1.072833738488618,-0.07049746922664143,-1.2399058295292296,-1.0051367492448595,-0.01851408998495212,-1.2415935863241805,-1.0935216415350162,-0.043136931865869164,-1.2370851539434051,-1.0742995318538917,-0.05726591147205252,-1.2311892544625707,-1.0536361580611036,-0.06087666919261069,-1.291902812481409,-0.9828125734423889,-0.02498458506501661,-1.293868170394766,-1.0648010710386815,-0.050981361348823966,-1.2826853647897243,-1.0434136481341312,-0.0548679509099266,-1.2718302840000475,-1.021971688776615,-0.05043438023942757,-1.344585857402059,-0.9476071315222212,-0.03365493895761828,-1.3534882487675008,-1.0149917659393153,-0.0519070981714655,-1.3442542375951962,-1.005766914226274,-0.049780146307919916,-1.3369036072101461,-0.9922306144177044,-0.04278658839672084,0.486217105751404,-0.020093964641302486,-0.04062340600624773,-0.486217105751404,0.020093964641302486,0.04062340600624773,0.7003900788778201,1.2096639361093828,-0.4139513690821451,-0.8579055670765755,1.1854016283471598,-0.8674867021478548,0.3958979223450042,1.4071116508790142,-1.4143194707278508,-0.786739381812117,0.4612861531983222,-2.8291498466903384
Aliya,Goodbye,-2.0416570749462446,-1.8658384358991558,-0.08247511094965995,-2.0416570749462446,-1.8658384358991558,-0.08247511094965995,-2.0416570749462446,-1.8658384358991558,-0.08247511094965995,-2.0416570749462446,-1.8658384358991558,-0.08247511094965995,-2.0416570749462446,-1.8658384358991558,-0.08247511094965995,-2.0416570749462446,-1.8658384358991558,-0.08247511094965995,-2.0416570749462446,-1.8658384358991558,-0.08247511094965995,-2.0416570749462446,-1.8658384358991558,-0.08247511094965995,-2.0416570749462446,-1.8658384358991558,-0.08247511094965995,-2.0416570749462446,-1.8658384358991558,-0.08247511094965995,-2.0416570749462446,-1.8658384358991558,-0.08247511094965995,-2.0416570749462446,-1.8658384358991558,-0.08247511094965995,-2.0416570749462446,-1.8658384358991558,-0.08247511094965995,-2.0416570749462446,-1.8658384358991558,-0.08247511094965995,-2.0416570749462446,-1.8658384358991558,-0.08247511094965995,-2.0416570749462446,-1.8658384358991558,-0.08247511094965995,-2.0416570749462446,-1.8658384358991558,-0.08247511094965995,-2.0416570749462446,-1.8658384358991558,-0.08247511094965995,-2.0416570749462446,-1.8658384358991558,-0.08247511094965995,-2.0416570749462446,-1.8658384358991558,-0.08247511094965995,-2.0416570749462446,-1.8658384358991558,-0.08247511094965995,-1.176315362241668,-0.7548547445919712,-0.08247501307946546,-1.0879089596499723,-0.83287426385067,-0.10522370512672058,-1.0373718189486638,-0.9477420698233058,-0.10904585654814443,-1.018971999199256,-1.0460385816575237,-0.11517140783714723,-0.9964703672441305,-1.1140506212074734,-0.12106046199013314,-1.1071806088129985,-1.0441026941902805,-0.0771814310300106,-1.1080509226156696,-1.1463786424950264,-0.10211389963581827,-1.109826854097274,-1.1624810683226061,-0.12325742501431115,-1.1118518975809215,-1.1631629630338525,-0.13371726817786778,-1.1647953172273695,-1.039758814296614,-0.07941024521442785,-1.165861818564691,-1.1436377326698144,-0.10426914370565099,-1.1645473453686328,-1.1500230365823374,-0.12316095008647521,-1.1618652351294187,-1.145524742395423,-0.1310435792683609,-1.2198619103446184,-1.0198212063555836,-0.08744927869696477,-1.2202485580444333,-1.115587334555132,-0.11320246242403034,-1.2139674634707416,-1.1195470598189734,-0.12315546935905992,-1.2063788689902544,-1.1135713448617162,-0.12379897196302968,-1.275307703873856,-0.9861452981223501,-0.09792150056229648,-1.286920989748617,-1.0680108272932294,-0.11532443676519558,-1.2807656276122936,-1.085474822638736,-0.11661823360364432,-1.273075617423449,-1.0892214245010212,-0.11311101285602068,0.4903547049377764,-0.019404662979923413,-0.05646185951361198,-0.4903547049377764,0.019404662979923413,0.05646185951361198,0.6784702800033523,1.2256298897142437,-0.38399649545338527,-0.9001625478233904,1.1076075766420208,-1.019862296940941,0.43026641874892896,1.4354874287302346,-1.2938310674682445,-0.8242980839123493,0.18063717031416757,-3.1111934773218013
Aliya,I am Fine,-2.111161592408524,-2.013744524657261,-0.0858397807708866,-2.111161592408524,-2.013744524657261,-0.0858397807708866,-2.111161592408524,-2.013744524657261,-0.0858397807708866,-2.111161592408524,-2.013744524657261,-0.0858397807708866,-2.111161592408524,-2.013744524657261,-0.0858397807708866,-2.111161592408524,-2.013744524657261,-0.0858397807708866,-2.111161592408524,-2.013744524657261,-0.0858397807708866,-2.111161592408524,-2.013744524657261,-0.0858397807708866,-2.111161592408524,-2.013744524657261,-0.0858397807708866,-2.111161592408524,-2.013744524657261,-0.0858397807708866,-2.111161592408524,-2.013744524657261,-0.0858397807708866,-2.111161592408524,-2.013744524657261,-0.0858397807708866,-2.111161592408524,-2.013744524657261,-0.0858397807708866,-2.111161592408524,-2.013744524657261,-0.0858397807708866,-2.111161592408524,-2.013744524657261,-0.0858397807708866,-2.111161592408524,-2.013744524657261,-0.0858397807708866,-2.111161592408524,-2.013744524657261,-0.0858397807708866,-2.111161592408524,-2.013744524657261,-0.0858397807708866,-2.111161592408524,-2.013744524657261,-0.0858397807708866,-2.111161592408524,-2.013744524657261,-0.0858397807708866,-2.111161592408524,-2.013744524657261,-0.0858397807708866,-1.1334036076261458,-0.5658058205652777,-0.08584004303311125,-1.1079190316314045,-0.6788503541288776,-0.0765489621739623,-1.0674013066048367,-0.7824704984897876,-0.07785615707673449,-1.0398424972107707,-0.8527709553513223,-0.08457797381883612,-1.0343633351379973,-0.9042899690151209,-0.090087668387286,-1.0360562159864077,-0.8226356038476537,-0.07728630244629199,-0.9691672094943184,-0.8564724955878843,-0.09225282638344469,-0.9696474769350111,-0.8557591626356799,-0.10442146687508058,-0.9817001765027394,-0.8603339601729213,-0.11184600602422223,-1.0203505063579135,-0.7807771253699743,-0.09329282688227084,-0.9553136916801531,-0.814800019949143,-0.09987018364340976,-0.9595780307278815,-0.8174535917590608,-0.10392519354835779,-0.9733590806697405,-0.8225279195659566,-0.10871297800948881,-1.008680889303988,-0.7298141699563697,-0.11022654973153162,-0.9512017870068895,-0.7647784949516051,-0.11368224995268168,-0.9557781076911768,-0.7684705849034943,-0.10713281296776665,-0.9700328882381966,-0.7733284747901024,-0.10508808998675645,-1.0012864182021772,-0.6764198938015773,-0.12747043291526455,-0.9540930987684287,-0.7079685162475904,-0.12501464128386763,-0.9599058551848813,-0.7111279903575909,-0.11341992738737121,-0.973074611567136,-0.7144757375296887,-0.10635362947056222,0.49035673285882875,-0.02869719153023947,-0.051093014802482274,-0.49035673285882875,0.02869719153023947,0.051093014802482274,0.7523230469469082,1.0546983960038745,-0.4382344864456658,-0.8372020102124775,1.2745791623151344,-0.9250480523824387,0.44684120326682103,1.3676194024859565,-1.3879668802366403,-0.5895843198064704,0.40048106237640757,-2.655696648392276
Aliya,I am Fine,-2.1470507068847486,-2.0493850483086917,-0.10871541129211959,-2.1470507068847486,-2.0493850483086917,-0.10871541129211959,-2.1470507068847486,-2.0493850483086917,-0.10871541129211959,-2.1470507068847486,-2.0493850483086917,-0.10871541129211959,-2.1470507068847486,-2.0493850483086917,-0.10871541129211959,-2.1470507068847486,-2.0493850483086917,-0.10871541129211959,-2.1470507068847486,-2.0493850483086917,-0.10871541129211959,-2.1470507068847486,-2.0493850483086917,-0.10871541129211959,-2.1470507068847486,-2.0493850483086917,-0.10871541129211959,-2.1470507068847486,-2.0493850483086917,-0.10871541129211959,-2.1470507068847486,-2.0493850483086917,-0.10871541129211959,-2.1470507068847486,-2.0493850483086917,-0.10871541129211959,-2.1470507068847486,-2.0493850483086917,-0.10871541129211959,-2.1470507068847486,-2.0493850483086917,-0.10871541129211959,-2.1470507068847486,-2.0493850483086917,-0.10871541129211959,-2.1470507068847486,-2.0493850483086917,-0.10871541129211959,-2.1470507068847486,-2.0493850483086917,-0.10871541129211959,-2.1470507068847486,-2.0493850483086917,-0.10871541129211959,-2.1470507068847486,-2.0493850483086917,-0.10871541129211959,-2.1470507068847486,-2.0493850483086917,-0.10871541129211959,-2.1470507068847486,-2.0493850483086917,-0.10871541129211959,-1.662222734822327,-1.3077319685809925,-0.10871568326380644,-1.6571401889851725,-1.3758770254109098,-0.10845945964282656,-1.6351746030261975,-1.4383594470560577,-0.11318098843980741,-1.6193045753946915,-1.4829303825190834,-0.11947056883113366,-1.6187232565916576,-1.5163480423411497,-0.12448193156879114,-1.6051780933679485,-1.4408172171188467,-0.11611231729063377,-1.563194308856015,-1.44925763404363,-0.12700427989700913,-1.5718407349538956,-1.437847509284594,-0.1339747321297715,-1.5866143627950928,-1.4301868915164508,-0.13764554933239928,-1.5946775969924987,-1.4089038333504733,-0.12236176855224086,-1.5547906245331287,-1.4155660001946495,-0.12698252254878992,-1.5659032968078042,-1.4045663708500136,-0.12711139059074197,-1.5818193854484572,-1.3952572371126104,-0.12848920829728372,-1.5864047914068442,-1.3727854380288484,-0.12883758588631872,-1.55216296399212,-1.3811362644783183,-0.13074903340554786,-1.563226009213471,-1.3716651261515422,-0.12390568205898998,-1.5790792638657207,-1.3631737600422205,-0.12087061684806005,-1.5806457442549888,-1.3368745801554471,-0.13561319311453773,-1.5519430990545702,-1.3469090637812737,-0.13318015428091673,-1.5625546322668702,-1.3397154841240226,-0.12423252078358833,-1.576595265198915,-1.3325613442991096,-0.11863989103725316,0.4937133381467202,-0.02813457596737908,-0.05072732642032642,-0.4937133381467202,0.02813457596737908,0.05072732642032642,0.7613123065825235,1.0547462866228898,-0.46768650175326903,-0.8756627717985443,1.2827770173444797,-1.0999757283478577,0.47402567803175427,1.3709231574107477,-1.4257839861239063,-0.6128604365643389,0.284919140004636,-2.9239904234039216
Aliya,I am Fine,-2.118999640362103,-2.021879513339906,-0.052182522723404304,-2.118999640362103,-2.021879513339906,-0.052182522723404304,-2.118999640362103,-2.021879513339906,-0.052182522723404304,-2.118999640362103,-2.021879513339906,-0.052182522723404304,-2.118999640362103,-2.021879513339906,-0.052182522723404304,-2.118999640362103,-2.021879513339906,-0.052182522723404304,-2.118999640362103,-2.021879513339906,-0.052182522723404304,-2.118999640362103,-2.021879513339906,-0.052182522723404304,-2.118999640362103,-2.021879513339906,-0.052182522723404304,-2.118999640362103,-2.021879513339906,-0.052182522723404304,-2.118999640362103,-2.021879513339906,-0.052182522723404304,-2.118999640362103,-2.021879513339906,-0.052182522723404304,-2.118999640362103,-2.021879513339906,-0.052182522723404304,-2.118999640362103,-2.021879513339906,-0.052182522723404304,-2.118999640362103,-2.021879513339906,-0.052182522723404304,-2.118999640362103,-2.021879513339906,-0.052182522723404304,-2.118999640362103,-2.021879513339906,-0.052182522723404304,-2.118999640362103,-2.021879513339906,-0.052182522723404304,-2.118999640362103,-2.021879513339906,-0.052182522723404304,-2.118999640362103,-2.021879513339906,-0.052182522723404304,-2.118999640362103,-2.021879513339906,-0.052182522723404304,-1.4554621519942863,-1.025217585175447,-0.05218283397811602,-1.4429445066258877,-1.108688235831012,-0.044877771432795914,-1.417030931927537,-1.188153218095214,-0.04600362933953162,-1.3996032362568105,-1.245603296248129,-0.050706581486330386,-1.4020266718327479,-1.2880154135385276,-0.05406396905317361,-1.394708819423047,-1.2166622521491377,-0.04813762595043299,-1.3406433660149712,-1.2291958064598922,-0.05916506640563544,-1.344240780338165,-1.2124783153772112,-0.06743655084634041,-1.359559478630964,-1.2049949854626483,-0.07206471583225091,-1.3829583863494141,-1.1860635042830245,-0.059426098539306076,-1.3301948926458098,-1.1981056292946446,-0.06361299595887794,-1.3386284590548394,-1.1838589676230893,-0.06515269503703196,-1.3558956553130028,-1.1773222482947958,-0.06789775408063008,-1.3728001338886042,-1.1477357816408753,-0.07101894872234889,-1.3254988453562917,-1.1622892603004753,-0.07322646217022237,-1.33472964540226,-1.1504784416981995,-0.06678227271421501,-1.3514054353763214,-1.145176243209365,-0.06424997040429407,-1.3645908395209994,-1.1069690805519332,-0.0825532233377853,-1.3235648703448772,-1.123454380001635,-0.0799225559518921,-1.3277690024275104,-1.1175431595461227,-0.07022330553036715,-1.3387519945051565,-1.1152119577195958,-0.06419351569406868,0.4934706979337808,-0.028069287040481512,-0.05406468296498,-0.4934706979337808,0.028069287040481512,0.05406468296498,0.7295266018875457,1.0239545649056585,-0.3992107337070661,-0.8340818986693634,1.2600541003672023,-0.9917758839159405,0.550032940215507,1.4286193050910956,-1.3591391267239556,-0.6074987429053171,0.4385301238597865,-2.7751922928004995
Aliya,I am Fine,-1.8500203825771246,-1.7023830728402618,0.03317632316184061,-1.845229231067497,-1.71669839130588,0.03443166697879951,-1.8425678170981572,-1.7306967328360388,0.03400832279908305,-1.84050672267934,-1.7404192808483943,0.03266251983383566,-1.840251408450811,-1.7485177776046483,0.031029887193773278,-1.84808123331483,-1.7398852632832025,0.035041732177934944,-1.846925734048383,-1.7556401322937043,0.032355707118943304,-1.8462247629387734,-1.7667846579771656,0.029596638261033755,-1.845881944693726,-1.7762683513560278,0.027482641530484766,-1.8494312727205693,-1.7388655184899218,0.03196746259125718,-1.8479478980609716,-1.7563732458734227,0.029619648519987447,-1.8470104141685617,-1.7683959300904037,0.026820685125551656,-1.8464753684046271,-1.7790443530276718,0.024559948931561562,-1.8509155062339804,-1.7360911334677571,0.028661971519949574,-1.8494159500326524,-1.7522548892167447,0.026575497361838483,-1.8480109346629623,-1.76352649721154,0.02513961283787437,-1.8472083569916902,-1.77321642098519,0.023833894422592004,-1.8519706412474064,-1.7319582759650485,0.02529530104495756,-1.8503651430445989,-1.7433107672467811,0.023763617446084292,-1.8491562117183218,-1.7517844475843245,0.02336623713886968,-1.8482534897368044,-1.7594282818453857,0.02282476275877625,-1.0429134322507159,-0.4985353966246365,0.03317607878140508,-1.026432736834993,-0.6060113101312754,0.041045548228874136,-0.9942198175380742,-0.7109606302272011,0.038722502770801026,-0.9726398820879107,-0.7844258889462837,0.03167322367772633,-0.9736635717935055,-0.8381362936752033,0.025476445473610804,-0.9669261929700472,-0.7488937080707093,0.036088716188706266,-0.9025605905887757,-0.7831401122898383,0.020415474920710268,-0.8936617363679589,-0.7798649500963151,0.00797788761312064,-0.8982301491210811,-0.7800207209938079,0.0001703293805579755,-0.9526667218735182,-0.7089155223242294,0.020914119045366136,-0.8875638378956006,-0.7359206863215895,0.013204572271784452,-0.8850181480548326,-0.7321873188032145,0.009368898889097699,-0.8938153913022686,-0.7330832892819404,0.004475443697430261,-0.9403916384835909,-0.658895942538606,0.004996981556711052,-0.8826419205185524,-0.6831599269209748,0.0005441643859066243,-0.8821136481632635,-0.6809714431295552,0.006853646061103329,-0.8915894474972546,-0.6823678912300828,0.00850536926583879,-0.9299394003546537,-0.6056521135019103,-0.011325284915982071,-0.8841325797823212,-0.6258962302621381,-0.010475744523948987,-0.8860819862645847,-0.6242542082738606,-0.000508012128409593,-0.8951301625031605,-0.624936199419809,0.005363896666779645,0.4451763179634655,-0.024450570293645193,-0.21432699396366578,-0.4451763179634655,0.024450570293645193,0.21432699396366578,0.48183843385418174,1.0999979497144097,-0.6747495669896286,-0.7634949817998883,1.171252993465904,-0.7809841756336116,0.05653816398368297,0.8696254196103189,-1.4448556855953822,-0.5646068959898966,0.16832655917116213,-2.492312503191195
Aliya,I am Fine,-1.9572986458479993,-1.837251025292688,0.017371936455560427,-1.9542219511172783,-1.84174882278108,0.01884685613720861,-1.952074813510939,-1.8459043340118502,0.019230566269976237,-1.9502881018747675,-1.8486844283707975,0.019039624075760566,-1.9493951907865918,-1.8510127692805725,0.0187236067528325,-1.95249475485263,-1.850357927808212,0.019857468882674992,-1.9509466473154935,-1.8555391743619016,0.019693107402637616,-1.950214836403905,-1.8589862131499488,0.01918787834296066,-1.9497558884402202,-1.8620169847438353,0.018695858285812193,-1.9529094715821507,-1.8502241325918376,0.0183784691672223,-1.9512325735040534,-1.8560196725409155,0.018270188197523993,-1.9503075961969436,-1.8597202088201708,0.01765676926621065,-1.9496720774644891,-1.8630316068659754,0.017047580614862657,-1.9534208060204534,-1.84953099769879,0.016827780020827077,-1.9517283998514383,-1.8548436584917858,0.01679861854444462,-1.95079360479644,-1.8582565556055428,0.01661093212493842,-1.9502838959801505,-1.8612034766413104,0.01625416809777746,-1.9537181416548999,-1.848399457855587,0.015289097250569969,-1.9524420224755707,-1.8523686598425417,0.015368834243896637,-1.9517003139644724,-1.8551099670661153,0.015506084535414875,-1.9512107138405934,-1.8575595858676457,0.01542935142245851,-1.3481331114513149,-0.9175258861054245,0.01737164747028225,-1.342757035991263,-0.9993865823851411,0.01943275446583113,-1.3162639393008408,-1.0790015671180375,0.015398152238792961,-1.2992382211929268,-1.13591806753173,0.009177243374308267,-1.303080767513284,-1.178895387863958,0.004359777965879475,-1.280935266360528,-1.088736710229111,0.010324057411917763,-1.224356250648843,-1.097021374518337,-0.003248216869917826,-1.2297672375180004,-1.0807493758626823,-0.011964933808116477,-1.2450472542885012,-1.0742375818379941,-0.016777383616733584,-1.266916599511342,-1.0506431156828508,0.0009990823549838324,-1.2133664192138938,-1.0571186710662708,-0.004824545548496753,-1.2221338513149158,-1.045613287409748,-0.0053754287464889755,-1.237918574358449,-1.0416786712270245,-0.007585245701877209,-1.2555717197927045,-1.0063736897647515,-0.008739548929975596,-1.2091546339317605,-1.0132491074908154,-0.012400943137884785,-1.2180877135894697,-1.003189386116217,-0.005382912903263396,-1.2326591889250806,-0.9995772780941893,-0.002638822543735579,-1.2470994268610576,-0.9606547067851765,-0.01874622859634846,-1.2080859017845005,-0.9660389771199097,-0.01814255094497818,-1.216677036671464,-0.9568103406617973,-0.00908164365586992,-1.2298772174107475,-0.9520875226815069,-0.003561483341688642,0.46375195808634184,-0.027813447106843834,-0.17283868085962834,-0.46375195808634184,0.027813447106843834,0.17283868085962834,0.5277180689358992,1.1202470023470266,-0.6820592346024079,-0.813178804481107,1.2032647643236802,-0.9150242009077963,0.15202787502093626,1.003521611029803,-1.5372131914046299,-0.5999623421014025,0.18820372877791255,-2.7000705361273467
Aliya,I am Fine,-2.0041357275097753,-1.9047843709565397,0.08872260570177376,-2.0041357275097753,-1.9047843709565397,0.08872260570177376,-2.0041357275097753,-1.9047843709565397,0.08872260570177376,-2.0041357275097753,-1.9047843709565397,0.08872260570177376,-2.0041357275097753,-1.9047843709565397,0.08872260570177376,-2.0041357275097753,-1.9047843709565397,0.08872260570177376,-2.0041357275097753,-1.9047843709565397,0.08872260570177376,-2.0041357275097753,-1.9047843709565397,0.08872260570177376,-2.0041357275097753,-1.9047843709565397,0.08872260570177376,-2.0041357275097753,-1.9047843709565397,0.08872260570177376,-2.0041357275097753,-1.9047843709565397,0.08872260570177376,-2.0041357275097753,-1.9047843709565397,0.08872260570177376,-2.0041357275097753,-1.9047843709565397,0.08872260570177376,-2.0041357275097753,-1.9047843709565397,0.08872260570177376,-2.0041357275097753,-1.9047843709565397,0.08872260570177376,-2.0041357275097753,-1.9047843709565397,0.08872260570177376,-2.0041357275097753,-1.9047843709565397,0.08872260570177376,-2.0041357275097753,-1.9047843709565397,0.08872260570177376,-2.0041357275097753,-1.9047843709565397,0.08872260570177376,-2.0041357275097753,-1.9047843709565397,0.08872260570177376,-2.0041357275097753,-1.9047843709565397,0.08872260570177376,-1.4879054155733518,-1.1158869484511493,0.08872250826067359,-1.4745316879783346,-1.179198077032001,0.09669755143614486,-1.4563359579007193,-1.2323089600784545,0.09768478806568662,-1.4459504459442714,-1.2707378270319467,0.09489421780866136,-1.4484549249075616,-1.2983904868355771,0.09233467002480122,-1.430862157338625,-1.2576186491380492,0.10218239146890662,-1.4020716782597191,-1.2711132913008654,0.09749475296425965,-1.398576993164024,-1.2673454910675261,0.09142988173858543,-1.402203232694197,-1.2689761878457926,0.08684860708102642,-1.421758029503057,-1.2377675097293368,0.09233626352076815,-1.3934256733624324,-1.2515078479122268,0.0906071552918376,-1.3919871723929866,-1.251270250359525,0.08669212297049779,-1.397177245383773,-1.2552028454631137,0.082661329211084,-1.4163604481919823,-1.2121703878342824,0.08190394568862809,-1.3896568482979332,-1.2251815524385397,0.08051707204396835,-1.3888770358548197,-1.2272811956685004,0.08118756481313834,-1.3938271594563483,-1.2332009413334826,0.08040880666904866,-1.4138594664701112,-1.1837607069102243,0.07147313068512877,-1.3899215455274037,-1.194006784704732,0.07154341404012228,-1.3873338807035125,-1.1972718695748126,0.07494739355330887,-1.3893028614680136,-1.2038890024025146,0.07698409877437216,0.4669784037501474,-0.035835480035094056,-0.1520110719812529,-0.4669784037501474,0.035835480035094056,0.1520110719812529,0.5463405760771414,1.093052989662928,-0.5814287724969099,-0.7311468196755291,1.1934154896169336,-0.7392903026277664,0.18855638126026195,1.0368972539562227,-1.3430924896342873,-0.45881243085543144,0.415487649872963,-2.267196831328761
Aliya,I am Fine,-1.929173150836879,-1.8030791807552808,-0.07731048959035478,-1.9370370038938998,-1.806236914944815,-0.07579492282181755,-1.9439093023356429,-1.802721095480829,-0.07527094811848459,-1.947812865765982,-1.796961746329279,-0.07505249628718196,-1.9487642800709981,-1.791283155101415,-0.0749132220147514,-1.9475643258888176,-1.7982144295796565,-0.07700994137991665,-1.9544869280911126,-1.7899920449417057,-0.07770592245433541,-1.954559509670289,-1.7858920670188574,-0.07803949922170428,-1.9528821132077965,-1.7846353747444244,-0.07796422889234547,-1.9448727860779491,-1.7922365039699693,-0.07778290372254565,-1.9501327616350317,-1.7832068522968967,-0.07775853008612228,-1.9498479383560579,-1.7814564084848745,-0.07755387637303106,-1.948805306320307,-1.7820843696069668,-0.07749849512581597,-1.9413634216342912,-1.7873792642638309,-0.07839464537361214,-1.9462678556470294,-1.7796664873634704,-0.0780069260735828,-1.9461408113432714,-1.7790247148731109,-0.07711685590957286,-1.9453279563844965,-1.7799728606441882,-0.07667861908706683,-1.9375889735993546,-1.783975572449527,-0.07881608921367252,-1.9420216993031556,-1.778035923076982,-0.07796035621070663,-1.9420225375626932,-1.7777806657065611,-0.07645338848904241,-1.9412543208258577,-1.7787250362243325,-0.07535587578380618,-1.3906297194876789,-0.9411308127041722,-0.07731070763176523,-1.3809787401944276,-1.0301324720063543,-0.07653522581148692,-1.3581432981061858,-1.1166965518869285,-0.08253575502007358,-1.345537079757551,-1.178636341300357,-0.091157116666854,-1.350860812722825,-1.2229750119365794,-0.0978747903463599,-1.3421683802186186,-1.144986344385498,-0.08720225544110968,-1.2776286452219172,-1.157997440125723,-0.10529174092038043,-1.2767090209625156,-1.1353062607789801,-0.11633288011530854,-1.2900693234895142,-1.1254849148131723,-0.12259004689234693,-1.3328529005544587,-1.1057871213611155,-0.09799891809204166,-1.2639148918781409,-1.1130777728156533,-0.1086649835892607,-1.267680205871715,-1.094743781673423,-0.11016991036795502,-1.2821902748452083,-1.0880562074312288,-0.11312398661896687,-1.3236925504400245,-1.0592454105942926,-0.10973105072621676,-1.2584968822963674,-1.0653975248269245,-0.11768201475517541,-1.264310693710541,-1.0517141775395047,-0.11123083345398067,-1.2791523259578113,-1.0484701861852337,-0.10862998694859344,-1.3153631083141575,-1.0108330557061012,-0.12201598773344595,-1.261387516497203,-1.0159951246933558,-0.12394636932721385,-1.2661698196307611,-1.0074638117740953,-0.11632436186165206,-1.280077071311821,-1.005744362445183,-0.1118706813597144,0.4904161467438231,-0.04885710871985982,-0.0539261166057251,-0.4904161467438231,0.04885710871985982,0.0539261166057251,0.782478706455113,0.9986686302860002,-0.37676963426602805,-0.7693550731861395,1.2440850796424585,-0.9586078876186037,0.5819649504182762,1.3997913301912521,-1.221239530905051,-0.6169450869053151,0.27045381667106755,-2.6553840793319323
Aliya,I am Fine,-2.0194763706301035,-1.924177380723497,0.007644363223926348,-2.0194763706301035,-1.924177380723497,0.007644363223926348,-2.0194763706301035,-1.924177380723497,0.007644363223926348,-2.0194763706301035,-1.924177380723497,0.007644363223926348,-2.0194763706301035,-1.924177380723497,0.007644363223926348,-2.0194763706301035,-1.924177380723497,0.007644363223926348,-2.0194763706301035,-1.924177380723497,0.007644363223926348,-2.0194763706301035,-1.924177380723497,0.007644363223926348,-2.0194763706301035,-1.924177380723497,0.007644363223926348,-2.0194763706301035,-1.924177380723497,0.007644363223926348,-2.0194763706301035,-1.924177380723497,0.007644363223926348,-2.0194763706301035,-1.924177380723497,0.007644363223926348,-2.0194763706301035,-1.924177380723497,0.007644363223926348,-2.0194763706301035,-1.924177380723497,0.007644363223926348,-2.0194763706301035,-1.924177380723497,0.007644363223926348,-2.0194763706301035,-1.924177380723497,0.007644363223926348,-2.0194763706301035,-1.924177380723497,0.007644363223926348,-2.0194763706301035,-1.924177380723497,0.007644363223926348,-2.0194763706301035,-1.924177380723497,0.007644363223926348,-2.0194763706301035,-1.924177380723497,0.007644363223926348,-2.0194763706301035,-1.924177380723497,0.007644363223926348,-1.2987984628797793,-0.8187681173130569,0.007644179603120042,-1.2774745964607073,-0.8977182344383694,0.017781152552354334,-1.247939024752009,-0.9694483265301772,0.017263808693299833,-1.2259189131096109,-1.0183588730750504,0.011841394780962156,-1.2192758803058612,-1.052030040066622,0.006830382338212187,-1.220738910896343,-1.0135597695376255,0.01864621672562467,-1.173454577860094,-1.030820811827,0.008054394536400505,-1.1677989509582078,-1.026320001886755,-0.0025375092698861033,-1.1720593258116017,-1.0271611045752822,-0.009862819708332901,-1.2079491042181651,-0.9862232572122692,0.004535892530832017,-1.1619675118111028,-1.003233357282496,-0.0006482943761961315,-1.1583511567046134,-1.0017569006392832,-0.00637527214922573,-1.162741398277029,-1.0033193689114241,-0.01218271484616846,-1.1976673083303722,-0.9495733127540468,-0.010080878036623985,-1.1564983985028827,-0.9660726276089516,-0.013390027689573928,-1.1537328227126302,-0.9670461397526907,-0.012126989203849142,-1.1580712050779807,-0.9701871602518807,-0.013311234428732896,-1.188755062392178,-0.908023040091301,-0.024712096949127443,-1.1560603802044742,-0.9189569362255702,-0.024670435082854183,-1.1547631803925902,-0.9211751379440696,-0.019253669060203805,-1.1580857460446368,-0.9250035257262686,-0.016215915389325198,0.47252333311164135,-0.034342949571794505,-0.1370819171398566,-0.47252333311164135,0.034342949571794505,0.1370819171398566,0.5592697724296387,1.101717237653193,-0.6026029659721382,-0.7770641874773374,1.1906602710949434,-0.7495311997463006,0.18579275974949883,1.0086615551002773,-1.4624536583013599,-0.5446029530092575,0.42898469952315016,-2.313135294499658
Aliya,I am Fine,-2.071738051926487,-1.969295748251396,0.05504064876354722,-2.071738051926487,-1.969295748251396,0.05504064876354722,-2.071738051926487,-1.969295748251396,0.05504064876354722,-2.071738051926487,-1.969295748251396,0.05504064876354722,-2.071738051926487,-1.969295748251396,0.05504064876354722,-2.071738051926487,-1.969295748251396,0.05504064876354722,-2.071738051926487,-1.969295748251396,0.05504064876354722,-2.071738051926487,-1.969295748251396,0.05504064876354722,-2.071738051926487,-1.969295748251396,0.05504064876354722,-2.071738051926487,-1.969295748251396,0.05504064876354722,-2.071738051926487,-1.969295748251396,0.05504064876354722,-2.071738051926487,-1.969295748251396,0.05504064876354722,-2.071738051926487,-1.969295748251396,0.05504064876354722,-2.071738051926487,-1.969295748251396,0.05504064876354722,-2.071738051926487,-1.969295748251396,0.05504064876354722,-2.071738051926487,-1.969295748251396,0.05504064876354722,-2.071738051926487,-1.969295748251396,0.05504064876354722,-2.071738051926487,-1.969295748251396,0.05504064876354722,-2.071738051926487,-1.969295748251396,0.05504064876354722,-2.071738051926487,-1.969295748251396,0.05504064876354722,-2.071738051926487,-1.969295748251396,0.05504064876354722,-1.574125699744087,-1.2194982058986612,0.05504056698102549,-1.5621651290875314,-1.2675486996592458,0.060746718078437074,-1.5471041623518331,-1.311369201475123,0.05936263771372907,-1.5362539033696958,-1.3427745795448736,0.05468671481410363,-1.533611634644266,-1.363503946181064,0.05010373364449578,-1.519323345827944,-1.3405116163397357,0.06246557203960031,-1.4944869671764949,-1.3588595152581142,0.05640514557059403,-1.4902262788575547,-1.3596290655829648,0.049316589820548186,-1.490794305627211,-1.362296350981375,0.0440604192531314,-1.5106958449138874,-1.3242282157463556,0.0533331614945311,-1.487713375873406,-1.341014084492049,0.05117960407882093,-1.4841520082709696,-1.3449754333580675,0.04721952388645224,-1.4847522574979821,-1.3484938988505046,0.04285612696230754,-1.5051794370940943,-1.302574595764743,0.043722953693667785,-1.4844225056633067,-1.316718072977795,0.04288284638846896,-1.4815035390929736,-1.3216456724582388,0.043178952408050274,-1.483161970826339,-1.325735998660919,0.04159294341729069,-1.501439595635124,-1.278160647107713,0.03379233202494538,-1.4849685274398803,-1.2864545482987972,0.03441602227747843,-1.483148263348491,-1.2911948339325632,0.03742095361576905,-1.483954422944546,-1.2958294954349785,0.03881092532556465,0.4853774364845076,-0.02989755675470071,-0.08571760030620361,-0.4853774364845076,0.02989755675470071,0.08571760030620361,0.613394825129246,1.1174226419615365,-0.4851451643399108,-0.7745312440328572,1.2118750500730686,-0.7338445124348771,0.33173439912499164,1.2613244752227477,-1.3637108442269275,-0.5535076333504715,0.5848043192813069,-2.258881290607662
Aliya,I am Fine,-2.0596186568708306,-1.964181497281065,-0.004630974328167941,-2.0596186568708306,-1.964181497281065,-0.004630974328167941,-2.0596186568708306,-1.964181497281065,-0.004630974328167941,-2.0596186568708306,-1.964181497281065,-0.004630974328167941,-2.0596186568708306,-1.964181497281065,-0.004630974328167941,-2.0596186568708306,-1.964181497281065,-0.004630974328167941,-2.0596186568708306,-1.964181497281065,-0.004630974328167941,-2.0596186568708306,-1.964181497281065,-0.004630974328167941,-2.0596186568708306,-1.964181497281065,-0.004630974328167941,-2.0596186568708306,-1.964181497281065,-0.004630974328167941,-2.0596186568708306,-1.964181497281065,-0.004630974328167941,-2.0596186568708306,-1.964181497281065,-0.004630974328167941,-2.0596186568708306,-1.964181497281065,-0.004630974328167941,-2.0596186568708306,-1.964181497281065,-0.004630974328167941,-2.0596186568708306,-1.964181497281065,-0.004630974328167941,-2.0596186568708306,-1.964181497281065,-0.004630974328167941,-2.0596186568708306,-1.964181497281065,-0.004630974328167941,-2.0596186568708306,-1.964181497281065,-0.004630974328167941,-2.0596186568708306,-1.964181497281065,-0.004630974328167941,-2.0596186568708306,-1.964181497281065,-0.004630974328167941,-2.0596186568708306,-1.964181497281065,-0.004630974328167941,-1.3898259500736805,-0.9121462630217112,-0.004631133690229456,-1.368062515320174,-0.9935003812636793,0.00033342007933314716,-1.3403047158232138,-1.070481331676551,-0.001232441795210854,-1.3235274389443088,-1.12564131242606,-0.006526584422510623,-1.324870783467748,-1.1643919464495354,-0.011066120886916879,-1.3144837270780765,-1.101747840715078,0.00277902008501866,-1.2683211203096194,-1.117635962923741,-0.007295017025628751,-1.2661805019953196,-1.1125192653903286,-0.016892675602051523,-1.2740817628298502,-1.1152345043961265,-0.023496738133214377,-1.3063400407442707,-1.072637062580284,-0.00816262732208598,-1.2605389572836903,-1.086883039401945,-0.012731359953490298,-1.2610388165144293,-1.0834753101510983,-0.017177230328467376,-1.2704310579165214,-1.0859213258089828,-0.0221638464162101,-1.3006865839129802,-1.0363609161083276,-0.0199810726263996,-1.2583605744764819,-1.0501314530909192,-0.02291605826291526,-1.2599694167693083,-1.0498960212877788,-0.019884834693301278,-1.2694709691884238,-1.0541390506988966,-0.01972288969024208,-1.297411761659542,-0.996938719061515,-0.032203321012235143,-1.2614872534726058,-1.009022652850839,-0.03188295037002871,-1.2630662730015463,-1.00992924902343,-0.0253184259805879,-1.2707953046728762,-1.0143332434393337,-0.021351401948905453,0.48501478176755414,-0.031628000906581334,-0.10321883288787492,-0.48501478176755414,0.031628000906581334,0.10321883288787492,0.6052104869443209,1.1363076382385102,-0.5315974310082411,-0.8350510968204903,1.2340757725635276,-0.903535958886711,0.3142165406718925,1.1930615785274061,-1.43509813750673,-0.618561762136974,0.3584735626040347,-2.665113548677853
Aliya,I am Fine,-2.0178398894892666,-1.9523931335945182,-0.024308311436992535,-2.0178398894892666,-1.9523931335945182,-0.024308311436992535,-2.0178398894892666,-1.9523931335945182,-0.024308311436992535,-2.0178398894892666,-1.9523931335945182,-0.024308311436992535,-2.0178398894892666,-1.9523931335945182,-0.024308311436992535,-2.0178398894892666,-1.9523931335945182,-0.024308311436992535,-2.0178398894892666,-1.9523931335945182,-0.024308311436992535,-2.0178398894892666,-1.9523931335945182,-0.024308311436992535,-2.0178398894892666,-1.9523931335945182,-0.024308311436992535,-2.0178398894892666,-1.9523931335945182,-0.024308311436992535,-2.0178398894892666,-1.9523931335945182,-0.024308311436992535,-2.0178398894892666,-1.9523931335945182,-0.024308311436992535,-2.0178398894892666,-1.9523931335945182,-0.024308311436992535,-2.0178398894892666,-1.9523931335945182,-0.024308311436992535,-2.0178398894892666,-1.9523931335945182,-0.024308311436992535,-2.0178398894892666,-1.9523931335945182,-0.024308311436992535,-2.0178398894892666,-1.9523931335945182,-0.024308311436992535,-2.0178398894892666,-1.9523931335945182,-0.024308311436992535,-2.0178398894892666,-1.9523931335945182,-0.024308311436992535,-2.0178398894892666,-1.9523931335945182,-0.024308311436992535,-2.0178398894892666,-1.9523931335945182,-0.024308311436992535,-1.3228232369480641,-0.8375622300261325,-0.02430857081153144,-1.3164711839688052,-0.9330282694069331,-0.023936576547544573,-1.2865217607738029,-1.0215914575614067,-0.030585247139306045,-1.2700309875507365,-1.0844881658945873,-0.03914327277831972,-1.2769042469126048,-1.129215430793442,-0.045955658313185696,-1.2440183174351716,-1.0308039028555893,-0.03610400688217786,-1.1794223775590633,-1.0326987805135441,-0.051710344255814986,-1.1840085931989335,-1.0127721962918441,-0.06183192342213746,-1.2007566730327845,-1.0036034636928195,-0.06744225177950751,-1.2266533555110712,-0.9843285125094933,-0.04538760497949523,-1.1664320820016372,-0.9844087864870227,-0.05202031732876434,-1.1745290767462542,-0.9691453187156246,-0.05246575784694565,-1.1920345778896249,-0.9613668941283746,-0.05487867744265022,-1.2134293447188567,-0.9319743438978613,-0.05496040481699109,-1.1610950336771535,-0.9343738326433908,-0.058533921726980305,-1.1698146566864949,-0.9214500159814408,-0.04987063536967047,-1.1871495181662028,-0.9148400685002384,-0.04621084104462761,-1.204341324716371,-0.8790966496415484,-0.06499145437356443,-1.1610501747070552,-0.8834467549816531,-0.0630977451156614,-1.1693590897748534,-0.8737264663999043,-0.05191399791681819,-1.1841252411737662,-0.868723924438948,-0.04499263609842825,0.48282857642750193,-0.049349823896666915,-0.1040431223996669,-0.48282857642750193,0.049349823896666915,0.1040431223996669,0.7569057004361268,1.0107096043454644,-0.390621988996489,-0.7715605114945915,1.233293216516265,-0.8348301702600199,0.5237745860727469,1.4105568857182726,-1.1993163614341413,-0.6226946679781727,0.3689219185227414,-2.5160270722497775
Aliya,I am Fine,-2.0739259540670854,-1.9989991233186772,-0.08564423812678898,-2.0739259540670854,-1.9989991233186772,-0.08564423812678898,-2.0739259540670854,-1.9989991233186772,-0.08564423812678898,-2.0739259540670854,-1.9989991233186772,-0.08564423812678898,-2.0739259540670854,-1.9989991233186772,-0.08564423812678898,-2.0739259540670854,-1.9989991233186772,-0.08564423812678898,-2.0739259540670854,-1.9989991233186772,-0.08564423812678898,-2.0739259540670854,-1.9989991233186772,-0.08564423812678898,-2.0739259540670854,-1.9989991233186772,-0.08564423812678898,-2.0739259540670854,-1.9989991233186772,-0.08564423812678898,-2.0739259540670854,-1.9989991233186772,-0.08564423812678898,-2.0739259540670854,-1.9989991233186772,-0.08564423812678898,-2.0739259540670854,-1.9989991233186772,-0.08564423812678898,-2.0739259540670854,-1.9989991233186772,-0.08564423812678898,-2.0739259540670854,-1.9989991233186772,-0.08564423812678898,-2.0739259540670854,-1.9989991233186772,-0.08564423812678898,-2.0739259540670854,-1.9989991233186772,-0.08564423812678898,-2.0739259540670854,-1.9989991233186772,-0.08564423812678898,-2.0739259540670854,-1.9989991233186772,-0.08564423812678898,-2.0739259540670854,-1.9989991233186772,-0.08564423812678898,-2.0739259540670854,-1.9989991233186772,-0.08564423812678898,-1.5077248486578443,-1.1097509548756492,-0.08564452490510806,-1.5042674703542476,-1.188010903947267,-0.08435535125690652,-1.4828966426693873,-1.2625539851259706,-0.08799696145641026,-1.469044568618883,-1.3164402518134628,-0.0935475642373943,-1.474905956841677,-1.354269272874567,-0.09767148065371187,-1.4520329062801427,-1.2729942847319595,-0.09026273252764085,-1.4045780669784007,-1.2766435156163427,-0.10261380452811124,-1.4106953632304884,-1.2580404382984778,-0.11140687314756943,-1.42594389866819,-1.2491414432355885,-0.1166154267401703,-1.4392189298708244,-1.2383697512831353,-0.09804074647849761,-1.391976950125253,-1.2385023610560852,-0.10350603762060016,-1.4022333503689632,-1.222620333069187,-0.1047554741665101,-1.4194204127757357,-1.21448135126009,-0.10746645079092758,-1.4289461730498532,-1.1987452797463067,-0.10633405308543277,-1.3861748814964976,-1.199508954522602,-0.1096708907964431,-1.3972684679524345,-1.1860949406820218,-0.10391521510908,-1.4145179958769776,-1.1795424202893288,-0.10186718150608556,-1.4212492878540748,-1.1580512432682633,-0.11502783599454969,-1.385940458587078,-1.1586838762364564,-0.11417599953642639,-1.3957922935689349,-1.148310471732715,-0.10671428082606697,-1.4113940227110497,-1.1427760620932486,-0.10227397416440541,0.48746663169353677,-0.042119322183722364,-0.07511294495585237,-0.48746663169353677,0.042119322183722364,0.07511294495585237,0.7761581367715845,0.9952861084157248,-0.3559348388758036,-0.8082084275378737,1.2437551534614997,-0.9714417804326674,0.6202032305697571,1.4664349117556004,-1.120913322821831,-0.6354994947478837,0.2655653071552652,-2.622710072467799
Aliya,I am Fine,-2.122231811108527,-2.022314232144064,-0.10660148554505836,-2.122231811108527,-2.022314232144064,-0.10660148554505836,-2.122231811108527,-2.022314232144064,-0.10660148554505836,-2.122231811108527,-2.022314232144064,-0.10660148554505836,-2.122231811108527,-2.022314232144064,-0.10660148554505836,-2.122231811108527,-2.022314232144064,-0.10660148554505836,-2.122231811108527,-2.022314232144064,-0.10660148554505836,-2.122231811108527,-2.022314232144064,-0.10660148554505836,-2.122231811108527,-2.022314232144064,-0.10660148554505836,-2.122231811108527,-2.022314232144064,-0.10660148554505836,-2.122231811108527,-2.022314232144064,-0.10660148554505836,-2.122231811108527,-2.022314232144064,-0.10660148554505836,-2.122231811108527,-2.022314232144064,-0.10660148554505836,-2.122231811108527,-2.022314232144064,-0.10660148554505836,-2.122231811108527,-2.022314232144064,-0.10660148554505836,-2.122231811108527,-2.022314232144064,-0.10660148554505836,-2.122231811108527,-2.022314232144064,-0.10660148554505836,-2.122231811108527,-2.022314232144064,-0.10660148554505836,-2.122231811108527,-2.022314232144064,-0.10660148554505836,-2.122231811108527,-2.022314232144064,-0.10660148554505836,-2.122231811108527,-2.022314232144064,-0.10660148554505836,-1.3998247976297398,-0.930280067638241,-0.1066018073427422,-1.3980403322474455,-1.0222994979009756,-0.10510539712310844,-1.3730103153046453,-1.1104503829189203,-0.11015122191164166,-1.355848168729941,-1.1737220725791628,-0.11770921741637864,-1.3609804923233304,-1.2189627848756108,-0.12363647559550796,-1.3249600796249348,-1.130287749891467,-0.11167012797959604,-1.2681127570058448,-1.1376749666779766,-0.12569558691437127,-1.2753013521112617,-1.116442169018697,-0.13587372579400875,-1.2931512586000071,-1.1040296710417081,-0.141648441223007,-1.3078865821590118,-1.090206265034061,-0.12098926162964824,-1.2553663973448053,-1.0923103987774119,-0.12615569664783222,-1.2679745626916397,-1.0749138108257996,-0.12716954867163371,-1.2883561906458139,-1.0643409189889435,-0.12978506155221425,-1.2952975231648138,-1.0423940856590892,-0.13086844321519117,-1.2501883707730246,-1.0456052558789686,-0.13312773785132095,-1.2636591162400954,-1.0308909441244667,-0.12543111277064828,-1.2838637220441993,-1.0215302411709815,-0.12251082157963981,-1.2868762745196216,-0.9927578677588258,-0.14130787800550565,-1.2510287166431735,-0.996624486422148,-0.13900096956553132,-1.2640800948018265,-0.9847504688740745,-0.12875829690364593,-1.2818492336710516,-0.9770300397458574,-0.12227385498857883,0.49022644599271936,-0.025143983978122484,-0.06842325364201333,-0.49022644599271936,0.025143983978122484,0.06842325364201333,0.7613689938541647,1.0151244986518673,-0.27020274375012027,-0.8747004909207705,1.2597745537485696,-0.9894293409298287,0.6718614975687861,1.5412512607086655,-0.9758812108512402,-0.646022713270579,0.25552010120384255,-2.5469438730754477
Aliya,I am Fine,-2.0626946256908676,-1.9837794088967997,-0.08138240621663079,-2.0626946256908676,-1.9837794088967997,-0.08138240621663079,-2.0626946256908676,-1.9837794088967997,-0.08138240621663079,-2.0626946256908676,-1.9837794088967997,-0.08138240621663079,-2.0626946256908676,-1.9837794088967997,-0.08138240621663079,-2.0626946256908676,-1.9837794088967997,-0.08138240621663079,-2.0626946256908676,-1.9837794088967997,-0.08138240621663079,-2.0626946256908676,-1.9837794088967997,-0.08138240621663079,-2.0626946256908676,-1.9837794088967997,-0.08138240621663079,-2.0626946256908676,-1.9837794088967997,-0.08138240621663079,-2.0626946256908676,-1.9837794088967997,-0.08138240621663079,-2.0626946256908676,-1.9837794088967997,-0.08138240621663079,-2.0626946256908676,-1.9837794088967997,-0.08138240621663079,-2.0626946256908676,-1.9837794088967997,-0.08138240621663079,-2.0626946256908676,-1.9837794088967997,-0.08138240621663079,-2.0626946256908676,-1.9837794088967997,-0.08138240621663079,-2.0626946256908676,-1.9837794088967997,-0.08138240621663079,-2.0626946256908676,-1.9837794088967997,-0.08138240621663079,-2.0626946256908676,-1.9837794088967997,-0.08138240621663079,-2.0626946256908676,-1.9837794088967997,-0.08138240621663079,-2.0626946256908676,-1.9837794088967997,-0.08138240621663079,-1.6957629438591633,-1.4175856479507694,-0.08138252775829892,-1.690074091843184,-1.4645754765469632,-0.08074921630242458,-1.6749357971462273,-1.5083158989674736,-0.08405967728224846,-1.6658574020823922,-1.5404349706176903,-0.0886421652550829,-1.667462057846954,-1.564243494076415,-0.09253621742225678,-1.6537608411572395,-1.518109424254806,-0.0867908532284054,-1.6211358230570359,-1.5226065540475147,-0.0957179252711564,-1.6203730226343642,-1.511496493388603,-0.1017300930679085,-1.6265492965624955,-1.5059606613472911,-0.10531595071060958,-1.6472975509529704,-1.4965147239057366,-0.0923347864220513,-1.6146645242021411,-1.4971192268050528,-0.09684406877932415,-1.617453768699888,-1.488793359558373,-0.09779990809444833,-1.6252035672329646,-1.4848590009742135,-0.09964146821469089,-1.6427184131799315,-1.4710670616693564,-0.09822685482261202,-1.613329302325121,-1.470639150914646,-0.1010178758501565,-1.6170438086573737,-1.464323851246207,-0.09736983080744312,-1.6246773356053457,-1.461761365659854,-0.09617324641900633,-1.6398604177638685,-1.4445265403974916,-0.10446011888103418,-1.6166622561732842,-1.4432991771855763,-0.10473671903459407,-1.619872445180462,-1.4388747640044026,-0.10038563400650029,-1.6265414060404175,-1.4372087011086863,-0.09785242164330261,0.4820584457981569,-0.03150383266973,-0.09024259979693476,-0.4820584457981569,0.03150383266973,0.09024259979693476,0.7377872514399676,1.0230784041811172,-0.4853263868219288,-0.8378225440119734,1.2057466013806688,-1.01339108104176,0.5087448391620484,1.3900737746873066,-1.3160629334010359,-0.6139662407169901,0.26893951977887803,-2.6767186128876417
Aliya,I am Fine,-2.128564546554409,-2.034433026404858,-0.02244030973295025,-2.128564546554409,-2.034433026404858,-0.02244030973295025,-2.128564546554409,-2.034433026404858,-0.02244030973295025,-2.128564546554409,-2.034433026404858,-0.02244030973295025,-2.128564546554409,-2.034433026404858,-0.02244030973295025,-2.128564546554409,-2.034433026404858,-0.02244030973295025,-2.128564546554409,-2.034433026404858,-0.02244030973295025,-2.128564546554409,-2.034433026404858,-0.02244030973295025,-2.128564546554409,-2.034433026404858,-0.02244030973295025,-2.128564546554409,-2.034433026404858,-0.02244030973295025,-2.128564546554409,-2.034433026404858,-0.02244030973295025,-2.128564546554409,-2.034433026404858,-0.02244030973295025,-2.128564546554409,-2.034433026404858,-0.02244030973295025,-2.128564546554409,-2.034433026404858,-0.02244030973295025,-2.128564546554409,-2.034433026404858,-0.02244030973295025,-2.128564546554409,-2.034433026404858,-0.02244030973295025,-2.128564546554409,-2.034433026404858,-0.02244030973295025,-2.128564546554409,-2.034433026404858,-0.02244030973295025,-2.128564546554409,-2.034433026404858,-0.02244030973295025,-2.128564546554409,-2.034433026404858,-0.02244030973295025,-2.128564546554409,-2.034433026404858,-0.02244030973295025,-1.5465413883004764,-1.1499486243355777,-0.0224405538119442,-1.5441430828922809,-1.2262983594132941,-0.022487478273578887,-1.52049832031257,-1.3005505625987694,-0.02781863888406313,-1.5038390203611716,-1.3521573503177688,-0.034550337280626224,-1.5053849417631462,-1.390420696942379,-0.039787141603401965,-1.4906223103974365,-1.3032611573023685,-0.035279791553763686,-1.4380863338949361,-1.314871656346949,-0.04897553033150318,-1.4435290500221976,-1.3005360039735958,-0.05659182873361135,-1.4577016241723997,-1.293119860214752,-0.06032268465770927,-1.4777193274654985,-1.2658934191483973,-0.04277432000970749,-1.4274032851040837,-1.2762487383765606,-0.049098641652100546,-1.4371860960993987,-1.2648474665724085,-0.04802915522903682,-1.4532740892696234,-1.257957769539838,-0.04857859582869593,-1.4672093386015326,-1.2242653137874548,-0.05047331180857871,-1.4241499533801012,-1.234212760462808,-0.05366533507040428,-1.434531082968173,-1.2250272416679837,-0.04506996475548626,-1.4504779456681742,-1.2192188784104556,-0.04092979780037408,-1.4594883714294142,-1.182890856504311,-0.058546972494255285,-1.4250449564665904,-1.1928058813191125,-0.05677861460952831,-1.4358706679418827,-1.185407449347582,-0.04676324174702868,-1.4511152400168938,-1.1801360402274164,-0.04053895003564058,0.4940149491029581,-0.029246304479584734,-0.049480474762357646,-0.4940149491029581,0.029246304479584734,0.049480474762357646,0.7579660795183941,1.0090682291040491,-0.3518773556807173,-0.8471013228322577,1.255744518099812,-0.876600801959671,0.5974342316133261,1.3974169802616279,-1.1697327894191283,-0.6213707246619775,0.4506158210545993,-2.4366716879909505
Aliya,I am Fine,-2.109491725031073,-2.014094491639859,-0.05981177813405867,-2.109491725031073,-2.014094491639859,-0.05981177813405867,-2.109491725031073,-2.014094491639859,-0.05981177813405867,-2.109491725031073,-2.014094491639859,-0.05981177813405867,-2.109491725031073,-2.014094491639859,-0.05981177813405867,-2.109491725031073,-2.014094491639859,-0.05981177813405867,-2.109491725031073,-2.014094491639859,-0.05981177813405867,-2.109491725031073,-2.014094491639859,-0.05981177813405867,-2.109491725031073,-2.014094491639859,-0.05981177813405867,-2.109491725031073,-2.014094491639859,-0.05981177813405867,-2.109491725031073,-2.014094491639859,-0.05981177813405867,-2.109491725031073,-2.014094491639859,-0.05981177813405867,-2.109491725031073,-2.014094491639859,-0.05981177813405867,-2.109491725031073,-2.014094491639859,-0.05981177813405867,-2.109491725031073,-2.014094491639859,-0.05981177813405867,-2.109491725031073,-2.014094491639859,-0.05981177813405867,-2.109491725031073,-2.014094491639859,-0.05981177813405867,-2.109491725031073,-2.014094491639859,-0.05981177813405867,-2.109491725031073,-2.014094491639859,-0.05981177813405867,-2.109491725031073,-2.014094491639859,-0.05981177813405867,-2.109491725031073,-2.014094491639859,-0.05981177813405867,-1.676763843513518,-1.3503926070606933,-0.05981199644962904,-1.6717680186758705,-1.4125438255777276,-0.057775732244925576,-1.6514207753686856,-1.4692482803850808,-0.06102261262657743,-1.6368581962681545,-1.5095285697348046,-0.0658564248043489,-1.6366473617262343,-1.5372182432401809,-0.06958485273744407,-1.6296411538487015,-1.4767945067695865,-0.06515080740064223,-1.5890057887472389,-1.4860479789246923,-0.07381329877665346,-1.593255770009422,-1.4732735191018602,-0.07905110582064227,-1.6036055550861754,-1.4649263800828234,-0.08179141188038024,-1.6201819770648533,-1.4483257462025143,-0.07134720368264885,-1.582902265383105,-1.4560698560419254,-0.07450102801821534,-1.590550060516142,-1.4454767525124772,-0.07402807247670574,-1.6028802572459784,-1.4375592594392388,-0.07514214457997656,-1.6124383632802934,-1.4164366542393407,-0.0775553863432137,-1.5806860137049044,-1.4255047487419479,-0.07867861014826395,-1.5888582855367182,-1.4166919201508128,-0.0726925021150648,-1.6012304583023795,-1.4096119731833339,-0.07024477003254614,-1.6066302447196392,-1.38498548606075,-0.08385152794808262,-1.5798800500375654,-1.395219925571638,-0.08112841022516293,-1.587325427483009,-1.3887699514348952,-0.07326621318510387,-1.5983132075464133,-1.3827727543639903,-0.06851625428998366,0.49502040633715766,-0.02634258164412127,-0.04534673516026484,-0.49502040633715766,0.02634258164412127,0.04534673516026484,0.7346502949255317,1.038040631671759,-0.40778450050019616,-0.8252786453077461,1.2572321065155678,-0.9800803717856003,0.5563104984337235,1.447416464433623,-1.3211253450352491,-0.6295579660518877,0.37364657406422974,-2.7212025433346425
Aliya,I am Fine,-2.0616882944973485,-1.9684411150126437,-0.050263342653539614,-2.0616882944973485,-1.9684411150126437,-0.050263342653539614,-2.0616882944973485,-1.9684411150126437,-0.050263342653539614,-2.0616882944973485,-1.9684411150126437,-0.050263342653539614,-2.0616882944973485,-1.9684411150126437,-0.050263342653539614,-2.0616882944973485,-1.9684411150126437,-0.050263342653539614,-2.0616882944973485,-1.9684411150126437,-0.050263342653539614,-2.0616882944973485,-1.9684411150126437,-0.050263342653539614,-2.0616882944973485,-1.9684411150126437,-0.050263342653539614,-2.0616882944973485,-1.9684411150126437,-0.050263342653539614,-2.0616882944973485,-1.9684411150126437,-0.050263342653539614,-2.0616882944973485,-1.9684411150126437,-0.050263342653539614,-2.0616882944973485,-1.9684411150126437,-0.050263342653539614,-2.0616882944973485,-1.9684411150126437,-0.050263342653539614,-2.0616882944973485,-1.9684411150126437,-0.050263342653539614,-2.0616882944973485,-1.9684411150126437,-0.050263342653539614,-2.0616882944973485,-1.9684411150126437,-0.050263342653539614,-2.0616882944973485,-1.9684411150126437,-0.050263342653539614,-2.0616882944973485,-1.9684411150126437,-0.050263342653539614,-2.0616882944973485,-1.9684411150126437,-0.050263342653539614,-2.0616882944973485,-1.9684411150126437,-0.050263342653539614,-1.409171391096956,-0.9565089779542001,-0.050263613873457506,-1.4019202432553244,-1.0383508084076052,-0.04826011169453452,-1.3737384854149837,-1.1176546441656325,-0.05240897737768341,-1.3536319250883748,-1.1734518151809046,-0.058510049199760106,-1.3526449652850956,-1.217443571600043,-0.06307877875393224,-1.3471586015401307,-1.1285033677718053,-0.0610480156631224,-1.2921189837364155,-1.150636495794928,-0.0751684025137244,-1.2978655110646338,-1.136609073983854,-0.08296475245390347,-1.3139041644201592,-1.128134647987836,-0.08634678085962845,-1.3351147816800206,-1.0911697643116043,-0.06962644779471745,-1.2819497228990189,-1.1074581304897146,-0.0760316529215832,-1.2945307022792534,-1.0918974020627026,-0.07469399278024885,-1.3148548359433585,-1.0810517474506058,-0.07504662748234676,-1.3257766372154125,-1.0483354907675786,-0.07829980896916372,-1.2798730146444912,-1.0656463829498786,-0.08111783602720489,-1.2938491718904228,-1.0520216629473724,-0.07132071980275621,-1.3136547175971278,-1.0417189431268932,-0.06666007833198091,-1.3189795582482786,-1.0055015297424004,-0.0872288424141878,-1.282177877277662,-1.0236995743925796,-0.08479914541037022,-1.2951365994462611,-1.014692491606624,-0.07339092360242683,-1.3132894378079545,-1.006507811355985,-0.0662054432710485,0.4794787405306919,-0.03026538574923096,-0.12061752404711706,-0.4794787405306919,0.03026538574923096,0.12061752404711706,0.818075965084568,1.016039849370457,-0.5357285687401518,-0.8794075453655091,1.2356411727215484,-0.9585894602769709,0.47048732060491244,1.3243859475870794,-1.3438074382235432,-0.5918959905718839,0.35250683783970754,-2.7300363406880366
Aliya,I dont Understand,-1.9865022136906658,-1.7609093697920044,0.1683714867395822,-1.9931919039025812,-1.7654924369649567,0.16738868661691741,-2.001381676454179,-1.765411061666634,0.16713699107400845,-2.0077774884008286,-1.7620691982716536,0.16706841263425137,-2.011586750759012,-1.7581800138358885,0.16699742151223684,-2.0035987846912278,-1.7622209629470058,0.1672059825231994,-2.0112448446937115,-1.758436292620749,0.16615358671786298,-2.015397148193979,-1.755902017104936,0.1652491330681329,-2.018064414142481,-1.7540636246396244,0.1647251498825812,-2.0022446217852585,-1.7570197563095435,0.16732094333755212,-2.00973324074894,-1.7526871921725744,0.16671120011736856,-2.013458422426958,-1.7510478583852134,0.16602178776649396,-2.0155932302719495,-1.7502521220062468,0.16548192328499287,-2.0005648433991197,-1.752728446410158,0.16740563542535125,-2.0075008249405033,-1.7488366096354184,0.16711010245528338,-2.010620836870334,-1.748159895303636,0.16717552730330762,-2.012432749090032,-1.7483162459335566,0.16715239201779755,-1.9987970014232834,-1.7495077308322733,0.16740865110454337,-2.0044956946920682,-1.746697868957144,0.16737858934666622,-2.006890358496893,-1.7462720277877788,0.1679695152012478,-2.008180339596887,-1.7465681618674405,0.16846484685570065,-1.8136805350734604,-1.593926697944253,0.16837142554537518,-1.7989083135160953,-1.6212979936810852,0.17039201183293776,-1.7940823146590386,-1.6525256751567157,0.17129637059023042,-1.791657096138715,-1.67312203755591,0.16993660131251292,-1.7874487311809044,-1.685032993295299,0.16873041664681304,-1.8157230723660276,-1.6831767382041964,0.17526448709696615,-1.8131956070679254,-1.711466737262494,0.1708060368620937,-1.814297959338973,-1.7199931436785758,0.1664255400683499,-1.8176965787607196,-1.7252264726691813,0.16353745820738907,-1.8225975359647988,-1.6799394428764634,0.17017478585013787,-1.8201257544673297,-1.7066710291653355,0.16662862645102752,-1.8226463589100919,-1.7144650007162137,0.16329088597884664,-1.8276256605021823,-1.7209448704429922,0.16086584908570234,-1.8266307065320333,-1.672289003655617,0.16421427361873395,-1.8237838546138252,-1.694161562817269,0.16087920288777535,-1.8272462614995295,-1.7002300219467565,0.1597192209765117,-1.832641641792632,-1.7063562142599216,0.1588805043264878,-1.8288616991783033,-1.6607383218170686,0.1579588003215677,-1.8287089313117826,-1.6759194244140905,0.15654840580664198,-1.8334760851676686,-1.680790469493214,0.15761139233129903,-1.8393702754830958,-1.685876781798496,0.15825701952047658,0.4876050604530922,-0.023949204723769702,-0.013219534227131529,-0.4876050604530922,0.023949204723769702,0.013219534227131529,0.710903746303974,1.0955025655212178,-0.3755112371998724,-0.7087978364750414,1.116079805367458,-0.9349444179014891,0.4416513858068902,1.4105430466119515,-1.389275606813169,-0.5567335814079188,0.3099101924013746,-2.5123326637394094
Aliya,I dont Understand,-2.1384495445351006,-1.902630392385364,0.1454101108677246,-2.141547652298424,-1.9050001962989256,0.14479182517899405,-2.1456680289343426,-1.904780802167713,0.14452956654945157,-2.148899733549205,-1.9028776112755417,0.14441127718838118,-2.1506370077346415,-1.900506957751145,0.1442948031876523,-2.1463906892183484,-1.9033254413237006,0.1441271651314467,-2.1501286828750366,-1.9007113020254505,0.14341020439964441,-2.1518050905909667,-1.8986924841936614,0.14301997723371376,-2.1525405300387233,-1.8971939319373212,0.14288378134604607,-2.145364163757573,-1.9003922480243733,0.1442681532404547,-2.1487126830054106,-1.897505765692121,0.14381825896904976,-2.150076568739537,-1.8960360725398744,0.14357779611463015,-2.1505779447059394,-1.8951204969583306,0.14341645532251565,-2.144264813112816,-1.8978829683553056,0.14440254297790775,-2.1472944944627668,-1.89531726591922,0.14420915485339042,-2.1484403572123085,-1.894260760124803,0.14427582594755786,-2.148852243839769,-1.8937300177693894,0.14430090738330376,-2.1432645782564457,-1.8959321031750604,0.14449901545784452,-2.1458290263347535,-1.8939056259894842,0.144461244503893,-2.146755556962365,-1.8931024270081473,0.1446659874887893,-2.1471770510612456,-1.892700294579496,0.14484936848784727,-1.5658220748315816,-1.2792235603171513,0.14541016159078973,-1.5430760130282515,-1.3374831067947823,0.14983087508993864,-1.5303184106262717,-1.3992753477332946,0.15096873360984062,-1.5196493493982117,-1.4394392245734793,0.14739082600004144,-1.5047902676787042,-1.4620055217672345,0.14339813391566847,-1.5703333556442864,-1.4615686578428986,0.15956071504376812,-1.5672702538008993,-1.5252263735837537,0.15185032132016593,-1.564749910036436,-1.5541767114757898,0.14362469375694753,-1.5647120467545543,-1.5747405490931827,0.13784096292832163,-1.581708883623195,-1.4584612041966631,0.14883957561000036,-1.5737766566956408,-1.5186992000230852,0.14169950354258656,-1.5735191445513304,-1.538780479626527,0.13444077224068876,-1.5770726289405046,-1.5547250526486003,0.12962068943905,-1.5882537014883844,-1.4453624183916411,0.1366616411891932,-1.5814934872074855,-1.4948462961004272,0.13002637634496292,-1.58267258389535,-1.509745110232556,0.12692888343157427,-1.5860219960848048,-1.523409391088138,0.1250577042611801,-1.5925115386958566,-1.4233723927224133,0.12393624874179265,-1.5912292442685978,-1.4578192000527144,0.12139706786367695,-1.5947379518685305,-1.4699293061658807,0.1237044026696073,-1.598835175860886,-1.4811186096174078,0.1253934019111317,0.4866620805809681,-0.014065092449616252,0.04617871232712023,-0.4866620805809681,0.014065092449616252,-0.04617871232712023,0.7633383186604141,1.2206732073848794,-0.13438131181185642,-0.7600222863976382,1.1311270558990125,-0.9586279742972803,0.6483467102791443,1.6860760482559243,-1.0019128673046833,-0.6016093687805139,0.242442665149646,-2.4909204398992877
Aliya,I dont Understand,-2.219202732663063,-2.0131198366260716,0.12504499671800692,-2.219202732663063,-2.0131198366260716,0.12504499671800692,-2.219202732663063,-2.0131198366260716,0.12504499671800692,-2.219202732663063,-2.0131198366260716,0.12504499671800692,-2.219202732663063,-2.0131198366260716,0.12504499671800692,-2.219202732663063,-2.0131198366260716,0.12504499671800692,-2.219202732663063,-2.0131198366260716,0.12504499671800692,-2.219202732663063,-2.0131198366260716,0.12504499671800692,-2.219202732663063,-2.0131198366260716,0.12504499671800692,-2.219202732663063,-2.0131198366260716,0.12504499671800692,-2.219202732663063,-2.0131198366260716,0.12504499671800692,-2.219202732663063,-2.0131198366260716,0.12504499671800692,-2.219202732663063,-2.0131198366260716,0.12504499671800692,-2.219202732663063,-2.0131198366260716,0.12504499671800692,-2.219202732663063,-2.0131198366260716,0.12504499671800692,-2.219202732663063,-2.0131198366260716,0.12504499671800692,-2.219202732663063,-2.0131198366260716,0.12504499671800692,-2.219202732663063,-2.0131198366260716,0.12504499671800692,-2.219202732663063,-2.0131198366260716,0.12504499671800692,-2.219202732663063,-2.0131198366260716,0.12504499671800692,-2.219202732663063,-2.0131198366260716,0.12504499671800692,-1.5343262120140089,-1.1929915636951243,0.12504497807421389,-1.5101696786411494,-1.2632646445279387,0.13562937399391747,-1.4947027952197771,-1.3255319057309753,0.13852385330737668,-1.4829853651397746,-1.3637257625237427,0.13543283586028815,-1.4706219184748968,-1.3860057102726306,0.1319144256295468,-1.5272612839452284,-1.3893882532938688,0.14472832430331103,-1.5151570721849017,-1.4462737739493239,0.1381171340787251,-1.5098863075465239,-1.4676907526118623,0.13057577703901757,-1.508619988901529,-1.4819229944104102,0.1253519152746731,-1.5325946245822535,-1.3798168612997657,0.1316612517863027,-1.5180756620369131,-1.4294622475044967,0.12604528226703687,-1.5171509087790174,-1.4387673828299474,0.12001757092944255,-1.5211862131732465,-1.4445844061953372,0.1158756316867578,-1.5339281611451565,-1.3601050083894697,0.11757009747186432,-1.5215406089283108,-1.3984217348670451,0.11244984460728326,-1.5248439443920232,-1.4034521458718365,0.11109971107187568,-1.5316355386319196,-1.4077960274477335,0.11016507412972508,-1.5327465232330753,-1.333322383312906,0.10337953572181997,-1.5266794298860875,-1.3587434449281999,0.10237493581555844,-1.532791203549057,-1.3641867264068734,0.10583673463633636,-1.540821085838091,-1.3690835349286525,0.10837659645188011,0.4843268273165351,-0.014743931513737494,-0.009484260937141168,-0.4843268273165351,0.014743931513737494,0.009484260937141168,0.7565873461720727,1.2423028354625743,-0.24604210386749117,-0.7459441640442638,1.1404483953844446,-1.1189075713939018,0.5958605634279222,1.617728278873017,-1.0758210333769822,-0.6302025245139147,0.11826125944166184,-2.883010899762214
Aliya,I dont Understand,-2.30619968142649,-2.082071805867539,0.14732009508453886,-2.30619968142649,-2.082071805867539,0.14732009508453886,-2.30619968142649,-2.082071805867539,0.14732009508453886,-2.30619968142649,-2.082071805867539,0.14732009508453886,-2.30619968142649,-2.082071805867539,0.14732009508453886,-2.30619968142649,-2.082071805867539,0.14732009508453886,-2.30619968142649,-2.082071805867539,0.14732009508453886,-2.30619968142649,-2.082071805867539,0.14732009508453886,-2.30619968142649,-2.082071805867539,0.14732009508453886,-2.30619968142649,-2.082071805867539,0.14732009508453886,-2.30619968142649,-2.082071805867539,0.14732009508453886,-2.30619968142649,-2.082071805867539,0.14732009508453886,-2.30619968142649,-2.082071805867539,0.14732009508453886,-2.30619968142649,-2.082071805867539,0.14732009508453886,-2.30619968142649,-2.082071805867539,0.14732009508453886,-2.30619968142649,-2.082071805867539,0.14732009508453886,-2.30619968142649,-2.082071805867539,0.14732009508453886,-2.30619968142649,-2.082071805867539,0.14732009508453886,-2.30619968142649,-2.082071805867539,0.14732009508453886,-2.30619968142649,-2.082071805867539,0.14732009508453886,-2.30619968142649,-2.082071805867539,0.14732009508453886,-1.5305037270558177,-1.1912913076714593,0.14732013449255624,-1.4993653627589856,-1.2641730897260068,0.15300504290586014,-1.4799260746383243,-1.3302601133080665,0.15303853262339556,-1.4675021651608677,-1.3728957429078543,0.14804003108660801,-1.455484656590965,-1.3976615271672563,0.14315376389902984,-1.5157558333122239,-1.396467472152289,0.16148952930038987,-1.4917856232106532,-1.4561540104710715,0.15128127715566048,-1.4818719374018523,-1.4769574946630908,0.14110329385577627,-1.478832823876696,-1.4911974019684975,0.1344902508164398,-1.524215010873465,-1.3877948272916696,0.15064846110594965,-1.4978861637524827,-1.4445882039311388,0.14314161672168565,-1.494581416184786,-1.4534539489745182,0.13655995916559593,-1.4986982266197217,-1.4603850060397747,0.13195795925496862,-1.5279264568284279,-1.3691621989122715,0.13843584434371917,-1.5042747663160423,-1.4156426631467753,0.13303206338058643,-1.504837047593628,-1.4187252825796983,0.13294262782202954,-1.510553299914757,-1.4226095061533222,0.13264520978287467,-1.5292573027400058,-1.3432562252678097,0.12564449554566365,-1.5128415384124112,-1.3737704776468613,0.12642810171714025,-1.5145439324727399,-1.3766927085260396,0.13197383564754156,-1.5197535557117676,-1.3798687827362115,0.13566994597834098,0.4960864852203482,-0.00014784441000768913,-0.030975214307078,-0.4960864852203482,0.00014784441000768913,0.030975214307078,0.7761047900352775,1.3155430967940265,-0.2176391702607169,-0.8314219797752602,1.121068669035671,-1.1558066173292125,0.7202700080786443,1.8728814125810886,-1.0055964825327965,-0.6696669929004678,0.0909231211028027,-2.9553759716034387
Aliya,I dont Understand,-2.2333492545615976,-2.005196987223278,0.14319440746562423,-2.2345211378937493,-2.0064716943994316,0.14282882078612444,-2.236153480616162,-2.0069076779005504,0.14251751779086608,-2.237326843621631,-2.006940969055578,0.14226649480895343,-2.237736961237462,-2.0068089283893404,0.14199935940833117,-2.237229176214949,-2.006050630190289,0.14238604914354008,-2.2391568647208047,-2.004511456069826,0.14192778815175555,-2.240028209961326,-2.003339303706162,0.14161447255790952,-2.2403786474200107,-2.0025188353138565,0.14145430987822902,-2.236839185145477,-2.0045365836130746,0.1424035762663254,-2.2386859848433014,-2.003039560752111,0.14208793336307052,-2.239273397214978,-2.0022850828005345,0.14188228025707136,-2.2394140020510234,-2.001814343417265,0.14174161133921384,-2.2363399134757085,-2.0031683820079182,0.14242078704354943,-2.2379808652065147,-2.0019896383722027,0.1422523101224673,-2.238422507337109,-2.0014838710860317,0.14225578044214857,-2.238512292120481,-2.0012353278180113,0.14225812690136994,-2.2358204465070837,-2.002047402427133,0.14241736940920602,-2.2371868426118686,-2.001224775804251,0.14236110917503997,-2.2374532107121983,-2.000946118942287,0.1424998369090984,-2.2374361720497524,-2.000858689679267,0.1426243401157194,-1.4415675418090295,-1.0817399301545811,0.14319444522209837,-1.4065548856261871,-1.1539002522310413,0.15093797484070562,-1.3877720183697644,-1.2296586892106185,0.1540994336750879,-1.37526131278362,-1.2827979522486332,0.1515983208460783,-1.3618137700371502,-1.3145103808356753,0.14903811861334199,-1.431238656220881,-1.3072263472722208,0.16413098430380735,-1.424734297906876,-1.3845115822282237,0.15586292788389475,-1.4238805664713463,-1.419700768828554,0.14643142292614753,-1.4269799859942092,-1.4448726655177893,0.13980788547735412,-1.4447815339217538,-1.3019803630059126,0.15091260628292383,-1.4340976995946781,-1.3780839272994498,0.1442102816552553,-1.4330179098980897,-1.4059901546772635,0.13634162000892083,-1.4366706689717788,-1.42646811325758,0.1306054563709674,-1.4535374103509033,-1.2855521737898818,0.13594921154819856,-1.4433167661945476,-1.3528025923579095,0.1294241681339357,-1.443217846719477,-1.37673598363992,0.12651569016397052,-1.4469723109754746,-1.39528182331356,0.12446393721214433,-1.4592240069797375,-1.2601073670193004,0.12054767866645143,-1.4530615910672298,-1.312291966056988,0.11799624802216657,-1.4540937715595446,-1.3321886672885936,0.1210720524545859,-1.456925670116542,-1.3475578177115384,0.12333068638378575,0.48242259788586445,-0.007834494785680074,0.022894216284601712,-0.48242259788586445,0.007834494785680074,-0.022894216284601712,0.7230934066085739,1.286488336487186,-0.16655822939254292,-0.7692334820595428,1.1398552311878678,-1.1869575733095898,0.6205454051425213,1.7455302005584068,-1.0127744684242481,-0.6359551839275006,0.06699599555720999,-2.981563316942974
Aliya,I dont Understand,-0.9718194194514121,-0.41625820092926186,0.8044181502431998,-1.0059459969665447,-0.47633026312671223,0.7956182035652548,-1.0562329072931678,-0.5037983394676158,0.7945472664318662,-1.1012776333701806,-0.5104349429363438,0.795716150413273,-1.1355259007362875,-0.5118400276257878,0.7987885198787334,-1.089218346998676,-0.4516069188006327,0.798833348189209,-1.1484471144096544,-0.43953846251720136,0.7983713601554231,-1.1603773977638772,-0.4483459179736546,0.7986561834382231,-1.1588963094395974,-0.456208775734412,0.8003125224685368,-1.0876131889339808,-0.4115751289114849,0.8050388536516558,-1.1398636661725225,-0.41050370744256043,0.8086967542246378,-1.1433796671257357,-0.42702523298061545,0.8095106363733175,-1.1361571223946898,-0.4367787452742459,0.8094291962772894,-1.0804992198710743,-0.38151449298819323,0.8110913770248498,-1.1270202635379232,-0.3839178101020466,0.8166538291719307,-1.1300761110734379,-0.3994093046406231,0.8199520780698586,-1.1237062016541923,-0.40889707689292365,0.8205770951113945,-1.0724217634951518,-0.36209058787962445,0.8164123784983811,-1.111092294975786,-0.36291535942351716,0.821973632778691,-1.1148494956746873,-0.3763746458968557,0.8276131905679199,-1.1093691936845895,-0.38473595040561503,0.8315978004235745,-1.6920000918793985,-1.4101514913394075,0.8044180401736394,-1.6880563141568217,-1.4131164113851116,0.8021195225444375,-1.685437289097271,-1.4187540994189478,0.8014860990438194,-1.6843288300355166,-1.4242343972651546,0.8009127853209168,-1.6830759956448718,-1.4283316093655503,0.8004579079089266,-1.6878073117621448,-1.4270260342781724,0.8038318994329146,-1.6879561338161875,-1.433388697309594,0.8025271429918012,-1.6887720614891815,-1.4376640753268206,0.8014261138574,-1.6897503140134704,-1.4410759344148494,0.800750499194828,-1.6906341667813976,-1.4273396628116404,0.8040920598857791,-1.691025933603916,-1.4338258038114722,0.802642227801644,-1.691801008964419,-1.438432028685268,0.8014563310688633,-1.6925361811597877,-1.4421190846276994,0.8008067983244813,-1.6933645991339825,-1.4263154875258743,0.804004904982706,-1.6936962515641023,-1.4313666119680342,0.8018380954023678,-1.6937507248464396,-1.42914435999278,0.8012769870990496,-1.69383751973327,-1.4266054535049852,0.801557416203318,-1.6961002475659672,-1.4245042723346675,0.8037210468416176,-1.6968654862210493,-1.4288339436377524,0.8021148363431368,-1.6968193086252856,-1.4282676426477232,0.8020162323653522,-1.6968460091398256,-1.427090131494063,0.8024048324004226,0.49003877846237937,0.0420823584913026,-0.003713150754144665,-0.49003877846237937,-0.0420823584913026,0.003713150754144665,0.6777880714222992,1.1820501774608052,-0.1557644986579241,-0.6999976378985322,0.9712690859358206,-0.0806715225559512,0.3434371197025236,1.3416519454520228,-1.1608593578207225,-0.6879524463761981,1.347483811418295,-1.3759184452228954
Aliya,I dont Understand,-2.184341226785844,-1.9819585775481294,0.10877162386863475,-2.184341226785844,-1.9819585775481294,0.10877162386863475,-2.184341226785844,-1.9819585775481294,0.10877162386863475,-2.184341226785844,-1.9819585775481294,0.10877162386863475,-2.184341226785844,-1.9819585775481294,0.10877162386863475,-2.184341226785844,-1.9819585775481294,0.10877162386863475,-2.184341226785844,-1.9819585775481294,0.10877162386863475,-2.184341226785844,-1.9819585775481294,0.10877162386863475,-2.184341226785844,-1.9819585775481294,0.10877162386863475,-2.184341226785844,-1.9819585775481294,0.10877162386863475,-2.184341226785844,-1.9819585775481294,0.10877162386863475,-2.184341226785844,-1.9819585775481294,0.10877162386863475,-2.184341226785844,-1.9819585775481294,0.10877162386863475,-2.184341226785844,-1.9819585775481294,0.10877162386863475,-2.184341226785844,-1.9819585775481294,0.10877162386863475,-2.184341226785844,-1.9819585775481294,0.10877162386863475,-2.184341226785844,-1.9819585775481294,0.10877162386863475,-2.184341226785844,-1.9819585775481294,0.10877162386863475,-2.184341226785844,-1.9819585775481294,0.10877162386863475,-2.184341226785844,-1.9819585775481294,0.10877162386863475,-2.184341226785844,-1.9819585775481294,0.10877162386863475,-1.64097701934828,-1.2724964756215345,0.10877162147091735,-1.6189618741410394,-1.3263095566095615,0.11203581754340719,-1.6060561179997797,-1.378630858126044,0.11269647620558546,-1.5967427119242388,-1.4108281562925038,0.11011015668389641,-1.587934559139339,-1.4282369392158234,0.10735865764284265,-1.6310887364887485,-1.4275901672032127,0.11746474162942562,-1.6270492611467386,-1.472709357088117,0.10993166308992552,-1.627336360924317,-1.489055039498744,0.10219260022757021,-1.6312480704470795,-1.501348253953131,0.0967318937181583,-1.636079973392459,-1.4174398050670185,0.10918875485563041,-1.6326052263987376,-1.4613005244956296,0.10365611256631584,-1.635853655265646,-1.4779243786916307,0.09722407471527211,-1.642113414411829,-1.4923864274899894,0.09208741855907289,-1.638506043069346,-1.4000412359679313,0.09984689155277426,-1.6358049365687657,-1.4392138194367246,0.09487746083160174,-1.639795801025379,-1.4558276825594092,0.09230763178830412,-1.6466028100944474,-1.4702723645608988,0.08992263574131462,-1.6393461403957947,-1.37764794004073,0.09006613492650692,-1.6374065959916653,-1.4068451154248058,0.0874902452541622,-1.6414862972241009,-1.4214093005108897,0.08849528615276085,-1.6471552832581393,-1.4343403247861495,0.08898626921520875,0.47657997377297556,0.008897800133058024,-0.006078488643562796,-0.47657997377297556,-0.008897800133058024,0.006078488643562796,0.6326562321514928,1.252068805483704,-0.418375488879384,-0.6828728243455094,1.1765746191486222,-0.7826378676580751,0.28007911638481575,1.3417087682607296,-1.486396465844026,-0.5762370458777858,0.6113983219235513,-2.3881891445829244
Aliya,I dont Understand,-2.239269699137473,-2.0067083562261168,0.06880158735659,-2.239269699137473,-2.0067083562261168,0.06880158735659,-2.239269699137473,-2.0067083562261168,0.06880158735659,-2.239269699137473,-2.0067083562261168,0.06880158735659,-2.239269699137473,-2.0067083562261168,0.06880158735659,-2.239269699137473,-2.0067083562261168,0.06880158735659,-2.239269699137473,-2.0067083562261168,0.06880158735659,-2.239269699137473,-2.0067083562261168,0.06880158735659,-2.239269699137473,-2.0067083562261168,0.06880158735659,-2.239269699137473,-2.0067083562261168,0.06880158735659,-2.239269699137473,-2.0067083562261168,0.06880158735659,-2.239269699137473,-2.0067083562261168,0.06880158735659,-2.239269699137473,-2.0067083562261168,0.06880158735659,-2.239269699137473,-2.0067083562261168,0.06880158735659,-2.239269699137473,-2.0067083562261168,0.06880158735659,-2.239269699137473,-2.0067083562261168,0.06880158735659,-2.239269699137473,-2.0067083562261168,0.06880158735659,-2.239269699137473,-2.0067083562261168,0.06880158735659,-2.239269699137473,-2.0067083562261168,0.06880158735659,-2.239269699137473,-2.0067083562261168,0.06880158735659,-2.239269699137473,-2.0067083562261168,0.06880158735659,-1.5581703120463652,-1.176063925086354,0.0688015852185363,-1.5344297158042401,-1.2378440506356054,0.07329528980974051,-1.5210543505234417,-1.2962695805599123,0.07658944297546356,-1.513274652787727,-1.3306246233066696,0.07647557832478487,-1.504465913449814,-1.3481094698431726,0.07631545725468176,-1.5431198421069405,-1.3454663574460064,0.08508786355744763,-1.5439638445348793,-1.3866695303467906,0.07969756622704233,-1.5511874477310992,-1.407875755194416,0.07203000164709339,-1.5597655739195895,-1.427567646140116,0.06604194437993292,-1.5491028485548493,-1.3340311650522727,0.07612166072402339,-1.5547495886077114,-1.3766516560162705,0.07337073481903691,-1.563294720465055,-1.4009843171111562,0.0669968407770152,-1.5717289797991802,-1.4231937470842622,0.06164225642578117,-1.5540898074322467,-1.3141081353406652,0.06574401465178217,-1.5619967054245396,-1.3537889882837661,0.06278159078882657,-1.5709869457254246,-1.3780791539125814,0.05992850187680642,-1.5787876510053216,-1.400244277721229,0.057085241564008626,-1.5585395786364626,-1.2878619636743487,0.05475089244466402,-1.5682404470404065,-1.31611181000746,0.05306336542703605,-1.577296442500902,-1.3366928101217497,0.05415509641508112,-1.5838322430277718,-1.3565153670600023,0.054839795287701554,0.4749670556158291,-0.004522531456323847,0.0848432013022835,-0.4749670556158291,0.004522531456323847,-0.0848432013022835,0.6393168620182234,1.2247892563157519,-0.1260720950953662,-0.7086898128524753,1.1859947994190678,-1.1142313179937744,0.5346330365497377,1.5458728863142306,-1.0297710505579918,-0.5788993919071002,0.30297119252293325,-2.7460504842446882
Aliya,I dont Understand,-2.0972151407831303,-1.8492001828030766,0.16671293731205558,-2.1016472667286425,-1.848657854857655,0.1664719218731131,-2.1055798644514154,-1.8490888298857087,0.16610130408379517,-2.1083394356037166,-1.8491482797423417,0.165633047524328,-2.110457873190871,-1.8490315361733725,0.16505791212536505,-2.104622880435713,-1.8519206580626681,0.16527065634010202,-2.107419488635676,-1.8511338782375655,0.16399631071092838,-2.1089055819654035,-1.8495956716076607,0.1630157281786875,-2.109959092371938,-1.8478962467655382,0.16231402749528753,-2.1026610629325,-1.8513460380512095,0.16452904492697926,-2.104522233721843,-1.85144588445584,0.1635017995226727,-2.105574236175378,-1.850278083806173,0.16277948467140618,-2.1064561865165508,-1.848962726878373,0.16208350878368566,-2.100410301456615,-1.850213761929876,0.16374442224747948,-2.1015996929492613,-1.8507194673014717,0.16265512891281653,-2.1026360132899873,-1.8502838055203574,0.16212995410327002,-2.10356541971854,-1.8496993418540588,0.16160479569141042,-2.0980799550470413,-1.8483648280609353,0.16296283590080046,-2.098192032745741,-1.8486707806212022,0.16195689047287534,-2.0986496884809576,-1.8489468044016526,0.16165159597989043,-2.0991628165998075,-1.8490516250634945,0.16134658510605726,-1.7889974354858014,-1.5012173082625047,0.1667130228009501,-1.7747588641038965,-1.5343646723798636,0.1673895859291826,-1.7711711555097254,-1.5706568127762812,0.16748116620522993,-1.7706862665018703,-1.5965501333838066,0.16534938929682347,-1.770271116277457,-1.6133786229078995,0.16318499575602075,-1.7947346602384084,-1.6146089218170998,0.17522515738790706,-1.7961551746155329,-1.6546969009156067,0.1701512550536757,-1.7949682716622206,-1.6750130612318623,0.1643444665083265,-1.7944538127758933,-1.689349976889309,0.16027096295418203,-1.801986219548484,-1.6130298745799887,0.16984630406845264,-1.801106673217401,-1.6542179985747842,0.1656140963166795,-1.7983702263891803,-1.6724925138933884,0.16049399533798506,-1.7962524630637409,-1.6853947794792965,0.15677661674085677,-1.806654097386081,-1.6058903290858257,0.16319648652992413,-1.8055952748488546,-1.6418700000024145,0.15883087172099325,-1.8033914772067,-1.6576352617304493,0.1565260644704149,-1.8015373691614973,-1.6693237464715192,0.15502349518881017,-1.8093803521219927,-1.5937518370045873,0.15607870784702868,-1.8085968221932387,-1.6202310143104879,0.15367618998316837,-1.8074240684296479,-1.633716262403035,0.15448896476400514,-1.8060488412587903,-1.6443434472651306,0.15512875778068883,0.4829097312527939,0.007394516641870356,0.02102183848498161,-0.4829097312527939,-0.007394516641870356,-0.02102183848498161,0.6923337403681251,1.2157707894210943,-0.19164524554702547,-0.7007136101272629,1.0952657768034173,-0.8816626017727914,0.5599922613353805,1.580834909422252,-1.0499793644267352,-0.5958956282496822,0.4270268825190166,-2.446259910916495
Aliya,I dont Understand,-2.056848941314682,-1.8466397149966811,0.01879510826639748,-2.059962075928994,-1.8479526519921976,0.01826752318235422,-2.0631222621562118,-1.8480508421097617,0.018005679859681194,-2.065726404187975,-1.8475833137849471,0.017776196982514023,-2.0678918989727264,-1.8472495574621988,0.017583653115072897,-2.063414324016516,-1.8476484327340965,0.018063724180534757,-2.0668890740021917,-1.847531326328778,0.01709616710002164,-2.0694861879149897,-1.8476704293549204,0.016355140826680534,-2.0715964154296627,-1.847822899420601,0.01592030609361755,-2.063509136381946,-1.847045112822315,0.017985326600095074,-2.0669182255251304,-1.8469405967203296,0.017196386983351786,-2.0694628502055186,-1.8470712612976126,0.016619386760329938,-2.071683368953668,-1.8473687489145565,0.0162617393271,-2.0636214777550097,-1.8466429596384306,0.01785814413723273,-2.066775044627551,-1.8466177995308881,0.017242138910659982,-2.069136208809919,-1.846707172818419,0.017082517916476067,-2.071083912509862,-1.8468451711356633,0.017059733829514454,-2.0636358493848994,-1.8464759683938543,0.01766786213472016,-2.0663098079295703,-1.8463453466423314,0.01729059133210973,-2.068162786926445,-1.8464338679979169,0.017349972277409007,-2.0696890880043655,-1.8465777039658449,0.017476131400733824,-1.6604623957671898,-1.392840527614389,0.018795035470078093,-1.6405788593763753,-1.4386874842772748,0.025370190782515577,-1.6292106178853452,-1.479752865924679,0.027599355396766338,-1.621985946441089,-1.504520354038292,0.025971507486252522,-1.615551617213636,-1.5191236825666925,0.024222465827601864,-1.6477828805430712,-1.523262501286271,0.032157669786838615,-1.6393104582673665,-1.5556037913408682,0.02733130069757488,-1.6392241197448707,-1.5655796366437842,0.021753371148782077,-1.6428851795889188,-1.5733009933902657,0.017939736164244,-1.650720300928593,-1.5151680927863982,0.02371564642873507,-1.641053363322472,-1.5414603404436025,0.020220843650571814,-1.6447807006054818,-1.5464725788751705,0.015750705019894052,-1.6524686825350992,-1.5529447287171727,0.012457532100293349,-1.6514294117177126,-1.5005685663448263,0.014516078166177662,-1.6431150521791769,-1.5232458478644328,0.011694288525631372,-1.6480867563221313,-1.5284417955067175,0.010581785643180694,-1.6557411006149447,-1.5353193479614522,0.009533145655010802,-1.6508498674904555,-1.481431376898035,0.00517121511698442,-1.646420021160686,-1.4979457777357812,0.004870521460650163,-1.6518540269788915,-1.5028855859803303,0.007272098290790259,-1.6588451425248287,-1.508591535396006,0.008941511061636695,0.48437983242291355,-0.011361067894251071,0.0545087280661786,-0.48437983242291355,0.011361067894251071,-0.0545087280661786,0.710651796276637,1.1311690997361712,-0.3056975350254921,-0.7363515391270168,1.092109247119712,-1.0093780854140169,0.4546983340197177,1.4620987278593351,-1.3247772743288795,-0.5612748406012095,0.2524405962433591,-2.6038903525252612
Aliya,I dont Understand,-1.9272948264413707,-1.6765902948053433,0.14583434681833832,-1.9381582325052722,-1.6852631737310972,0.14143710470174511,-1.952693531115229,-1.6841919162429986,0.1399161198055716,-1.964483446155413,-1.677913726228492,0.1392654001115389,-1.9728885712656627,-1.6712219272480473,0.1387587108647602,-1.953340518601222,-1.6715670090424346,0.1412653355108973,-1.965062382890392,-1.6627603243689149,0.13901047816967432,-1.9722617785475829,-1.6596342427795159,0.13765455706475016,-1.9767811514985425,-1.658780957535381,0.13711276600596398,-1.9496242267586887,-1.6627375628165826,0.14301075837732274,-1.9611887264040708,-1.654435745014713,0.14152456630315632,-1.9683851495925337,-1.6519292189354833,0.14041711595924677,-1.9728975555527226,-1.651671495620638,0.139701767981344,-1.946094812682917,-1.6564827550562449,0.1444789749351767,-1.9563579505027042,-1.64919363742506,0.14353822346450987,-1.9627472930218226,-1.6469606258689915,0.14339795330372554,-1.9671545379029491,-1.6465004436584656,0.1433317178420985,-1.9429278683588713,-1.6526968345494102,0.14561358104828864,-1.9514936353460475,-1.6458390663108247,0.145082880448088,-1.9566787987438172,-1.6436399600889022,0.14548227658853438,-1.9603541416304258,-1.6428732399954995,0.14596451988112186,-1.6336293995247502,-1.2351161978218848,0.14583417535463647,-1.6200481803106819,-1.2890695973005073,0.1474560750353376,-1.6091604729710507,-1.3366932845657233,0.14663454747941937,-1.6018976666401632,-1.365742964740228,0.14341956026267755,-1.5978783443336713,-1.3822673066989737,0.14023204657725413,-1.6151096735163997,-1.3608551886303382,0.15104470525419375,-1.61466025009066,-1.3983650535911822,0.1426970983870655,-1.621684898575151,-1.4210236910506047,0.13474355358705992,-1.6294681112367932,-1.4378051950837605,0.12949592191868867,-1.615535015168947,-1.3470122893466168,0.14421694873580565,-1.6163722802826133,-1.3883380472165072,0.1383767626160721,-1.6231422719134188,-1.4108244642934202,0.13291120098413578,-1.629613486179393,-1.4257935144966518,0.12895672516064188,-1.6157969714106037,-1.3279817604632358,0.13647794546353578,-1.6172254811850721,-1.3663038631691977,0.1314690071081778,-1.6237271581419908,-1.3868887058091002,0.1306462983199397,-1.6301281425499818,-1.4010782512415638,0.12996026838259023,-1.6157811155301884,-1.305730937843318,0.12834438762960196,-1.6168130443435247,-1.3347415085942849,0.12593810306930472,-1.6220736492850867,-1.352035462082313,0.12845193119585793,-1.6273099804401314,-1.364480099675897,0.13067474511937127,0.481848841962406,-0.01350823869105881,0.054415592706031655,-0.481848841962406,0.01350823869105881,-0.054415592706031655,0.7174300159702622,1.2082668431787307,-0.19460986309398623,-0.7655450308676683,1.151266682044649,-0.8904413358255758,0.5213523793569153,1.5515187291096184,-1.1694316134707716,-0.6161491003969741,0.5426778186599117,-2.4939553101525624
Aliya,I dont Understand,-2.153496743709812,-1.9536614682648104,0.2307079259744605,-2.1551756826698543,-1.9547802946746315,0.23014567555061702,-2.15741448786982,-1.9545296358268296,0.22988571638149485,-2.1591870159463564,-1.9535720693556495,0.2297373135105364,-2.160440635666831,-1.9523901171351354,0.2295947506127627,-2.1572472549064488,-1.953576825490216,0.22986325980978217,-2.1589541970015764,-1.9520586069319712,0.2294428292981594,-2.1601409464083736,-1.9513034400837517,0.2292147187469989,-2.1609795713959437,-1.9508958170661987,0.22912676856023906,-2.156660274007873,-1.952371919495728,0.23002737513354246,-2.1583841470037317,-1.9508567416967593,0.22973583491568123,-2.1595658499816826,-1.950165032005229,0.2295631885321158,-2.1604027038809184,-1.9498660816776658,0.22946178272898746,-2.1561419139854507,-1.9513599800262353,0.23017348130758408,-2.157672448058602,-1.9500091820963508,0.2299975958244749,-2.1587498268962313,-1.9493708630942066,0.23001648735701197,-2.159542415316174,-1.949072229451312,0.23004539069759178,-2.1556988222849665,-1.9505690395394775,0.23027940948874212,-2.1570045747529476,-1.9494190988609241,0.23018539693478948,-2.157883588764881,-1.9488809988274658,0.23027828308645795,-2.158544151932759,-1.948552972155661,0.23038172440870278,-1.8170979370989233,-1.513976300731239,0.2307079032326499,-1.8132945737749306,-1.5559387644362304,0.23671005415440338,-1.8073424034144145,-1.5920642575410453,0.23769412569313086,-1.8013758083281914,-1.6145106847601844,0.2357518498030087,-1.7966657849636258,-1.627847854656536,0.2333955948443073,-1.8106630816418672,-1.6238776449145274,0.23882445905144958,-1.8047766831403154,-1.6573992786701535,0.23465078795483044,-1.8020652980394676,-1.6716800815872808,0.23021608338122776,-1.8011519235879563,-1.6821059351898806,0.227102533417288,-1.8048498809885296,-1.6170943392627848,0.23158503023407037,-1.7958145482594066,-1.6473388032378322,0.2291873710271571,-1.7943208928222287,-1.6584794246382695,0.22586332330190048,-1.7947983873851772,-1.6674447687364242,0.223013247917749,-1.7981958523140542,-1.6041615905892816,0.22404700048130818,-1.788815894423244,-1.628958103548214,0.22194945268561467,-1.7884789679096702,-1.6375734968086753,0.22143134973819842,-1.7904387142829115,-1.6451720124401605,0.22047315382838553,-1.7914139490399508,-1.5876199935885307,0.21652615647520188,-1.782421262365481,-1.604614904521327,0.21652654270001417,-1.78192195386221,-1.6118225290335486,0.21883604009008972,-1.7834352453007822,-1.6187081744438536,0.22026661647069715,0.4779963412973386,-0.014097358113828225,0.06455045660755414,-0.4779963412973386,0.014097358113828225,-0.06455045660755414,0.7273156172946917,1.201180316227325,-0.09269800478668179,-0.7181052997067884,1.1443398387388342,-0.8589591608712311,0.6155090270316071,1.6647559499914155,-0.9753570557504005,-0.5957372610097132,0.4980289652357563,-2.329501677378079
Aliya,I dont Understand,-2.2030067984857338,-2.009947691401275,0.19234444968894238,-2.2030067984857338,-2.009947691401275,0.19234444968894238,-2.2030067984857338,-2.009947691401275,0.19234444968894238,-2.2030067984857338,-2.009947691401275,0.19234444968894238,-2.2030067984857338,-2.009947691401275,0.19234444968894238,-2.2030067984857338,-2.009947691401275,0.19234444968894238,-2.2030067984857338,-2.009947691401275,0.19234444968894238,-2.2030067984857338,-2.009947691401275,0.19234444968894238,-2.2030067984857338,-2.009947691401275,0.19234444968894238,-2.2030067984857338,-2.009947691401275,0.19234444968894238,-2.2030067984857338,-2.009947691401275,0.19234444968894238,-2.2030067984857338,-2.009947691401275,0.19234444968894238,-2.2030067984857338,-2.009947691401275,0.19234444968894238,-2.2030067984857338,-2.009947691401275,0.19234444968894238,-2.2030067984857338,-2.009947691401275,0.19234444968894238,-2.2030067984857338,-2.009947691401275,0.19234444968894238,-2.2030067984857338,-2.009947691401275,0.19234444968894238,-2.2030067984857338,-2.009947691401275,0.19234444968894238,-2.2030067984857338,-2.009947691401275,0.19234444968894238,-2.2030067984857338,-2.009947691401275,0.19234444968894238,-2.2030067984857338,-2.009947691401275,0.19234444968894238,-1.7415251146699517,-1.4296827115224304,0.19234446545948494,-1.7252901781347076,-1.4756246191183737,0.19346862052661656,-1.719225561542308,-1.5211504994284835,0.19168879467309477,-1.7153169914740112,-1.5533175421412888,0.18717704737101096,-1.7098753995497213,-1.57341538571646,0.18247417968870666,-1.7478302582056828,-1.560668151001272,0.19356193051901655,-1.746830930577915,-1.6024129081976453,0.18519661976513593,-1.7469725287602211,-1.6160979477545265,0.17799655664815733,-1.7496696036255583,-1.6247023665394968,0.17338165296010724,-1.7532437264158258,-1.5524156087615024,0.18677993215585012,-1.748892355984419,-1.5911867279283205,0.18026426517301258,-1.7485782111948973,-1.6003780577651257,0.1753007408596607,-1.7517072148065738,-1.6061807087004814,0.17162834885476075,-1.7546599281875195,-1.537263424441075,0.17927930661102862,-1.7505498257655907,-1.5702001961519474,0.17396935015898382,-1.751043488181859,-1.5777791645068147,0.17273615244586255,-1.7542888164301769,-1.583186429565012,0.17164125619589904,-1.7536141725233183,-1.5166852007089944,0.17130156604704108,-1.7525435889758247,-1.538647377649016,0.16895201180758343,-1.7547449870017162,-1.5451873823489375,0.17077043953330184,-1.758525673217347,-1.5499536060818297,0.1720491111239667,0.48804249417127094,-0.00775177987811102,0.02421358604751458,-0.48804249417127094,0.00775177987811102,-0.02421358604751458,0.7480601345512017,1.2479201453642723,-0.214443891823897,-0.7656301729098949,1.1651802691824815,-0.9136190183735702,0.5823640647311974,1.6478143447394495,-1.17263556283267,-0.6114509746832612,0.3776600290966574,-2.4963222436826285
Aliya,I dont Understand,-2.199238113315259,-1.9733399559806837,0.2411559592897242,-2.2006148427462455,-1.9747223308457402,0.2406736982238708,-2.2025118806565813,-1.974801918709768,0.24049874427890292,-2.2039868548800605,-1.9739048019806331,0.24044388800691288,-2.204839285758746,-1.972919936279153,0.24039967393809109,-2.2027019505256833,-1.973418597500272,0.2403875260015385,-2.204487091364181,-1.9722008836011042,0.2400789166645272,-2.205534036074259,-1.9715258492891825,0.2399177015864535,-2.2061924782092195,-1.9711063457755278,0.23986079029710533,-2.2023255309001035,-1.97199025224827,0.2405736647124521,-2.204044489926368,-1.970838248472414,0.24036469349510453,-2.205020120611421,-1.9704427981271488,0.2402576714691814,-2.205556872937882,-1.9703145580724968,0.24019528801356813,-2.201948811648228,-1.9709124905286675,0.2407592118190317,-2.2035552773166596,-1.969981343965469,0.24062489139937884,-2.204401508007638,-1.9697966792360813,0.24063237338875113,-2.2048790529913873,-1.969838413322526,0.24065406533134895,-2.2016158497019442,-1.970165083116596,0.2409174914493845,-2.203001188197393,-1.9694679684232828,0.24081501281310358,-2.203688284692673,-1.9693600673575897,0.24087796553086727,-2.2041009294340888,-1.969423754261755,0.24096980564904974,-1.915337913347151,-1.6522390300281493,0.24115596316735163,-1.905745586220364,-1.6809890667196126,0.24758098183553723,-1.9012080885799207,-1.7077004188390035,0.24790000076894803,-1.8976113693123344,-1.7262202975601233,0.24488712865569467,-1.895146976625305,-1.7387512424349352,0.24188024434971853,-1.916651866906001,-1.7427232323141253,0.24997212819272416,-1.9075352498233602,-1.773124948010447,0.24549431830567647,-1.8996291304418371,-1.7794365567526755,0.24109185812301895,-1.8954179008634606,-1.7797584532637951,0.23867438714509,-1.9173019689293849,-1.7421236784272502,0.24298143546891857,-1.9052984742887364,-1.7697576581133014,0.23918377798544882,-1.8987548137300703,-1.771229989797402,0.23597175185719915,-1.89692394949654,-1.7683035510179672,0.2340283520490986,-1.9152249264943968,-1.7370291625027348,0.2356452784016709,-1.9025478479857953,-1.759575589765107,0.23288352952184024,-1.8976329018284817,-1.7585104626703856,0.2326153537480955,-1.8968633576447824,-1.7546918901148991,0.2327641771963569,-1.9105747339876085,-1.7282337537479453,0.228424981153212,-1.9002436487619663,-1.7453289163431205,0.22888913532189092,-1.896634431717256,-1.7460481576836997,0.2316992517898495,-1.8960040575177748,-1.7433853525117786,0.23382309080030134,0.4899658324519091,-0.00771130871384787,0.045162073880621184,-0.4899658324519091,0.00771130871384787,-0.045162073880621184,0.7386760446737101,1.2205125226445581,-0.04461616388968764,-0.77622153366883,1.1461045275972752,-0.9050428451650927,0.6674292665431841,1.733025922487849,-0.8751917625260027,-0.6424760113358959,0.372359165742796,-2.412675813466634
Aliya,I dont Understand,-2.1726660107375992,-1.9237105252665743,0.18443953627914703,-2.1763130464464253,-1.9260202616219648,0.18376006365829872,-2.180824942413451,-1.9257722819367575,0.18343163229215748,-2.18444405990269,-1.9241857514761214,0.18322477808888074,-2.1869485511958757,-1.9222261497366446,0.18304065738865374,-2.181287134638543,-1.9228913207841392,0.18354703930723248,-2.1851308493535417,-1.920126623672893,0.18289499117602276,-2.187255580232854,-1.9187369519011126,0.18250217248920003,-2.1885432011712114,-1.917934257086139,0.18235382518563478,-2.180217167851458,-1.9201836311185125,0.183732696946767,-2.1839107342534936,-1.917379736989155,0.18328964732179415,-2.1859210967713656,-1.9162087337167228,0.182972825648616,-2.1871035537432455,-1.9156730273082703,0.18278677641695062,-2.17907416043929,-1.9180078284620417,0.18388629120204542,-2.182407466769542,-1.915517195191134,0.18362674611829424,-2.184167755851797,-1.9145276961965414,0.18363382848351523,-2.1852680992141726,-1.9140988632548066,0.18365103777598485,-2.178036192581717,-1.9165188287233936,0.1839995467126727,-2.180810711546131,-1.914414822193029,0.1838751731287676,-2.1822797566182315,-1.9136790612814583,0.18406595146900273,-2.1832485106272195,-1.9133387130902586,0.1842809370106193,-1.4770738174897482,-1.0901850830325082,0.18443948406279034,-1.4497146904692046,-1.172394878223482,0.20063469145478724,-1.430320094631179,-1.242578484574454,0.20562628053101267,-1.4164356040529482,-1.2854107650981956,0.20315225357588157,-1.4040382086190912,-1.3085709540737944,0.20036736172383107,-1.4582694488936805,-1.309759705334427,0.21280506416259218,-1.4410177308821552,-1.3750539295020077,0.20601868070336998,-1.4315719970775056,-1.3957208391308018,0.19724666349848943,-1.4275216009374216,-1.4080555998974917,0.1913507979660413,-1.4606061780697477,-1.2988357779871438,0.1969032086508251,-1.4404068841724467,-1.354994756246924,0.19255672585207476,-1.4343199463725063,-1.3652358958166233,0.18561161413382332,-1.4341538020634874,-1.3713190383598248,0.18029765934836442,-1.4595268914141115,-1.2774219406698706,0.17998653930256203,-1.4403645870255142,-1.3245050091552237,0.1767128249858454,-1.4370946649682796,-1.3315642124953115,0.17615544312104925,-1.4388404914254431,-1.3357774437797587,0.1751286779549848,-1.4563240992087891,-1.2501526642207375,0.16319659793485836,-1.4429930856894173,-1.2847199959755442,0.16434456343276813,-1.442450640068553,-1.292663719982202,0.16944785163901013,-1.4448421775600355,-1.2980286212817038,0.17282284509641058,0.4893626774216459,-0.006148579570611982,0.004313706807873388,-0.4893626774216459,0.006148579570611982,-0.004313706807873388,0.7475842496491102,1.2623149265195348,-0.16835490408702689,-0.7617509959341576,1.1516847730315602,-0.867408831702552,0.6157641955431428,1.6921356902790161,-1.002189103625947,-0.6492356617666426,0.31917949178788285,-2.4041476575337755
Aliya,I dont Understand,-2.121377883529369,-1.8924728148625043,0.3058769275372942,-2.1246735100958145,-1.8944406937965619,0.30518515766662635,-2.1288089150956777,-1.8941699800632417,0.30490580672489576,-2.1321246413832977,-1.8926859479304194,0.304759266287149,-2.1342884869652328,-1.8909147927828527,0.30459603676560626,-2.128909564481147,-1.8921644078889162,0.30481947891753164,-2.132314868739874,-1.8899581587728282,0.3042577551620731,-2.1342871532858023,-1.888389413535777,0.3039033988158833,-2.135653663537644,-1.8871873453246004,0.30370644816205844,-2.127856362936719,-1.889599293576844,0.30497080442418223,-2.131059481270732,-1.8872778251894708,0.3046013993458443,-2.1329929063391533,-1.8859201591059787,0.30430753212313555,-2.134284951018063,-1.885064371246751,0.3040749223152128,-2.126712727228275,-1.8874599196122328,0.30510245177465395,-2.12959229490442,-1.8852856410753838,0.30487039077545763,-2.1312815312813194,-1.8841364399797544,0.304880481100847,-2.132436954754359,-1.8834526473883595,0.30485935098553973,-2.125635059327558,-1.8858054927735495,0.3051893641815811,-2.1280401363133303,-1.8838816183120124,0.3050129597889169,-2.129350865815696,-1.8829586303840637,0.305164679796353,-2.1302551228414086,-1.8823653994465568,0.30532554321730165,-1.665406840760655,-1.3233447070650581,0.3058769169193935,-1.6479211758831271,-1.3785768167614194,0.30888948334475835,-1.636675839866065,-1.4303727664486696,0.3090105196753674,-1.6281875198550486,-1.4620722478813248,0.3058213163926773,-1.6191334377622422,-1.479851386599666,0.30232233152690635,-1.6596833296152436,-1.4767452334240743,0.31472501981224615,-1.6617434276448213,-1.5241181824116175,0.30739334977364274,-1.6645461653846045,-1.5469171365664591,0.2992188787159873,-1.667967627967273,-1.5649784678479284,0.2931126722985994,-1.6645193752289789,-1.4671145334384885,0.30615268493267894,-1.6663820228415183,-1.5133603330204508,0.3004614052590012,-1.6694161917754173,-1.5350909245538298,0.2935583331995923,-1.672607213779961,-1.552923131018539,0.2880584588442424,-1.6674092712514346,-1.4499750513145657,0.296529183862373,-1.6700057004384394,-1.4906143342560647,0.2920648839821387,-1.672697972533124,-1.5107497222125235,0.28958704474206415,-1.6756535859123376,-1.527487124414428,0.2870349987718228,-1.669080982445034,-1.427437359023527,0.2863210160991628,-1.6727646634835927,-1.4556685054944534,0.2846017750438705,-1.6766799284502922,-1.472945133117175,0.28620881608189774,-1.6799222207802695,-1.4882842127917664,0.28695600842156727,0.4770247611594671,-0.008610382865959438,0.05006117468788354,-0.4770247611594671,0.008610382865959438,-0.05006117468788354,0.7053344377792776,1.2480024904099691,-0.14666522394695958,-0.6779487283987288,1.1315186005119315,-0.8914013803945456,0.5544224061899359,1.570057629346175,-0.9834882984360303,-0.48808305396917956,0.4700345802696745,-2.299344606160305
Aliya,My name is,-1.8851699902189598,-1.685480606939352,0.21409099061453427,-1.8851699902189598,-1.685480606939352,0.21409099061453427,-1.8851699902189598,-1.685480606939352,0.21409099061453427,-1.8851699902189598,-1.685480606939352,0.21409099061453427,-1.8851699902189598,-1.685480606939352,0.21409099061453427,-1.8851699902189598,-1.685480606939352,0.21409099061453427,-1.8851699902189598,-1.685480606939352,0.21409099061453427,-1.8851699902189598,-1.685480606939352,0.21409099061453427,-1.8851699902189598,-1.685480606939352,0.21409099061453427,-1.8851699902189598,-1.685480606939352,0.21409099061453427,-1.8851699902189598,-1.685480606939352,0.21409099061453427,-1.8851699902189598,-1.685480606939352,0.21409099061453427,-1.8851699902189598,-1.685480606939352,0.21409099061453427,-1.8851699902189598,-1.685480606939352,0.21409099061453427,-1.8851699902189598,-1.685480606939352,0.21409099061453427,-1.8851699902189598,-1.685480606939352,0.21409099061453427,-1.8851699902189598,-1.685480606939352,0.21409099061453427,-1.8851699902189598,-1.685480606939352,0.21409099061453427,-1.8851699902189598,-1.685480606939352,0.21409099061453427,-1.8851699902189598,-1.685480606939352,0.21409099061453427,-1.8851699902189598,-1.685480606939352,0.21409099061453427,-1.0533382879258897,-0.544291776219332,0.214091292313989,-0.9814672338348968,-0.5867838653936627,0.2150435371747718,-0.923949510134896,-0.6404637638293446,0.20789883982667098,-0.8800184378776117,-0.6772951130343915,0.19378197079057402,-0.8483647050059897,-0.709314965842135,0.1807352615309994,-0.9301815605754611,-0.7546448529669589,0.21727147915352585,-0.8726175705234901,-0.7927966213654178,0.19177378829142883,-0.8387860409928554,-0.7909405394312168,0.1731072191745671,-0.8191727227608333,-0.7886880511970036,0.1627951422277048,-0.9461458731031817,-0.7598855963494795,0.20065924299495938,-0.8812271134818782,-0.7867335807485221,0.17540586431149377,-0.8524231959807135,-0.7690948996211624,0.1624019111379545,-0.8404043832796448,-0.756914532872501,0.15698807704604667,-0.9660553446333172,-0.7489611958018791,0.18176126067557144,-0.9096648444621714,-0.7340849794335286,0.15479613716413657,-0.9121213307371776,-0.6804647079881817,0.15673775216830785,-0.9265523471127938,-0.6457966873478598,0.16471876443048722,-0.9874577130998773,-0.7209171559078356,0.16190866142547147,-0.9420016902667527,-0.6953935938612847,0.14676195027398597,-0.9428765264389825,-0.6530900902878926,0.15408278426576913,-0.9555539282988131,-0.625411595664717,0.1637602530250586,0.4739890414076847,-0.02214535177516214,-0.13354753085899812,-0.4739890414076847,0.02214535177516214,0.13354753085899812,0.6208877409918498,1.172489457046619,-0.4152107124384353,-0.8648149492378057,1.1502601378162653,-0.8862440980731321,0.4627585948696615,1.5809647187213944,-1.1645077687099037,-0.5043395595011582,0.5737098774821545,-2.59462477850755
Aliya,My name is,-1.883301254209069,-1.660922956978912,0.2584345944519986,-1.883301254209069,-1.660922956978912,0.2584345944519986,-1.883301254209069,-1.660922956978912,0.2584345944519986,-1.883301254209069,-1.660922956978912,0.2584345944519986,-1.883301254209069,-1.660922956978912,0.2584345944519986,-1.883301254209069,-1.660922956978912,0.2584345944519986,-1.883301254209069,-1.660922956978912,0.2584345944519986,-1.883301254209069,-1.660922956978912,0.2584345944519986,-1.883301254209069,-1.660922956978912,0.2584345944519986,-1.883301254209069,-1.660922956978912,0.2584345944519986,-1.883301254209069,-1.660922956978912,0.2584345944519986,-1.883301254209069,-1.660922956978912,0.2584345944519986,-1.883301254209069,-1.660922956978912,0.2584345944519986,-1.883301254209069,-1.660922956978912,0.2584345944519986,-1.883301254209069,-1.660922956978912,0.2584345944519986,-1.883301254209069,-1.660922956978912,0.2584345944519986,-1.883301254209069,-1.660922956978912,0.2584345944519986,-1.883301254209069,-1.660922956978912,0.2584345944519986,-1.883301254209069,-1.660922956978912,0.2584345944519986,-1.883301254209069,-1.660922956978912,0.2584345944519986,-1.883301254209069,-1.660922956978912,0.2584345944519986,-1.3597872249850358,-0.9014367880544816,0.25843477627190087,-1.3128093052237457,-0.9398363387829541,0.26219062529107484,-1.2764109520117974,-0.9794438342862274,0.25757436308750914,-1.2505812003184018,-1.0083287138736567,0.2477884642881221,-1.2351482327167767,-1.030475404530105,0.23869994499035121,-1.2820631568199254,-1.0618117810267977,0.2647202115463717,-1.2374874598166619,-1.0814293569903526,0.2479929408785447,-1.2144907697517138,-1.0735855325736094,0.2347592902977748,-1.201859774121062,-1.06730432997534,0.22739207279726345,-1.2887824487770105,-1.063530472335409,0.2527416210904679,-1.236360248333463,-1.0726985476523994,0.23764651172957135,-1.2161507724956007,-1.0549656434901131,0.22955613618926962,-1.2078236973462655,-1.0429112798706652,0.22597970660630487,-1.2965497859066573,-1.0534328326925873,0.23943370608329187,-1.2514562821941204,-1.0397190222723338,0.22370563132186194,-1.259238580804228,-1.00193147886566,0.22698563938320204,-1.273688706046461,-0.9784548735519798,0.23343926571547663,-1.3040903033787028,-1.0334574542303119,0.22569977552728226,-1.2675743715874275,-1.021037851482906,0.21914520232589316,-1.2719363663058323,-0.99254559707662,0.2273824183477089,-1.2832847898473239,-0.9746565885032448,0.23594484314230407,0.4743495647667661,-0.03764426445454815,-0.09977732609520783,-0.4743495647667661,0.03764426445454815,0.09977732609520783,0.6173398496391912,1.1351630242564574,-0.25320951118247986,-0.7612039937041666,1.1594109302925795,-0.6820185432449107,0.4511333852228355,1.6037244663495958,-0.9345528476586514,-0.43699214868887953,0.8367470137267498,-2.276244507016116
Aliya,My name is,-1.896922546800928,-1.6680747110783785,0.22370405946636798,-1.896922546800928,-1.6680747110783785,0.22370405946636798,-1.896922546800928,-1.6680747110783785,0.22370405946636798,-1.896922546800928,-1.6680747110783785,0.22370405946636798,-1.896922546800928,-1.6680747110783785,0.22370405946636798,-1.896922546800928,-1.6680747110783785,0.22370405946636798,-1.896922546800928,-1.6680747110783785,0.22370405946636798,-1.896922546800928,-1.6680747110783785,0.22370405946636798,-1.896922546800928,-1.6680747110783785,0.22370405946636798,-1.896922546800928,-1.6680747110783785,0.22370405946636798,-1.896922546800928,-1.6680747110783785,0.22370405946636798,-1.896922546800928,-1.6680747110783785,0.22370405946636798,-1.896922546800928,-1.6680747110783785,0.22370405946636798,-1.896922546800928,-1.6680747110783785,0.22370405946636798,-1.896922546800928,-1.6680747110783785,0.22370405946636798,-1.896922546800928,-1.6680747110783785,0.22370405946636798,-1.896922546800928,-1.6680747110783785,0.22370405946636798,-1.896922546800928,-1.6680747110783785,0.22370405946636798,-1.896922546800928,-1.6680747110783785,0.22370405946636798,-1.896922546800928,-1.6680747110783785,0.22370405946636798,-1.896922546800928,-1.6680747110783785,0.22370405946636798,-1.2148732844296726,-0.7001068694547944,0.2237042727914119,-1.1528315615424207,-0.745070253778949,0.22473182862780416,-1.106156070982169,-0.7939945176705085,0.21646662752886525,-1.072937629099715,-0.8287355464364502,0.2025937528566076,-1.0516073532577168,-0.8594408081140591,0.18970450783642537,-1.1179181629627255,-0.904473590387099,0.22578683187922977,-1.0681160465778339,-0.9319948410132052,0.2042683863871028,-1.0445994778036782,-0.9341305992045139,0.18715696957664185,-1.0300455000665703,-0.9388516939132656,0.17627483195117036,-1.1325445288824878,-0.903591289188937,0.2111837020953642,-1.0671223380045183,-0.9066425866730716,0.1892309168675783,-1.047223726532293,-0.8828637599704353,0.17767266219342165,-1.0401908932973423,-0.8733170521044343,0.17183790155164025,-1.1480116211817073,-0.8869121168154431,0.19497443410258933,-1.091533559050547,-0.8626284383942601,0.17491981386433145,-1.1004866682897518,-0.8235387965123754,0.17917881697285656,-1.1169569661344383,-0.8085907919307381,0.1857501448172366,-1.1620988097305087,-0.8583629630218382,0.177717165946792,-1.1171938984860719,-0.8367874594179002,0.1687971231079496,-1.1219295894736823,-0.8068286046063935,0.17809227648637205,-1.135483131342466,-0.7966606988431031,0.18706029125779447,0.47182500106079983,-0.018448606954215775,-0.1339203877278693,-0.47182500106079983,0.018448606954215775,0.1339203877278693,0.570323911211291,1.184412335933408,-0.2822081236278173,-0.7848439522421918,1.1524858765835613,-0.6806076466514736,0.46462754760550157,1.6514970676376732,-0.9576610207000629,-0.4851176750786964,0.7529310377944153,-2.2919749554670887
Aliya,My name is,-1.9418876048953306,-1.6882715935432295,0.28019645610513827,-1.9418876048953306,-1.6882715935432295,0.28019645610513827,-1.9418876048953306,-1.6882715935432295,0.28019645610513827,-1.9418876048953306,-1.6882715935432295,0.28019645610513827,-1.9418876048953306,-1.6882715935432295,0.28019645610513827,-1.9418876048953306,-1.6882715935432295,0.28019645610513827,-1.9418876048953306,-1.6882715935432295,0.28019645610513827,-1.9418876048953306,-1.6882715935432295,0.28019645610513827,-1.9418876048953306,-1.6882715935432295,0.28019645610513827,-1.9418876048953306,-1.6882715935432295,0.28019645610513827,-1.9418876048953306,-1.6882715935432295,0.28019645610513827,-1.9418876048953306,-1.6882715935432295,0.28019645610513827,-1.9418876048953306,-1.6882715935432295,0.28019645610513827,-1.9418876048953306,-1.6882715935432295,0.28019645610513827,-1.9418876048953306,-1.6882715935432295,0.28019645610513827,-1.9418876048953306,-1.6882715935432295,0.28019645610513827,-1.9418876048953306,-1.6882715935432295,0.28019645610513827,-1.9418876048953306,-1.6882715935432295,0.28019645610513827,-1.9418876048953306,-1.6882715935432295,0.28019645610513827,-1.9418876048953306,-1.6882715935432295,0.28019645610513827,-1.9418876048953306,-1.6882715935432295,0.28019645610513827,-1.401098438642541,-0.9333294100328894,0.28019671742323604,-1.3581310753814737,-0.9651151271347467,0.28105530470460294,-1.3242613867096193,-0.9997588812403864,0.27413238965566705,-1.301309354819948,-1.0241465554117173,0.2630858996446234,-1.2880334060011804,-1.042920727623292,0.25260525226216707,-1.325130002906275,-1.0770712762686587,0.27752640221545505,-1.2852564367184736,-1.101142516199235,0.2607834876298171,-1.2649652652091492,-1.109196475510479,0.24902638742294372,-1.2518151982319359,-1.11802881411515,0.2419973592003617,-1.332200958369015,-1.0792328083316642,0.2658353813161464,-1.2783568493677577,-1.090781410687563,0.24830212205076096,-1.2590701321240227,-1.07959791168943,0.2407049261895508,-1.2505180990291516,-1.0750883230354784,0.2380791499921213,-1.341268660317151,-1.067893303840384,0.2532302587740297,-1.297023910160289,-1.0472102794270304,0.23540149710274214,-1.3050435044233109,-1.0115735528151217,0.23807783292190968,-1.318897989770285,-0.9928037994502946,0.24442708002372215,-1.3502415018861114,-1.0451441551897394,0.24015529222933574,-1.3157418746468494,-1.0236437268454253,0.2315194463671943,-1.3195832882624223,-0.9952634064351984,0.23814321286162984,-1.3299377243897574,-0.9804989247464313,0.24562673858556994,0.4818583819673178,-0.03144292686979504,-0.0785762067368193,-0.4818583819673178,0.03144292686979504,0.0785762067368193,0.620017818106106,1.134135839831413,-0.14777537603196716,-0.7587915257587535,1.1650022728797864,-0.6124406710227405,0.5720601971594828,1.7380172805194762,-0.8142622013986082,-0.4426700661778618,0.8711871067234187,-2.0707490938348156
Aliya,My name is,-1.914899423778559,-1.660698031264677,0.2409986700682967,-1.914899423778559,-1.660698031264677,0.2409986700682967,-1.914899423778559,-1.660698031264677,0.2409986700682967,-1.914899423778559,-1.660698031264677,0.2409986700682967,-1.914899423778559,-1.660698031264677,0.2409986700682967,-1.914899423778559,-1.660698031264677,0.2409986700682967,-1.914899423778559,-1.660698031264677,0.2409986700682967,-1.914899423778559,-1.660698031264677,0.2409986700682967,-1.914899423778559,-1.660698031264677,0.2409986700682967,-1.914899423778559,-1.660698031264677,0.2409986700682967,-1.914899423778559,-1.660698031264677,0.2409986700682967,-1.914899423778559,-1.660698031264677,0.2409986700682967,-1.914899423778559,-1.660698031264677,0.2409986700682967,-1.914899423778559,-1.660698031264677,0.2409986700682967,-1.914899423778559,-1.660698031264677,0.2409986700682967,-1.914899423778559,-1.660698031264677,0.2409986700682967,-1.914899423778559,-1.660698031264677,0.2409986700682967,-1.914899423778559,-1.660698031264677,0.2409986700682967,-1.914899423778559,-1.660698031264677,0.2409986700682967,-1.914899423778559,-1.660698031264677,0.2409986700682967,-1.914899423778559,-1.660698031264677,0.2409986700682967,-1.0350152554564378,-0.3871955369908269,0.24099907268909818,-0.96112174009022,-0.4410967498621333,0.2459736192673628,-0.9093193873448769,-0.4969471895315405,0.23764734401752668,-0.8718135004022006,-0.5342994307038175,0.22144728574227263,-0.8502191815173743,-0.5662019700641925,0.20640563104996965,-0.9240584974830971,-0.6138361908526326,0.24554343460707528,-0.8598613662080007,-0.6598227434108276,0.21939734548043952,-0.8229646440547571,-0.6712861470932443,0.19998671617332234,-0.7996487339684661,-0.6799293185000386,0.18892553946899257,-0.9365303630987649,-0.6160601382122699,0.22636048898128228,-0.8552790287768333,-0.6419332211854608,0.1981492202187031,-0.8212095767474259,-0.6221400502147968,0.18413609796187358,-0.8052905064059321,-0.6080431485350329,0.17924265662861255,-0.9489280180909967,-0.600280889762111,0.2055974662469313,-0.8798809711312755,-0.5757169413285931,0.17811597958821623,-0.883864794998899,-0.5225312971707116,0.1808764173794316,-0.900184559474338,-0.4887311398062831,0.19041966006676345,-0.9601490370428072,-0.5691048818780695,0.18407614993636157,-0.9052438177908302,-0.542193427214037,0.17117813298784446,-0.9043652598393054,-0.5020783051134515,0.1805484107149732,-0.9154154266997244,-0.4763036383951692,0.19202175737576063,0.4743775572809758,-0.03312874333523907,-0.08413519887048464,-0.4743775572809758,0.03312874333523907,0.08413519887048464,0.6027767747807015,1.1706517139174955,-0.09373773443959822,-0.7720525149076629,1.1639551064654625,-0.7166034695059471,0.5502746106173905,1.7433499614854688,-0.6640702770475715,-0.46143640550131665,0.7651892196545378,-2.279404526729691
Aliya,My name is,-1.9367209407682313,-1.6827218688365397,0.2989408941243913,-1.9367209407682313,-1.6827218688365397,0.2989408941243913,-1.9367209407682313,-1.6827218688365397,0.2989408941243913,-1.9367209407682313,-1.6827218688365397,0.2989408941243913,-1.9367209407682313,-1.6827218688365397,0.2989408941243913,-1.9367209407682313,-1.6827218688365397,0.2989408941243913,-1.9367209407682313,-1.6827218688365397,0.2989408941243913,-1.9367209407682313,-1.6827218688365397,0.2989408941243913,-1.9367209407682313,-1.6827218688365397,0.2989408941243913,-1.9367209407682313,-1.6827218688365397,0.2989408941243913,-1.9367209407682313,-1.6827218688365397,0.2989408941243913,-1.9367209407682313,-1.6827218688365397,0.2989408941243913,-1.9367209407682313,-1.6827218688365397,0.2989408941243913,-1.9367209407682313,-1.6827218688365397,0.2989408941243913,-1.9367209407682313,-1.6827218688365397,0.2989408941243913,-1.9367209407682313,-1.6827218688365397,0.2989408941243913,-1.9367209407682313,-1.6827218688365397,0.2989408941243913,-1.9367209407682313,-1.6827218688365397,0.2989408941243913,-1.9367209407682313,-1.6827218688365397,0.2989408941243913,-1.9367209407682313,-1.6827218688365397,0.2989408941243913,-1.9367209407682313,-1.6827218688365397,0.2989408941243913,-1.2431227477765183,-0.6796210880159069,0.2989411971822202,-1.178710037527335,-0.7167853149753604,0.2999316034955098,-1.1307341306702412,-0.7694538598988953,0.2937689832675607,-1.1010648500181683,-0.8143801740864972,0.2816851251256769,-1.0845186726336342,-0.850655318505997,0.27014436655162816,-1.1398299914989174,-0.8687798623288706,0.3049991765107598,-1.089041023172531,-0.9019087155956489,0.2828686806135366,-1.0599869747524238,-0.9040572917127668,0.26553952865838454,-1.041697736114893,-0.9057561988630812,0.25572717695885855,-1.154698378645812,-0.878626097048209,0.29061623551682536,-1.0933285959810235,-0.9061278828348313,0.2699006723867761,-1.0653013853076767,-0.897541335570351,0.2588237898436116,-1.04957024590312,-0.8929524110070176,0.2539687225878217,-1.1714721888215869,-0.8753685083144152,0.2739142652620923,-1.1167735658985947,-0.8798960511980981,0.24964219634777918,-1.1161930644978917,-0.8355701875148194,0.25134544720447566,-1.124734415606111,-0.8051703831724133,0.25878075989167143,-1.188543214870569,-0.8583549099676123,0.2566294559728566,-1.1426724284322394,-0.8532268668589849,0.2425679378208078,-1.1393163645756872,-0.8174404060611313,0.24999410554488852,-1.1459153103960262,-0.7926211937703196,0.2595840337451404,0.48487838323803184,-0.04226605915609475,-0.06589443447767249,-0.48487838323803184,0.04226605915609475,0.06589443447767249,0.6427484835653917,1.1500432932010316,-0.07542685396573139,-0.775323190204883,1.2163827856980127,-0.6561461162221737,0.6344510231128456,1.758438630035044,-0.6673740047757557,-0.43919840008679606,0.8409848413531891,-2.145036733157396
Aliya,My name is,-1.877740058423193,-1.6499200394809923,0.26010383929545244,-1.877740058423193,-1.6499200394809923,0.26010383929545244,-1.877740058423193,-1.6499200394809923,0.26010383929545244,-1.877740058423193,-1.6499200394809923,0.26010383929545244,-1.877740058423193,-1.6499200394809923,0.26010383929545244,-1.877740058423193,-1.6499200394809923,0.26010383929545244,-1.877740058423193,-1.6499200394809923,0.26010383929545244,-1.877740058423193,-1.6499200394809923,0.26010383929545244,-1.877740058423193,-1.6499200394809923,0.26010383929545244,-1.877740058423193,-1.6499200394809923,0.26010383929545244,-1.877740058423193,-1.6499200394809923,0.26010383929545244,-1.877740058423193,-1.6499200394809923,0.26010383929545244,-1.877740058423193,-1.6499200394809923,0.26010383929545244,-1.877740058423193,-1.6499200394809923,0.26010383929545244,-1.877740058423193,-1.6499200394809923,0.26010383929545244,-1.877740058423193,-1.6499200394809923,0.26010383929545244,-1.877740058423193,-1.6499200394809923,0.26010383929545244,-1.877740058423193,-1.6499200394809923,0.26010383929545244,-1.877740058423193,-1.6499200394809923,0.26010383929545244,-1.877740058423193,-1.6499200394809923,0.26010383929545244,-1.877740058423193,-1.6499200394809923,0.26010383929545244,-1.253361845860798,-0.7700617313238526,0.2601041448174121,-1.1951471277954104,-0.8085645992564982,0.2632626749114379,-1.1530533582830955,-0.8543682754173805,0.2575956713775268,-1.1310929830507985,-0.8933257132761643,0.24585087706800346,-1.1234291771699323,-0.9250410079870797,0.23412644370203287,-1.1520021016534103,-0.9478060657082068,0.2633103894660414,-1.1037121053045964,-0.9923172877472077,0.24525766420926398,-1.07703098437139,-1.011161210260211,0.23215728626908197,-1.05794733660223,-1.0277384984421423,0.22452054800143073,-1.1678790432000639,-0.9554461358962305,0.2487577295002949,-1.1153570355692528,-0.9804525062922914,0.22961036944630323,-1.092411626045959,-0.9783220023203613,0.21977744461520718,-1.0787951577514077,-0.9791017928679546,0.21591262108180947,-1.1867424830170221,-0.9484369584083829,0.23302301283960664,-1.1439170129138745,-0.9392216647672857,0.21222294703432099,-1.145447508919304,-0.8962696591757473,0.21439796125820712,-1.1533928272648313,-0.8664841813833966,0.22154770407325244,-1.2058680140255553,-0.9273723065924672,0.2167853562291797,-1.1708597329572266,-0.9132374150920488,0.20634647632396366,-1.1683022500457514,-0.8795297616731125,0.21383342868225336,-1.1729312567760246,-0.8557194959145978,0.22292012123711022,0.4746193958002744,-0.03952808727871419,-0.110327776426692,-0.4746193958002744,0.03952808727871419,0.110327776426692,0.6133037326804431,1.1601536286020249,-0.2061878241879157,-0.8338390667224931,1.1823273766173419,-0.7630666502952682,0.5326248211157156,1.6910258901678523,-0.7969381422912372,-0.46583094099701955,0.6938870154756714,-2.349421280019666
Aliya,My name is,-1.872740898388087,-1.6451874388111059,0.23846106069016726,-1.872740898388087,-1.6451874388111059,0.23846106069016726,-1.872740898388087,-1.6451874388111059,0.23846106069016726,-1.872740898388087,-1.6451874388111059,0.23846106069016726,-1.872740898388087,-1.6451874388111059,0.23846106069016726,-1.872740898388087,-1.6451874388111059,0.23846106069016726,-1.872740898388087,-1.6451874388111059,0.23846106069016726,-1.872740898388087,-1.6451874388111059,0.23846106069016726,-1.872740898388087,-1.6451874388111059,0.23846106069016726,-1.872740898388087,-1.6451874388111059,0.23846106069016726,-1.872740898388087,-1.6451874388111059,0.23846106069016726,-1.872740898388087,-1.6451874388111059,0.23846106069016726,-1.872740898388087,-1.6451874388111059,0.23846106069016726,-1.872740898388087,-1.6451874388111059,0.23846106069016726,-1.872740898388087,-1.6451874388111059,0.23846106069016726,-1.872740898388087,-1.6451874388111059,0.23846106069016726,-1.872740898388087,-1.6451874388111059,0.23846106069016726,-1.872740898388087,-1.6451874388111059,0.23846106069016726,-1.872740898388087,-1.6451874388111059,0.23846106069016726,-1.872740898388087,-1.6451874388111059,0.23846106069016726,-1.872740898388087,-1.6451874388111059,0.23846106069016726,-1.1380527263256468,-0.6222324533069301,0.23846127431344039,-1.0711200160220828,-0.6760460090471883,0.2370899553748812,-1.0109100114604446,-0.7331199334005057,0.22886160590958488,-0.967755496066827,-0.7754721956190865,0.2151165783096166,-0.9429498964493884,-0.8064823437820694,0.20227923938259917,-1.0074795697348915,-0.8363921229730679,0.24142481391304407,-0.9468399073118099,-0.8695853608932975,0.21881170558395563,-0.9210727102640742,-0.874142908071428,0.20080559088310954,-0.9049107909739871,-0.880189695867055,0.18952597400965646,-1.024304769133078,-0.836915414455943,0.22758677506681635,-0.9564604538746193,-0.8453664891148897,0.20488979914411343,-0.9364155103827527,-0.8259413429512301,0.19259882617800614,-0.927548992609996,-0.8167911333600886,0.18660209038980444,-1.0439784294440815,-0.8213361757546718,0.21169454514773284,-0.9877548498311995,-0.7997285013220843,0.19051580234366342,-0.997880274998644,-0.763578671769006,0.19508787704198466,-1.0134124505014779,-0.747004166370964,0.20253829157181186,-1.063627502657456,-0.7928831193737292,0.19440142251037587,-1.0192758719525548,-0.771927844750276,0.1853417566279725,-1.0239301458459338,-0.7456030171291683,0.19536663496240256,-1.0350049932107444,-0.7361726032420807,0.2052953894032068,0.47989931031038724,-0.03498434070015915,-0.07410943847288852,-0.47989931031038724,0.03498434070015915,0.07410943847288852,0.6348028491780818,1.1402156805109935,-0.15544727988013762,-0.7986678326080253,1.1530519219966509,-0.8241750198760907,0.6340765936919256,1.6926682263137478,-0.7786515252874466,-0.47544345525597353,0.6658752390489863,-2.4347500750748505
Aliya,My name is,-1.912052236020974,-1.6449799193693675,0.18114759535226263,-1.912052236020974,-1.6449799193693675,0.18114759535226263,-1.912052236020974,-1.6449799193693675,0.18114759535226263,-1.912052236020974,-1.6449799193693675,0.18114759535226263,-1.912052236020974,-1.6449799193693675,0.18114759535226263,-1.912052236020974,-1.6449799193693675,0.18114759535226263,-1.912052236020974,-1.6449799193693675,0.18114759535226263,-1.912052236020974,-1.6449799193693675,0.18114759535226263,-1.912052236020974,-1.6449799193693675,0.18114759535226263,-1.912052236020974,-1.6449799193693675,0.18114759535226263,-1.912052236020974,-1.6449799193693675,0.18114759535226263,-1.912052236020974,-1.6449799193693675,0.18114759535226263,-1.912052236020974,-1.6449799193693675,0.18114759535226263,-1.912052236020974,-1.6449799193693675,0.18114759535226263,-1.912052236020974,-1.6449799193693675,0.18114759535226263,-1.912052236020974,-1.6449799193693675,0.18114759535226263,-1.912052236020974,-1.6449799193693675,0.18114759535226263,-1.912052236020974,-1.6449799193693675,0.18114759535226263,-1.912052236020974,-1.6449799193693675,0.18114759535226263,-1.912052236020974,-1.6449799193693675,0.18114759535226263,-1.912052236020974,-1.6449799193693675,0.18114759535226263,-1.3462007682259889,-0.8765256215533501,0.18114771556494846,-1.2962564084836845,-0.9205321452824459,0.1836436284033521,-1.2548386632599882,-0.9641400321241135,0.17679424587249032,-1.2213832904642496,-0.9922696496141352,0.16503270358761052,-1.1980880499055457,-1.00906407615936,0.15395133326709012,-1.2608297002253104,-1.0582675137483932,0.18258175950471647,-1.2133537059252668,-1.067825485966803,0.16356717610976332,-1.1934049895581356,-1.0581273166485612,0.14887548393550692,-1.1814365885935383,-1.052634997701735,0.13972481119409735,-1.2709103722089465,-1.0551663353797722,0.16972913976441403,-1.216892956569316,-1.0444710832461017,0.15152283969188426,-1.2046490289399756,-1.0185184682818311,0.14281396815053835,-1.201284026215238,-1.007181147615441,0.1384723150855937,-1.282210746159978,-1.0369100214080857,0.15576784173377703,-1.2338969179931152,-1.0084964118032356,0.13890147272190712,-1.2449319455393433,-0.96952576718915,0.1438289499908952,-1.2614287102205965,-0.9514030552300623,0.15045078246084592,-1.293158675985641,-1.008504714094044,0.1411006334454293,-1.2560345700872964,-0.9858774411225325,0.13381295003681762,-1.2633364075646079,-0.9571261002483145,0.14282515722527986,-1.2767005450505076,-0.9447221579012781,0.1516031126768884,0.47843088685332635,-0.03043484039309566,-0.09218543521103216,-0.47843088685332635,0.03043484039309566,0.09218543521103216,0.6123212187286139,1.1414105932383933,-0.2752296322527811,-0.8216724505842955,1.1405127952734981,-0.7608366738731017,0.4652299639955485,1.5941080728312247,-0.8811422795436276,-0.47284485065775955,0.6876887647642456,-2.2631151361083184
Aliya,My name is,-1.9878971517469046,-1.8088811064658554,0.23801952679293278,-1.9878971517469046,-1.8088811064658554,0.23801952679293278,-1.9878971517469046,-1.8088811064658554,0.23801952679293278,-1.9878971517469046,-1.8088811064658554,0.23801952679293278,-1.9878971517469046,-1.8088811064658554,0.23801952679293278,-1.9878971517469046,-1.8088811064658554,0.23801952679293278,-1.9878971517469046,-1.8088811064658554,0.23801952679293278,-1.9878971517469046,-1.8088811064658554,0.23801952679293278,-1.9878971517469046,-1.8088811064658554,0.23801952679293278,-1.9878971517469046,-1.8088811064658554,0.23801952679293278,-1.9878971517469046,-1.8088811064658554,0.23801952679293278,-1.9878971517469046,-1.8088811064658554,0.23801952679293278,-1.9878971517469046,-1.8088811064658554,0.23801952679293278,-1.9878971517469046,-1.8088811064658554,0.23801952679293278,-1.9878971517469046,-1.8088811064658554,0.23801952679293278,-1.9878971517469046,-1.8088811064658554,0.23801952679293278,-1.9878971517469046,-1.8088811064658554,0.23801952679293278,-1.9878971517469046,-1.8088811064658554,0.23801952679293278,-1.9878971517469046,-1.8088811064658554,0.23801952679293278,-1.9878971517469046,-1.8088811064658554,0.23801952679293278,-1.9878971517469046,-1.8088811064658554,0.23801952679293278,-1.1678685439002512,-0.7218737112971517,0.23802000988890154,-1.105867707806975,-0.7597762230451949,0.2345621013112107,-1.0544667481350039,-0.8028157389477527,0.2226273588154589,-1.0175583161902613,-0.8311715606533462,0.20448411334897534,-0.9952657196197313,-0.858076509352616,0.18712572104926212,-1.049462127469036,-0.9207653254664903,0.2291773605688617,-0.988792538844972,-0.9616731478055583,0.201537653447899,-0.9525433413353226,-0.9804004149825438,0.18277057417047385,-0.9265409321936888,-0.9976148745198103,0.17239250941334036,-1.0656289366921585,-0.9272818678333464,0.21302857066122632,-0.9951724282501502,-0.947021239171752,0.1834043454897135,-0.9602502921890287,-0.9412187113735606,0.16926555491409717,-0.9386747634986633,-0.9420969271309934,0.1643101984055383,-1.0857625840425262,-0.9156836714630471,0.1952169659056875,-1.0303770595039472,-0.8764324281671767,0.16253117291179792,-1.038654712274809,-0.8181596907003812,0.16402080507774647,-1.0557165760360667,-0.7835081401893845,0.174349101070399,-1.1070552876915736,-0.8874457026345989,0.17648521341939297,-1.0603069054107106,-0.8505451245672685,0.15853430575500257,-1.0628497728051387,-0.8043460943784977,0.16768441587908717,-1.0757561676873726,-0.7755331686213334,0.18038997918371905,0.4789356556304238,0.0018887141394534112,-0.05827166738547988,-0.4789356556304238,-0.0018887141394534112,0.05827166738547988,0.6161009255844371,1.2316543523735668,-0.1883452094103643,-0.8692737586206076,1.1360912302065558,-0.9006961625053693,0.5669660398866758,1.9140312540826556,-0.8377579279988183,-0.49873253718080646,0.5541785891668529,-2.517387312047515
Aliya,My name is,-1.9958117024594022,-1.809067718157573,0.26310844027706143,-1.9958117024594022,-1.809067718157573,0.26310844027706143,-1.9958117024594022,-1.809067718157573,0.26310844027706143,-1.9958117024594022,-1.809067718157573,0.26310844027706143,-1.9958117024594022,-1.809067718157573,0.26310844027706143,-1.9958117024594022,-1.809067718157573,0.26310844027706143,-1.9958117024594022,-1.809067718157573,0.26310844027706143,-1.9958117024594022,-1.809067718157573,0.26310844027706143,-1.9958117024594022,-1.809067718157573,0.26310844027706143,-1.9958117024594022,-1.809067718157573,0.26310844027706143,-1.9958117024594022,-1.809067718157573,0.26310844027706143,-1.9958117024594022,-1.809067718157573,0.26310844027706143,-1.9958117024594022,-1.809067718157573,0.26310844027706143,-1.9958117024594022,-1.809067718157573,0.26310844027706143,-1.9958117024594022,-1.809067718157573,0.26310844027706143,-1.9958117024594022,-1.809067718157573,0.26310844027706143,-1.9958117024594022,-1.809067718157573,0.26310844027706143,-1.9958117024594022,-1.809067718157573,0.26310844027706143,-1.9958117024594022,-1.809067718157573,0.26310844027706143,-1.9958117024594022,-1.809067718157573,0.26310844027706143,-1.9958117024594022,-1.809067718157573,0.26310844027706143,-1.192790817560387,-0.6493654351775597,0.26310863305511933,-1.1373088757254588,-0.7106611426365814,0.2649114059853142,-1.0878979521904772,-0.7691806516869383,0.25285677872069034,-1.0448232190492752,-0.8027971543584499,0.23490119097333945,-1.0185296974414833,-0.822786766444659,0.21845883704103652,-1.0958283421090884,-0.8787413635852019,0.2551409497361243,-1.020867214980525,-0.9081805081064276,0.2265439802730158,-0.9896778080313553,-0.8944062745678305,0.2064477999777721,-0.9749907028537812,-0.8849044183811489,0.1946702736104162,-1.1033256099179214,-0.8684317902962508,0.23748433016013004,-1.0191041400847178,-0.8784557382860629,0.2112838561434761,-1.0011981485979833,-0.8474007435317963,0.20108467951342204,-1.0002152765587844,-0.8315219633866159,0.19641753061947112,-1.11092037848213,-0.8402851044119352,0.21853548305325055,-1.0388309855359388,-0.8164939118538037,0.1963577249363937,-1.0519164290489889,-0.7704671852018999,0.2049234896986262,-1.074987401564133,-0.749898955653683,0.2143571091826116,-1.1177185056969594,-0.7991703414925347,0.1984573129867155,-1.0608649904789509,-0.7777191665792235,0.19013366685406796,-1.070412197699561,-0.7430995976472571,0.20343528860784038,-1.0898178009159905,-0.7292522421741475,0.2150022907160701,0.4901871315377027,-0.014272896133861103,-0.03555975243630264,-0.4901871315377027,0.014272896133861103,0.03555975243630264,0.6428101901983461,1.196837322283286,-0.11609873635635262,-0.8699367904237003,1.1639881036383268,-0.8889517829541315,0.6668088639046962,1.9216225747426428,-0.8144244680152131,-0.5207353960041157,0.6530564025309069,-2.5801900917484826
Aliya,My name is,-1.9208970052352932,-1.7823174829701232,0.2206348771312139,-1.9208970052352932,-1.7823174829701232,0.2206348771312139,-1.9208970052352932,-1.7823174829701232,0.2206348771312139,-1.9208970052352932,-1.7823174829701232,0.2206348771312139,-1.9208970052352932,-1.7823174829701232,0.2206348771312139,-1.9208970052352932,-1.7823174829701232,0.2206348771312139,-1.9208970052352932,-1.7823174829701232,0.2206348771312139,-1.9208970052352932,-1.7823174829701232,0.2206348771312139,-1.9208970052352932,-1.7823174829701232,0.2206348771312139,-1.9208970052352932,-1.7823174829701232,0.2206348771312139,-1.9208970052352932,-1.7823174829701232,0.2206348771312139,-1.9208970052352932,-1.7823174829701232,0.2206348771312139,-1.9208970052352932,-1.7823174829701232,0.2206348771312139,-1.9208970052352932,-1.7823174829701232,0.2206348771312139,-1.9208970052352932,-1.7823174829701232,0.2206348771312139,-1.9208970052352932,-1.7823174829701232,0.2206348771312139,-1.9208970052352932,-1.7823174829701232,0.2206348771312139,-1.9208970052352932,-1.7823174829701232,0.2206348771312139,-1.9208970052352932,-1.7823174829701232,0.2206348771312139,-1.9208970052352932,-1.7823174829701232,0.2206348771312139,-1.9208970052352932,-1.7823174829701232,0.2206348771312139,-1.34968206297335,-0.9454749651978123,0.2206350839402157,-1.302684213968253,-0.9766517739496091,0.22072864446484503,-1.26208760653261,-1.00726805328937,0.21086745774647148,-1.230337686710861,-1.0191302403305302,0.19648090924682818,-1.2124057831181392,-1.0251010052482545,0.18285287620760107,-1.2644299274238169,-1.1018703242609833,0.21646330698333305,-1.220776008446098,-1.1137341023812928,0.1956843373523294,-1.1966095300086315,-1.102754735312686,0.179259605574816,-1.1825612745156677,-1.0943778654522547,0.16904138315251935,-1.275976184700049,-1.0984614051912693,0.20361716834050556,-1.2260378802492922,-1.0880539818600314,0.18381754629212865,-1.2101999683006204,-1.05999677438518,0.1739444677267351,-1.204982059402775,-1.0456931756936045,0.1686525128477039,-1.2889731442787749,-1.0806846476113343,0.18950806527817501,-1.244717464257768,-1.044680753312392,0.17212180083055156,-1.251307277473604,-1.0087894339075154,0.17571702904370287,-1.2656848724301515,-0.9933623829000042,0.18101902524369867,-1.3016557709159766,-1.0524895515537618,0.17436976316225708,-1.2663608405982472,-1.022128819985927,0.16653101736342918,-1.2711329944781626,-0.9946404668444001,0.17412918605033065,-1.2827178160911308,-0.9840012405429686,0.18139382110088403,0.48719114340743935,-0.019935061409359387,-0.05953889026828275,-0.48719114340743935,0.019935061409359387,0.05953889026828275,0.6256459370676106,1.1574375311938696,-0.23455641840582175,-0.8085988213295973,1.1632005134575945,-0.683448443958336,0.4876918336980218,1.5479967305374154,-1.0125030858578044,-0.5009961526109161,0.7500831694072788,-2.2382302253734396
Aliya,My name is,-1.9546280323715222,-1.814649612834236,0.21660232226456883,-1.9546280323715222,-1.814649612834236,0.21660232226456883,-1.9546280323715222,-1.814649612834236,0.21660232226456883,-1.9546280323715222,-1.814649612834236,0.21660232226456883,-1.9546280323715222,-1.814649612834236,0.21660232226456883,-1.9546280323715222,-1.814649612834236,0.21660232226456883,-1.9546280323715222,-1.814649612834236,0.21660232226456883,-1.9546280323715222,-1.814649612834236,0.21660232226456883,-1.9546280323715222,-1.814649612834236,0.21660232226456883,-1.9546280323715222,-1.814649612834236,0.21660232226456883,-1.9546280323715222,-1.814649612834236,0.21660232226456883,-1.9546280323715222,-1.814649612834236,0.21660232226456883,-1.9546280323715222,-1.814649612834236,0.21660232226456883,-1.9546280323715222,-1.814649612834236,0.21660232226456883,-1.9546280323715222,-1.814649612834236,0.21660232226456883,-1.9546280323715222,-1.814649612834236,0.21660232226456883,-1.9546280323715222,-1.814649612834236,0.21660232226456883,-1.9546280323715222,-1.814649612834236,0.21660232226456883,-1.9546280323715222,-1.814649612834236,0.21660232226456883,-1.9546280323715222,-1.814649612834236,0.21660232226456883,-1.9546280323715222,-1.814649612834236,0.21660232226456883,-1.0500047412834057,-0.4918009806576369,0.2166026928046008,-0.9816419731174314,-0.5454364835227982,0.2171897620205724,-0.9354066089495227,-0.6040108922997047,0.20730807606071316,-0.9037747405262785,-0.649276647299611,0.19048309395527974,-0.8855961782778207,-0.6843411022289781,0.1749910815864034,-0.9548349504534586,-0.7185166538092543,0.21307128628199212,-0.8891348899039909,-0.7679179582884084,0.18403580354860122,-0.8504585082591561,-0.7712138055119763,0.1638994164082348,-0.8266337137999893,-0.771630616604445,0.15325352713148885,-0.969046321784995,-0.7223274252118669,0.1957666270471521,-0.8918295100730884,-0.7603539695864839,0.1681854157052637,-0.8568352270546048,-0.7481233054894376,0.1557285778877538,-0.8390751413029814,-0.7399687441374097,0.15109715165975982,-0.982503763385428,-0.7079198132198435,0.17650102424487357,-0.9159085395647073,-0.6943198222941394,0.14829866824737592,-0.9160520174728761,-0.6380705826209274,0.15122762210407925,-0.9285906968285256,-0.5997903447015165,0.16053350534132205,-0.9935224674745873,-0.6771127131635574,0.15623975524387723,-0.9394242041044256,-0.6562381692299544,0.14263654634656722,-0.936971746822571,-0.6138311932105395,0.15198005639323445,-0.9463938237315412,-0.5852210194799337,0.16309663177875966,0.4904009123483898,-0.026279548249645547,-0.012459204502865738,-0.4904009123483898,0.026279548249645547,0.012459204502865738,0.6175095258663366,1.1707374413389997,-0.19859988468164677,-0.7828604871207453,1.2390210589852615,-0.8850440308128809,0.43815998707928405,1.5924371110357733,-0.969332384917356,-0.42937120630329745,0.6659796938308781,-2.530258795876863
Aliya,My name is,-1.9619205840887524,-1.8173723406055389,0.2587196622953121,-1.9619205840887524,-1.8173723406055389,0.2587196622953121,-1.9619205840887524,-1.8173723406055389,0.2587196622953121,-1.9619205840887524,-1.8173723406055389,0.2587196622953121,-1.9619205840887524,-1.8173723406055389,0.2587196622953121,-1.9619205840887524,-1.8173723406055389,0.2587196622953121,-1.9619205840887524,-1.8173723406055389,0.2587196622953121,-1.9619205840887524,-1.8173723406055389,0.2587196622953121,-1.9619205840887524,-1.8173723406055389,0.2587196622953121,-1.9619205840887524,-1.8173723406055389,0.2587196622953121,-1.9619205840887524,-1.8173723406055389,0.2587196622953121,-1.9619205840887524,-1.8173723406055389,0.2587196622953121,-1.9619205840887524,-1.8173723406055389,0.2587196622953121,-1.9619205840887524,-1.8173723406055389,0.2587196622953121,-1.9619205840887524,-1.8173723406055389,0.2587196622953121,-1.9619205840887524,-1.8173723406055389,0.2587196622953121,-1.9619205840887524,-1.8173723406055389,0.2587196622953121,-1.9619205840887524,-1.8173723406055389,0.2587196622953121,-1.9619205840887524,-1.8173723406055389,0.2587196622953121,-1.9619205840887524,-1.8173723406055389,0.2587196622953121,-1.9619205840887524,-1.8173723406055389,0.2587196622953121,-1.3821789110388263,-0.9511837630992118,0.25871989675880647,-1.3344424857049408,-0.976556989427467,0.2583785350825077,-1.29607735002484,-1.0060764451558466,0.24928673030395634,-1.268430545300843,-1.0265585852044217,0.23556274837945568,-1.2546834226317718,-1.0411182237721581,0.22256243350560959,-1.296569480136295,-1.0978890280908074,0.2538536724070947,-1.251144002236101,-1.1139466805001987,0.2319018694478095,-1.2289086668974136,-1.1080128512117091,0.2158104609496459,-1.216201359074209,-1.1039538271470803,0.20662517975966316,-1.3053244426019592,-1.1036727204239618,0.24128093983930107,-1.2488955724496538,-1.102021189874857,0.21976261047063358,-1.2289328573778495,-1.0785763396048826,0.2098937183279708,-1.220683358884137,-1.0643899838876014,0.20591632794775813,-1.3158405967495426,-1.0954692988278416,0.22754607886554074,-1.2682478701689863,-1.0631100116651078,0.20688760141367168,-1.278286027982105,-1.0207811504385973,0.21077494942132036,-1.2942528499909147,-0.9973422534849358,0.21852648481928194,-1.3264230405918536,-1.075282142055424,0.21294576744673713,-1.2884860486625038,-1.046256406587861,0.20373875582113343,-1.2935244824819456,-1.0134779909584435,0.21245991307832215,-1.3051390674665666,-0.9959276947614363,0.2217443488024858,0.4928809863125136,-0.03779537408393185,-0.00046268721319663015,-0.4928809863125136,0.03779537408393185,0.00046268721319663015,0.6787700419524284,1.1233879696980476,-0.03138595537264354,-0.7975228116528564,1.1830036730925206,-0.8342729675156509,0.6513563036819212,1.6829946573895023,-0.753891879993459,-0.45735911748545754,0.752097126830335,-2.429496817137426
Aliya,My name is,-2.0203347261474263,-1.8261125334044426,0.2086659620602656,-2.0203347261474263,-1.8261125334044426,0.2086659620602656,-2.0203347261474263,-1.8261125334044426,0.2086659620602656,-2.0203347261474263,-1.8261125334044426,0.2086659620602656,-2.0203347261474263,-1.8261125334044426,0.2086659620602656,-2.0203347261474263,-1.8261125334044426,0.2086659620602656,-2.0203347261474263,-1.8261125334044426,0.2086659620602656,-2.0203347261474263,-1.8261125334044426,0.2086659620602656,-2.0203347261474263,-1.8261125334044426,0.2086659620602656,-2.0203347261474263,-1.8261125334044426,0.2086659620602656,-2.0203347261474263,-1.8261125334044426,0.2086659620602656,-2.0203347261474263,-1.8261125334044426,0.2086659620602656,-2.0203347261474263,-1.8261125334044426,0.2086659620602656,-2.0203347261474263,-1.8261125334044426,0.2086659620602656,-2.0203347261474263,-1.8261125334044426,0.2086659620602656,-2.0203347261474263,-1.8261125334044426,0.2086659620602656,-2.0203347261474263,-1.8261125334044426,0.2086659620602656,-2.0203347261474263,-1.8261125334044426,0.2086659620602656,-2.0203347261474263,-1.8261125334044426,0.2086659620602656,-2.0203347261474263,-1.8261125334044426,0.2086659620602656,-2.0203347261474263,-1.8261125334044426,0.2086659620602656,-1.3260505805059746,-0.8381295066620545,0.20866621271146413,-1.2719503807398898,-0.8813705838752368,0.20968443314277455,-1.2275333632476206,-0.9273071180515088,0.20292280313292513,-1.1928167899177633,-0.9566688419118069,0.1906558891617297,-1.1700433947474198,-0.9793957484715098,0.17942662575680968,-1.2384728817914907,-1.0242026217405276,0.212552382195353,-1.1892818583309193,-1.053570703237919,0.18984324915775797,-1.1632714092915886,-1.0457848667674288,0.17201600042436613,-1.148782521859737,-1.0375822790324787,0.16220499925368223,-1.2494001912114614,-1.0237450579961316,0.19915760659188073,-1.1907383004326706,-1.0425806980149324,0.1784449582608651,-1.1637714175453364,-1.0264870000975201,0.16629053584935677,-1.149892887786594,-1.0134334337676716,0.16054672243058277,-1.2622770377999997,-1.0097054208902227,0.18379860336331083,-1.2115647922985835,-0.9945773276638575,0.16333198101622745,-1.2156552080154563,-0.9544244394253146,0.16506771761286937,-1.2285887167243608,-0.9273681498617958,0.1714338010863942,-1.2750379033064536,-0.9834418168337636,0.16753836220374715,-1.2336581641120041,-0.9692469017649662,0.15764433271213082,-1.233696483723033,-0.9390229432176865,0.16522520446608172,-1.2423637274354131,-0.918546921448783,0.1740045452959504,0.4923945119745391,-0.022115612664250217,0.03150945439794531,-0.4923945119745391,0.022115612664250217,-0.03150945439794531,0.6726455674176336,1.1321128309168413,0.011791070952680791,-0.8236618720519262,1.1747606166506046,-0.8623967848647317,0.6783413449385614,1.7095108032304498,-0.6612614117253925,-0.48868405237400586,0.7381160643393201,-2.3519747678640366
Aliya,My name is,-1.9404453028980817,-1.7343302862675287,0.2500286877629857,-1.9404453028980817,-1.7343302862675287,0.2500286877629857,-1.9404453028980817,-1.7343302862675287,0.2500286877629857,-1.9404453028980817,-1.7343302862675287,0.2500286877629857,-1.9404453028980817,-1.7343302862675287,0.2500286877629857,-1.9404453028980817,-1.7343302862675287,0.2500286877629857,-1.9404453028980817,-1.7343302862675287,0.2500286877629857,-1.9404453028980817,-1.7343302862675287,0.2500286877629857,-1.9404453028980817,-1.7343302862675287,0.2500286877629857,-1.9404453028980817,-1.7343302862675287,0.2500286877629857,-1.9404453028980817,-1.7343302862675287,0.2500286877629857,-1.9404453028980817,-1.7343302862675287,0.2500286877629857,-1.9404453028980817,-1.7343302862675287,0.2500286877629857,-1.9404453028980817,-1.7343302862675287,0.2500286877629857,-1.9404453028980817,-1.7343302862675287,0.2500286877629857,-1.9404453028980817,-1.7343302862675287,0.2500286877629857,-1.9404453028980817,-1.7343302862675287,0.2500286877629857,-1.9404453028980817,-1.7343302862675287,0.2500286877629857,-1.9404453028980817,-1.7343302862675287,0.2500286877629857,-1.9404453028980817,-1.7343302862675287,0.2500286877629857,-1.9404453028980817,-1.7343302862675287,0.2500286877629857,-1.2787054913011109,-0.787396142893751,0.2500288699154661,-1.2430668752061937,-0.8467836055312074,0.2550589176698289,-1.1991495433050121,-0.8848520189490179,0.2478592371750484,-1.162565913126647,-0.8938173207069745,0.23555326017118655,-1.1379827962729872,-0.8904178181375387,0.22380136352213245,-1.1730401605840235,-0.9589208117347636,0.24490372013677034,-1.1171269261743555,-0.9775565797472637,0.22741859589048052,-1.0991456209555834,-0.979083832937271,0.21565407036484577,-1.0904566278503784,-0.9843514228179395,0.2090618950541175,-1.1735808579525517,-0.9451208270876831,0.23069309696378645,-1.1154880025190066,-0.9507453564914293,0.21546274589117892,-1.1051818955609598,-0.9411252972729361,0.20896813723974378,-1.1036813450523901,-0.9396571353733466,0.20608336069690478,-1.179688658872338,-0.9150660688529212,0.21652194930338106,-1.1305552173980222,-0.887688104692683,0.20380833647564414,-1.139723729102003,-0.8541457158399053,0.20904373163586518,-1.1553221079908065,-0.8364088577856083,0.2152552292438774,-1.1897457735257704,-0.8747372102667201,0.20188116866418482,-1.1530415214608396,-0.8483305637106318,0.19894865617174798,-1.1589412194403315,-0.8227911926169951,0.20903449628456236,-1.1702380391068319,-0.8099354771990731,0.21813099835428112,0.4881359345447921,-0.024236915540893716,0.014504568281110656,-0.4881359345447921,0.024236915540893716,-0.014504568281110656,0.6388937583280007,1.1551239172461916,0.0027460883669559294,-0.7208396516899659,1.2496197400515152,-0.8192370451861357,0.7133395347075636,1.8302891680447742,-0.6998589819720484,-0.4433841649706815,0.6888003987581172,-2.3546701371135437
Aliya,My name is,-1.8959552466309153,-1.681075928970291,0.2845055175653637,-1.8969328903913827,-1.6821100284021646,0.2843017756239206,-1.8982715579424065,-1.6827553087028932,0.2841314472605558,-1.8993403485422589,-1.6830787114421353,0.2839970996257014,-1.9002126176992828,-1.6832732788262594,0.2838340714056451,-1.8983584737989487,-1.6830980472264825,0.2838808659614379,-1.8997973814292488,-1.683671711637099,0.2833954148174108,-1.9009655928975764,-1.6841408881194917,0.28305195022307206,-1.9018544823960866,-1.684506728387669,0.28286960308477344,-1.898327276324092,-1.6824972476628048,0.28382044502363324,-1.899826104405598,-1.6830573252213423,0.28346243273631194,-1.9010126035503363,-1.6834359909574423,0.2832242674503065,-1.9020107179430545,-1.6837781006162698,0.28306322039519466,-1.8983149640676418,-1.6817997836340528,0.28376317337911555,-1.8996615008612419,-1.6822885344357021,0.2835065734406441,-1.900790725123773,-1.6826409781978398,0.28345249784767695,-1.9017406795591665,-1.6829673614187315,0.2834234872440062,-1.898288012032289,-1.6810167578560236,0.28369280738783603,-1.8993907541009556,-1.6812692193493428,0.2835181339507123,-1.9002472414028428,-1.6815037304883462,0.2835454671299139,-1.9009889163109697,-1.68166798466339,0.28358094053879446,-1.2918740709441394,-0.8285678058886365,0.2845058581348569,-1.2381488969219787,-0.8598812821257952,0.28650294631308687,-1.1962074914765202,-0.8934368969056604,0.27802348152245315,-1.165893478872665,-0.9129133888835096,0.2640161294286495,-1.1510158556081798,-0.9284561082452594,0.25079191684771734,-1.1956336145207487,-0.994930949233828,0.2856232679676884,-1.146641120089007,-1.0073232073758194,0.26348165023661274,-1.1182399000781897,-0.9999053985245013,0.24618948439731914,-1.099635191548509,-0.9929977363033665,0.23610967197438565,-1.2084203702642324,-0.9968650824317552,0.270915253894412,-1.149733766159377,-0.9962889188586141,0.24913691482535155,-1.120980545117874,-0.9746486239962419,0.23743123800503182,-1.1040472166574176,-0.9588026593123754,0.2322298982633969,-1.2226243124823297,-0.9833183885077882,0.2547664668575728,-1.1743637423714228,-0.9449709702197168,0.2335011181220482,-1.17920661987955,-0.9009899721192944,0.23634613364769655,-1.1910436447628772,-0.8744921048312824,0.24370664812410345,-1.2364735301902239,-0.9561694647041551,0.23775579983424833,-1.1975804349798216,-0.9232027512468918,0.22794628131868644,-1.1992167841782924,-0.8903764639828489,0.2362206303680881,-1.20839784913817,-0.871551285627629,0.2455073932030942,0.48219928630520503,-0.03776083434575973,-0.07880371899414525,-0.48219928630520503,0.03776083434575973,0.07880371899414525,0.6331994775502934,1.1490719405963852,-0.23047181743400363,-0.7598879505751436,1.1672809306912832,-0.6658307818372196,0.550603205796914,1.5775239554315643,-0.9079849367310492,-0.43144629111765337,0.7482106806145311,-2.0984284425451376
Aliya,Nice to meet You,-1.1058401599480732,-1.071994123102184,0.2277319181087118,-1.1309242085141469,-1.1206392237871576,0.2208555063890831,-1.145758088301293,-1.1797953927035045,0.20999830493569693,-1.1504331653841817,-1.2340770327855346,0.1978761404391082,-1.150336587658701,-1.2705550084122985,0.1856197170081764,-1.125088276269782,-1.2079685714289041,0.2026458260947892,-1.1370005966814076,-1.2772190446318767,0.18229799513154984,-1.1491157608491211,-1.3146851501120804,0.17007505721180416,-1.1590514290080007,-1.3396169910146891,0.1629405564156037,-1.1097106216408967,-1.2024969248262876,0.1941799158821237,-1.1216885457767116,-1.277176574473561,0.1748850278716081,-1.1322054476716037,-1.3113698335656048,0.16701830302649787,-1.1399099083612123,-1.3321406028357057,0.16222563148481411,-1.0946691528999704,-1.1930255230113196,0.18520923096432607,-1.1042590029334858,-1.2553519355244105,0.16400829100339673,-1.1123062745152306,-1.2604123789206323,0.1625410097933657,-1.1168225927520516,-1.2567777008898364,0.16484108377753848,-1.081393286978678,-1.179997908079146,0.17614215630896146,-1.0889056554005212,-1.2306915155517115,0.16086184542843873,-1.0987111662913671,-1.2394785320051496,0.16178479026605308,-1.1059738321159363,-1.2400769729042136,0.1646478970735075,-0.9387903745384626,-0.3737990393231767,0.22773225018390977,-0.9632098676873698,-0.49442129471644125,0.2157017946392783,-0.9420319094119204,-0.6068994986565667,0.19799061641719443,-0.9001177932650521,-0.6831426455874225,0.18218790288272302,-0.8675603456049146,-0.7263915865001266,0.16724073274208934,-0.9017267840177268,-0.6056354207734901,0.17176679602683145,-0.8295758393959128,-0.6913730185840335,0.145219700009028,-0.7974016138187143,-0.7249361426403693,0.13264381507042905,-0.7765857772786685,-0.7468318512137029,0.12757236540092093,-0.8550076366099836,-0.5490275056422904,0.1649431043417415,-0.7848125374027524,-0.6451079979288838,0.1461753896288138,-0.7559959421288431,-0.686383283874198,0.14206072724421206,-0.7383480505719578,-0.711715242427479,0.13920556550008373,-0.8142083176390544,-0.4950646563552062,0.159958153662796,-0.75503839277512,-0.5888373801960852,0.1444067130763668,-0.7480779540639204,-0.6221559114177282,0.150811220017217,-0.7504003395266855,-0.6399674413094185,0.15667649092620559,-0.7820699364015559,-0.44970425882765797,0.15468521805149496,-0.7371732242118547,-0.5286550532014531,0.1466595248871899,-0.730529108722561,-0.5584304219404432,0.15714858949322727,-0.7300922900058799,-0.5764187525357627,0.16678810874323824,0.49085774613834804,0.005046417693466839,0.057502558911958566,-0.49085774613834804,-0.005046417693466839,-0.057502558911958566,0.692274907366961,1.1927923223315033,-0.5151838003410482,-0.7417753361736296,1.2690778677532824,-1.233892394765161,0.5202087055617114,1.2784266399133477,-1.7377060897487635,-0.4647904751300878,0.5735387791734842,-3.2740343882480496
Aliya,Nice to meet You,-1.4012974035376138,-1.5210850307081782,0.1449462585462041,-1.3923503709827614,-1.5447466081373107,0.14434181923082134,-1.388396921253662,-1.5774855225630824,0.1395372635071321,-1.3948805461053642,-1.6104608118153396,0.13388052711124618,-1.403455056707153,-1.6314791550922458,0.12792359284565155,-1.3749909756488299,-1.5974355384312255,0.13752384446017352,-1.3866588479534498,-1.6425631119306137,0.12910474180155299,-1.3976794518007543,-1.6572639557598634,0.12319208019465631,-1.4039319153533005,-1.6652199682515099,0.11937851666169207,-1.380871002393207,-1.598163959885823,0.13212740941171397,-1.3922165705048732,-1.6471749010628707,0.1251753666919873,-1.4025578637942977,-1.6588617966289836,0.12157673363013222,-1.4079541180716764,-1.6638999147928248,0.11872108697842339,-1.3885361810246093,-1.5958333188230236,0.1267918628078247,-1.3998894015038237,-1.6387395295894989,0.11949237515099821,-1.4041186175146068,-1.6293900660363856,0.12050293953311372,-1.4029080731162482,-1.6170723571057464,0.12159014000517936,-1.3970782499681211,-1.5917967289540818,0.12152822928976408,-1.4031619034494338,-1.6242560989720247,0.1153884938112415,-1.4052963768146323,-1.614859507956286,0.11757106666049966,-1.4036762447599673,-1.6028069363448554,0.11994109625802643,-1.2517992676678034,-0.8064378785080752,0.14494657970126953,-1.2668777426891842,-0.9045320060291355,0.14277802835431783,-1.2580052844344756,-1.0006237501559492,0.12953629702836225,-1.2324751432593763,-1.0721488367177217,0.11456066311855265,-1.210867749443044,-1.1171403730680467,0.10127977683844039,-1.2629613067864016,-1.0114174916842336,0.11394697661627094,-1.2026856441809268,-1.08901957897513,0.08963892559992379,-1.1686223773372084,-1.0925115469416262,0.07682045095084782,-1.1529170503173483,-1.084890598409414,0.0713858676079851,-1.2362242114144393,-0.973525802866591,0.10244917090197828,-1.1716917452493663,-1.0574087415723075,0.08538535726829545,-1.1405328414613982,-1.0655752384294555,0.08271916565551964,-1.1278026683355629,-1.0630811850736572,0.08093921525652623,-1.2065222389484553,-0.9349016697533084,0.09129845986667967,-1.1430110678188223,-1.0084096988855282,0.07957044554218808,-1.1217728002321883,-1.0007941666582063,0.0882713259285657,-1.1184135556219943,-0.9895152201982336,0.09454056225774747,-1.1768415921032167,-0.8986882464399186,0.07969678460718124,-1.1275621092335375,-0.956715733631179,0.07690320213930422,-1.109768994909618,-0.9514577157667075,0.08872135991228738,-1.1043923399615103,-0.9440335437705678,0.09760238347139798,0.48743712708863285,0.002049229614729263,0.03839000895619133,-0.48743712708863285,-0.002049229614729263,-0.03839000895619133,0.7109878431066713,1.092528592852753,-0.6369582551097462,-0.7506599198107345,1.1052739955656454,-1.2768934781855972,0.5889106187195604,0.9986201411419118,-1.9611697905476229,-0.65662173954334,0.39674465258112956,-3.514471773437904
Aliya,Nice to meet You,-1.5347495109129827,-1.6009834511026904,0.16191245909669638,-1.5385837389658974,-1.6273284730543323,0.16109134698821112,-1.542244426665339,-1.6551049228006054,0.15697696621199606,-1.5481452248151484,-1.678104077133802,0.15170457451323108,-1.554632713926517,-1.6924383673450594,0.14645609282484273,-1.527060853659442,-1.6766049448044205,0.1569373716499003,-1.5390950256816733,-1.708214534418652,0.1482926489628276,-1.5506311843805214,-1.7129877025313964,0.14180241255204407,-1.5573974263592252,-1.710966471736933,0.13811305148785952,-1.5242715107731968,-1.6764352730427556,0.15310008167095396,-1.5374288820248423,-1.7068374321322362,0.14680307076537535,-1.5488194481222284,-1.709537296808571,0.1432105400088818,-1.5550274340365242,-1.7057156942069462,0.14060480712664045,-1.5234354150692646,-1.6726176287305747,0.14896461769890684,-1.5373224362566713,-1.6964878208178937,0.142973496372348,-1.5465448462128162,-1.6891621682325721,0.14273752694463718,-1.5501912412553365,-1.6775927414425578,0.14300952197489578,-1.5240981851369562,-1.6671424158119434,0.14471396984130253,-1.5348553539689156,-1.6845566268767764,0.14037897006498393,-1.5429698864232244,-1.678306906546223,0.14143735650886846,-1.5473923182550653,-1.6687741050571063,0.1429137415409353,-1.2245405509605831,-0.7736332531203289,0.16191287888363945,-1.2325593715728742,-0.8828410115599511,0.15803408079473086,-1.2106847832655294,-0.9836205754209999,0.1454051713156196,-1.174837267118978,-1.056396655663,0.1320795115886273,-1.1496460445680663,-1.1017775855475374,0.12014633882146662,-1.1980116175571311,-0.99020161085765,0.1308790686386146,-1.1186023684980353,-1.058633463630673,0.10987482300575359,-1.0755718040115494,-1.0742836085931493,0.09929213972581385,-1.0497214468241098,-1.0795950661516993,0.09470132566124566,-1.170828380632786,-0.9419245219707996,0.12163075109592175,-1.0865435166622799,-1.0128052597412571,0.10683848837767201,-1.0477661941293506,-1.0278384006805894,0.1041586538423139,-1.0280787708301116,-1.032891447002137,0.10237792038964881,-1.1442043368077348,-0.8938219961556363,0.11315153800487708,-1.0637972693641948,-0.9607888559448913,0.10159084467692084,-1.0355331171835902,-0.9721080932925403,0.10789193552200635,-1.026066862119899,-0.9754244973693758,0.11304470965653154,-1.1197022111046397,-0.8500252283056485,0.10444299981340709,-1.054683702631501,-0.902688329167842,0.09933336329013627,-1.0298439106300545,-0.9117152442006182,0.10838860466350797,-1.018979329728861,-0.9154583226916795,0.11640941448785848,0.4882818580654599,0.0022017131681774734,0.03339614232959005,-0.4882818580654599,-0.0022017131681774734,-0.03339614232959005,0.7192922249601451,1.1544460867165836,-0.4982313556845919,-0.7845970763535323,1.1684965077990104,-1.234874007181509,0.572541996917886,1.2036531042286243,-1.7022867316012862,-0.5867778686755382,0.5457524362250128,-3.4067841874772844
Aliya,Nice to meet You,-1.4231204479082675,-1.5706260715728855,0.19894142904252016,-1.412262009854022,-1.5942531502179675,0.20315530491472855,-1.4060188325997027,-1.6229547972793112,0.20126956091611872,-1.408951641876289,-1.6481001978816097,0.19741972121900833,-1.414989071256305,-1.6630289002099128,0.19326795344507397,-1.39294910616513,-1.641124697706299,0.19931712602246057,-1.4021347436676128,-1.678101657601095,0.19373773022835328,-1.4141539231039282,-1.6833512095640093,0.1893117589896759,-1.420927053341356,-1.6825731936561403,0.18672330001792223,-1.3986752763868453,-1.644688883764185,0.193561379332268,-1.4078246529684297,-1.6808123509132438,0.18966017485264544,-1.419273292680993,-1.6842384666027543,0.18727607690448492,-1.425394549169468,-1.6819402852934535,0.18562391189344196,-1.406200944838281,-1.644902318796281,0.188109896876613,-1.4164961462555261,-1.6717894387111536,0.18503622064615746,-1.424979734100455,-1.6634000933711721,0.18610381174637158,-1.4277082901478175,-1.6526407580247866,0.18687407878065404,-1.4148522139332995,-1.6428307995308435,0.18294626548039752,-1.4230447954268266,-1.6595602907810496,0.18098057963688077,-1.4291494691714863,-1.6523356324555756,0.18342435354586595,-1.4314479100595652,-1.6444840398919218,0.18574503337843715,-1.1901045338285179,-0.7752894988325062,0.19894173234966955,-1.194235853467472,-0.8742717424917438,0.19572079417449492,-1.174466190610283,-0.9703594758819304,0.1835658263196272,-1.1405788095377078,-1.0414395247083843,0.170465853321959,-1.1145240109418797,-1.0866585910664142,0.15880041280882412,-1.1818214966222491,-0.9734172171657696,0.1673925117757161,-1.1069598935809228,-1.0461766745827576,0.1450541582850181,-1.0674127051565243,-1.0555159144058985,0.13404009223614882,-1.0453123878031747,-1.0547198852233421,0.12918607359696088,-1.1621654250024678,-0.9332073942728507,0.15776478693801213,-1.0830174076210863,-1.008716893360648,0.14098952936428968,-1.0471284549283864,-1.0146780998559024,0.1380694317992437,-1.0309748718844147,-1.0114190462797308,0.1362427890340355,-1.139128322481769,-0.8935016444521201,0.1487139506704314,-1.0634830380695715,-0.9617806315772316,0.13662526601320027,-1.0354615365297655,-0.9660813632882133,0.14279791098064634,-1.02670276711462,-0.9638564981401716,0.1475849618426235,-1.1153662491777623,-0.8581656274410981,0.13938260118595905,-1.056707599452942,-0.9142347839178827,0.13448565375259305,-1.0339651544373798,-0.9222556254023673,0.14265989336952292,-1.0249085931485262,-0.9256461375158709,0.14942971833840482,0.48196786141353065,-0.0028283040524757306,0.032101058303243814,-0.48196786141353065,0.0028283040524757306,-0.032101058303243814,0.7287340018905205,1.0235235405098932,-0.39385888705104205,-0.7563289716396032,1.1083080220176553,-1.1715508633332914,0.7594898308408822,1.189847316857732,-1.4605221737093141,-0.563681055505394,0.48285880270674386,-3.19050905021884
Aliya,Nice to meet You,-1.6944500819279222,-1.8003189790580068,0.2318363782361695,-1.6857933518195376,-1.8158002541865277,0.2351665679534005,-1.6805090503907285,-1.8314189206363616,0.23409885095058672,-1.681042777738774,-1.8435108508169862,0.23179470850256018,-1.6845427521917287,-1.8500877990115536,0.22936642529629112,-1.6732247461222827,-1.8419479996328132,0.2322851028772932,-1.679441617296135,-1.8578789845080808,0.22872328123928728,-1.6837855164104303,-1.8540088820675382,0.2258048071565064,-1.683771894022189,-1.8485910674128743,0.22406591031683953,-1.678844263298355,-1.841400819526126,0.22860045890749395,-1.6849958135052068,-1.856155455999549,0.22650433923185423,-1.688682268662454,-1.851119494490953,0.22597621683565594,-1.6882832808393633,-1.8451311170449638,0.22540590597397736,-1.6857734146340053,-1.839206136371854,0.22508678558143652,-1.6912926144606744,-1.8521760344449534,0.22384631057092624,-1.6942328421916555,-1.8460226839746263,0.22540433188727038,-1.693254393356055,-1.8397529516381865,0.2260963214826972,-1.6930901320239038,-1.8362436098816193,0.22167617604228396,-1.697288851603383,-1.8454168251619254,0.22069909460398449,-1.6988553076983843,-1.8392903165726946,0.22238639199149116,-1.6980292875875875,-1.8333825740357428,0.22381709038937062,-1.3135618457406646,-0.9118965747045029,0.23183676144051008,-1.3067594067707275,-1.0102006432680257,0.22955541793000425,-1.2886411928314137,-1.0899736059809335,0.22031620191384912,-1.261932928457263,-1.1454399179117536,0.2098506330473075,-1.2382774850961167,-1.1789585842686143,0.20026935000127677,-1.3124418125176847,-1.0947261705062916,0.20875323554467623,-1.2441142486808474,-1.1561589681393756,0.1893737688355977,-1.2011040665285606,-1.1664588601286374,0.17835500790709086,-1.1726669667811642,-1.1666839322837077,0.17316611535340898,-1.3009070849828461,-1.0558774372056614,0.20034895099754474,-1.22419628060845,-1.1199740423395574,0.1850045545996681,-1.1814365309661539,-1.1296255586856991,0.1807228686847613,-1.1542823338967232,-1.1307024904696445,0.17842931625573108,-1.285561456753643,-1.0173157336723102,0.19221893261411563,-1.211108344100518,-1.0781165033760929,0.17920691843917227,-1.1747724520117608,-1.0861021264521973,0.18161338269000712,-1.1524322617531606,-1.0865427239091787,0.18475260932009682,-1.268381099847643,-0.9823010989582572,0.1839598953420857,-1.2154102923951218,-1.0308378751627383,0.17747671061597228,-1.1894967614675658,-1.0506636147606352,0.1828014126295254,-1.1717115083922813,-1.0635246044610374,0.1882057499667953,0.4826849635532944,-0.006398658548832173,0.030993579986606613,-0.4826849635532944,0.006398658548832173,-0.030993579986606613,0.7375535623877953,1.0439496994508988,-0.5180969403635847,-0.7937979362998883,1.1115158391120195,-1.1564647130392804,0.6561826224966486,1.0534687214733431,-1.7592789829762854,-0.6245192340915604,0.5242899426550928,-3.3060063025637083
Aliya,Nice to meet You,-1.5305963265552167,-1.615447223590322,0.23426689903732026,-1.5211588009394934,-1.6357366731074048,0.2367910001323941,-1.5155707791732447,-1.6631865574317375,0.23460723640314546,-1.5185620994741547,-1.6884279743390136,0.2313582611462803,-1.5258733479660374,-1.7045103441045362,0.2276733462226585,-1.5057109206199764,-1.671042674399772,0.22806230390955573,-1.5106199169772914,-1.7063223484006484,0.22280451434077866,-1.5173518318274304,-1.7192677390902809,0.2202167353533335,-1.5216939240389902,-1.727192758907815,0.21886170997817667,-1.5140318198829004,-1.6696960237236733,0.2230246633873981,-1.519849194911415,-1.7072449718585911,0.21826772193963534,-1.525910323758825,-1.7181048462280852,0.217029450321675,-1.529198620428038,-1.7234731122389622,0.21612296283188656,-1.5237790755461338,-1.6673445597561767,0.21859639719548937,-1.5316654519530861,-1.6949065077801668,0.21379425029681953,-1.5343874369167096,-1.6829243523878015,0.21655628856337433,-1.5336937795517755,-1.6698821018252676,0.21916628668507282,-1.5341646929333157,-1.664258105978916,0.21449292828322816,-1.5389817597077757,-1.6855411465993613,0.21166386355125813,-1.540593026532744,-1.6754157429533223,0.21541061888466467,-1.539995793995078,-1.6643057087968682,0.21870465426033472,-1.0765538135920973,-0.43269452248661633,0.23426741304151585,-1.0719322313837467,-0.5503595784934557,0.23130024237286995,-1.0328703260347318,-0.6555576204793635,0.22056258338758017,-0.9824784133891769,-0.7274124058415143,0.20964064277804886,-0.9457924832909371,-0.7775577765586924,0.20009527775353703,-1.03683278525653,-0.6495219189802345,0.19808285094957293,-0.946983936321681,-0.7175276336347988,0.1766326690191102,-0.895422674748257,-0.7333095765634914,0.16690168518283263,-0.8617561650917236,-0.738559280497482,0.16329653877508915,-1.0132312591367187,-0.5893306121491128,0.18812551949991826,-0.9183121117049857,-0.6696884922093711,0.17258974777485092,-0.8670290251260601,-0.6932929712949896,0.17031334082606484,-0.8347905474321929,-0.704824969740734,0.1687306109114519,-0.98753648913199,-0.5315094866760999,0.17951601017543908,-0.8966589267145093,-0.6043704358386077,0.16896614807923038,-0.8656032181350816,-0.6142831133385235,0.17770150368260682,-0.8533838611900393,-0.617091288300496,0.18420778914563884,-0.9621981386745161,-0.48116209113002345,0.17068067611274929,-0.8928816365582679,-0.5431689050481392,0.1685576228054812,-0.8700123277349282,-0.55208337877625,0.18116730929920147,-0.8603548869060116,-0.5544675766561772,0.19112261835758287,0.4726564385598152,-0.019703683789980976,0.08844324964092909,-0.4726564385598152,0.019703683789980976,-0.08844324964092909,0.6866453551751862,1.031009140750025,-0.31900555632589433,-0.747061881568185,1.1696507047904632,-1.1599018021304455,0.6407640935706902,1.1169260038942563,-1.4315614579121885,-0.5412883567249286,0.650269660411338,-3.162843056589731
Aliya,Nice to meet You,-1.5667833144875047,-1.7196626011070606,0.3458879978090398,-1.5548491586442166,-1.7401690035045918,0.35044256630743414,-1.5500901872741342,-1.763242877582277,0.34938680719113163,-1.5533926464644339,-1.7821591914323722,0.34731074842197623,-1.5610286919449832,-1.7923451487621422,0.3446789096238052,-1.5434005588127657,-1.7740561930954324,0.3407013683265317,-1.549063485245241,-1.8054964542891099,0.3361814714659609,-1.5558894825369272,-1.8136084396242511,0.33454276984099485,-1.5596671915879496,-1.8154598127236816,0.33402623557277983,-1.553340379311703,-1.77217726280748,0.3362761992351723,-1.5649962648797577,-1.8041551722465259,0.33260467269848865,-1.5720068208640905,-1.8029104039649915,0.3333117689642582,-1.5736679452808042,-1.7971602859404576,0.33410577969224997,-1.5649697488667056,-1.7679939790662313,0.332619516441012,-1.5769924427774566,-1.7937870371390043,0.3302215406094305,-1.5806793164789466,-1.7881561109876167,0.33330590549912587,-1.579525428780887,-1.780678593096698,0.3354662559841311,-1.5767895385802262,-1.762521542272551,0.3294925512199061,-1.5855079003149526,-1.780864915357131,0.3282111777949609,-1.5869859133178983,-1.777379314404439,0.33108694607394346,-1.5854600706041602,-1.7726494152171268,0.33351743795566835,-1.5465276083916881,-1.4349009466066445,0.34588829437501306,-1.5545395443668175,-1.4817587184734402,0.3446476142747131,-1.5493745943735346,-1.5318319160195146,0.3369165764065974,-1.5320702770110914,-1.5679743655808742,0.32764610248455117,-1.5151079188474845,-1.58899940872182,0.3191367059516434,-1.5665317081381438,-1.5483999049760053,0.329910626717132,-1.5349585980884144,-1.598190572276369,0.31532672233647446,-1.5169872613888482,-1.6080644487306095,0.3067855516684773,-1.5067676544526123,-1.612079169548319,0.3021928514103333,-1.55803427550431,-1.535280566123981,0.32238758730698613,-1.5227295525511115,-1.5870434104809714,0.3096744665047861,-1.5052081453978414,-1.5959141251183275,0.3058645601423971,-1.4974530405537316,-1.5983682015033032,0.30373603619197914,-1.5451490279714981,-1.5195983445392396,0.3150514579132431,-1.511040610703035,-1.5622734331781387,0.3056480891121889,-1.5081342474595663,-1.552951280683923,0.3104534560497256,-1.5144115100017799,-1.5423609046898406,0.3146472803947349,-1.5294180471480967,-1.5027084348443547,0.30726752655255096,-1.5046371942643753,-1.5364271296173528,0.3037277915848226,-1.503907721182329,-1.5278815788139004,0.31051005256519654,-1.5093305913749604,-1.517820587044345,0.31601758059244267,0.47224407353530407,-0.019432616942690828,0.11883037654162912,-0.47224407353530407,0.019432616942690828,-0.11883037654162912,0.6946493092701385,0.9561189679442664,-0.15380415313762563,-0.6596607751905829,1.087321584967623,-0.8706772069876428,0.6709641557006174,1.1455122225921903,-1.1682903754265206,-0.5157927301151665,0.8207609561213034,-2.4987046412509746
Aliya,Nice to meet You,-1.2040847397244197,-1.1359612578746436,0.35129846779734014,-1.221304515646456,-1.158857365046265,0.34527660121096326,-1.2357489590728783,-1.1858433970013764,0.3362153483109195,-1.246916690871221,-1.2125887224311764,0.32667093463879826,-1.256466940788605,-1.2333258280316008,0.3162966885326825,-1.2239513199842815,-1.2051229857500558,0.32796925113983105,-1.2425944195672345,-1.2372970405800094,0.3119521430904763,-1.255059045469124,-1.2541426705335583,0.30170823686169446,-1.2639935489813134,-1.2645592045843776,0.29550688227376526,-1.2140769697871743,-1.201656593488977,0.32179732336057393,-1.2328586891791034,-1.2307559170239069,0.30738225564703414,-1.2458564470817939,-1.2492892508027857,0.3004360666746524,-1.256325696416461,-1.2619609476935807,0.2953228515330093,-1.2047840464156507,-1.1955014497861307,0.3155198366541772,-1.2207514104151869,-1.211207299404736,0.3010339873826794,-1.2288332135595312,-1.2152214162454122,0.299450462686296,-1.2345726098718297,-1.2177771628320482,0.2995466791776006,-1.1974397890022324,-1.1881153526063355,0.3090650469865751,-1.2074057633927882,-1.1992526674332844,0.29769672608918685,-1.21425179048161,-1.2036327960737165,0.2979456323637086,-1.220127202523064,-1.2073762517040219,0.2993070702060182,-1.2559604916777183,-0.8077930673983054,0.3512986606418491,-1.2608892661384037,-0.8865300262825904,0.346940544750459,-1.247316899646855,-0.9541535140381612,0.3382739188239047,-1.2287764675304291,-1.0020172580522901,0.32996444727291835,-1.215470223447233,-1.034906879528881,0.32225313279517104,-1.2196156076628697,-0.9493524570470583,0.3257217289055287,-1.1774530768816982,-0.993194456126541,0.31199310900945076,-1.1580150376949814,-1.008949012336387,0.30522809780033316,-1.1463828960033087,-1.0194102694701985,0.30240930536363597,-1.1992266799793654,-0.9112221625927501,0.32074044836793436,-1.1566353990680516,-0.9629002639856893,0.311842989605121,-1.1375669580974033,-0.9849149294678614,0.31023292641631095,-1.1258623430128738,-0.9995002252679029,0.30876088384224476,-1.1821316043608754,-0.8757966141529132,0.316453503010443,-1.1420033834040972,-0.9269781147186099,0.310041100152373,-1.129291671269737,-0.9506479855438306,0.3140206797341489,-1.124234302082613,-0.9670908350445556,0.31675351977695015,-1.1687208708405492,-0.8454891166552366,0.31197880411690365,-1.136420084401791,-0.8856568037955669,0.30967271790475487,-1.1257280987838698,-0.9059584146368579,0.3161547066527314,-1.1212767658378848,-0.9223291312153222,0.32155419259757456,0.48203900392697874,0.011377872466626762,0.079874893959056,-0.48203900392697874,-0.011377872466626762,-0.079874893959056,0.6949956501937886,1.119896455105345,-0.35145763257144585,-0.647750680148941,1.1251853202708189,-0.8672243078398874,0.5059760447214107,1.230281291623849,-1.5619312133046777,-0.4700755134975935,0.8342658573139773,-2.6130559654095054
Aliya,Nice to meet You,-0.8893941179065488,-0.9851942059324287,0.21822789633842263,-0.8829659857945175,-1.0298693789265825,0.21778321569762862,-0.8771740160634988,-1.0833630786551975,0.2086659625339942,-0.8808623101764027,-1.1332741180755612,0.19744893491846205,-0.89265273588225,-1.1688356161495221,0.1854404314342085,-0.8534823349125932,-1.105916437779257,0.195675873783241,-0.8624729976221841,-1.1743403352271162,0.1759410653415376,-0.8790419362400409,-1.1914775858232478,0.16382017441531943,-0.8898054277316013,-1.1955781534224912,0.1571258232073398,-0.8607427684507382,-1.1043087475833004,0.18462188224411522,-0.8721561902224567,-1.1727761766541291,0.16797980249293548,-0.8890367891114368,-1.1856918529681248,0.16234181874784004,-0.8996105205083134,-1.1870798760722814,0.15845375887405572,-0.8715704178964416,-1.0993073101914712,0.17389974130857822,-0.8865553014943973,-1.1532022771485038,0.15759040022006068,-0.8981259081828079,-1.1391558718931905,0.1611049397258022,-0.9017375696774038,-1.1190539856236619,0.16502186314094186,-0.884062663337935,-1.0929154434220498,0.16342625467509095,-0.8941221921391713,-1.1336827196520405,0.15183785575997655,-0.9030837285076023,-1.1205687979044552,0.1578151825934241,-0.9077515336734937,-1.1015725058744614,0.1637411811125454,-0.9778595378996574,-0.5110093007224394,0.21822822920352986,-0.9858697490056088,-0.6240249285962389,0.21750031375603351,-0.9667055088801402,-0.7269044224774713,0.20617755843095334,-0.9349027591329446,-0.8011640565303629,0.19246741017974364,-0.9110637666536249,-0.850099001769016,0.18021743334971205,-0.9564004071009888,-0.7443498414881384,0.1923148203069555,-0.896916412143252,-0.8228170161256131,0.16952158983444746,-0.8665772319834442,-0.8325334139871149,0.15704431430134425,-0.8489218774462304,-0.831804217057549,0.1514819927806111,-0.9300847355907579,-0.7022136556261479,0.1799361736110599,-0.8704237070737693,-0.7861665472777133,0.16411657237165006,-0.844826243632731,-0.7984400212496406,0.16054040874361167,-0.8327599244490214,-0.7995599437630244,0.15834351080454534,-0.9042802736508527,-0.6575825187547961,0.16823140850162832,-0.8482212527689608,-0.7377586465827382,0.15682697015641675,-0.8418829573391639,-0.7366911680240639,0.16629675586617312,-0.8496258221946096,-0.7276048350523334,0.17336119927052834,-0.8799061070439144,-0.6163177678840581,0.15609373449405417,-0.8364550835273217,-0.6805513199847809,0.15269004605857167,-0.8328561140703192,-0.6768486360035983,0.16607248851097361,-0.8391327400914556,-0.6667120812284578,0.17704370020354912,0.47823973197040376,0.0030970161458682296,0.1023091907369061,-0.47823973197040376,-0.0030970161458682296,-0.1023091907369061,0.7090342796817671,1.0850794292366923,-0.5421126112853315,-0.7121845958129851,1.1186661400223188,-1.1824939082152148,0.5752584820074003,0.8835155418872768,-1.8561443768774195,-0.4912933150223932,0.40746733716345684,-3.024070432893112
Aliya,Nice to meet You,-1.593407839895822,-1.4376227073434635,0.4169336063035003,-1.613528455160922,-1.4438839305957654,0.4062805585972743,-1.6324093030958293,-1.4571255800734186,0.3969107988397095,-1.6398763136185561,-1.4719709377331958,0.38736361172959055,-1.6365981711807358,-1.4829326318304183,0.3777344714790958,-1.628713062550905,-1.48740794922553,0.3968287213527409,-1.635071570867448,-1.5100102686535506,0.38233369280139184,-1.6393046950878487,-1.5252024158659383,0.3723824550070143,-1.6425751322479492,-1.5377267092269338,0.36609436076896223,-1.6118521722253498,-1.4903109512559003,0.39373425260640327,-1.618643177916871,-1.507854410894243,0.3776893418667808,-1.6229297897504094,-1.5182944036250832,0.36951644662316285,-1.6269733706979608,-1.527444183849381,0.3653689259689988,-1.5941528959969626,-1.4873043557194383,0.39015511701054933,-1.600455034834086,-1.4806378861738008,0.3726439520473561,-1.599325785238614,-1.4574414881312778,0.37217890357940037,-1.5970471137002316,-1.4401305513212719,0.37586021284601556,-1.5776358378436517,-1.4794299813231597,0.38582591895204066,-1.58352210137458,-1.4738250242360809,0.3742468531353723,-1.5852387606798184,-1.4569595155809127,0.37681075213871845,-1.5851648721384388,-1.4435877562437955,0.38113932576050913,-1.598036069750663,-1.302299886842758,0.4169336046424427,-1.599046639241469,-1.3293681583204293,0.4018975319283552,-1.5930166854863652,-1.3531889075253218,0.39126459777055383,-1.5828645706330495,-1.3662603308017423,0.3834111437881596,-1.5729768744267372,-1.3734932768470596,0.375977660035949,-1.5774175692308845,-1.3384480252559081,0.386521281002071,-1.5568191598734902,-1.3392254260244656,0.37368216257384507,-1.5445158958443175,-1.3367554064146543,0.3662257966579294,-1.5343811599725798,-1.3334750460849643,0.36214810327447733,-1.5738748912276956,-1.321644886781882,0.38908634695324984,-1.5524165195552617,-1.323451092653161,0.3786326951279817,-1.5383506303201289,-1.3220686505632937,0.37468035663631233,-1.5272408650328548,-1.3194037059923405,0.37176550531353847,-1.5726071795708225,-1.3105131666296321,0.3912720397112857,-1.5534868297327138,-1.3149110218217732,0.38168974345288625,-1.5406526045550115,-1.3153440128663256,0.3801243609980985,-1.530169961397485,-1.3143927530371087,0.3796731162588275,-1.5729353145132137,-1.3043473067265479,0.3926791416014166,-1.5591515186799485,-1.3083563360046169,0.3856174010791889,-1.549120785499922,-1.310070118073652,0.38500494327802853,-1.540539846607744,-1.3113660216498444,0.38521145952108204,0.4879405424943637,0.015306907328093004,-0.01048514307387932,-0.4879405424943637,-0.015306907328093004,0.01048514307387932,0.7314412307314251,1.1369173286792684,-0.37522409633419257,-0.6992920374541103,1.1362411229031506,-0.7016942973924084,0.4538600340939712,1.4105774674257467,-1.4919083104558337,-0.49697941313342564,1.1942501746807284,-2.657730600872211
Aliya,Nice to meet You,-1.106473608379239,-1.277759719749218,0.27790338135766984,-1.097731287055514,-1.3163678886740469,0.27680442339544864,-1.0853046163711477,-1.3551404009536814,0.26991334686777,-1.0811117196421125,-1.388838834532315,0.2619239322361778,-1.083691679873821,-1.4137523671366579,0.25326654445003166,-1.058789798946287,-1.3744376801865903,0.26371872247047873,-1.0630118477560933,-1.431256664601632,0.2507030216013796,-1.0737335914796515,-1.4575569760707363,0.24180992415684718,-1.082336534703606,-1.4728065679435374,0.2369413634246981,-1.0620591427916337,-1.372638713681837,0.2575071618881897,-1.0625260242823442,-1.4315048156121581,0.24622399325470742,-1.0696304901264357,-1.4516563541743812,0.24156394516738705,-1.075929869687144,-1.4624973340187135,0.23885584419710956,-1.0706041291340025,-1.369334001098163,0.2514364920294198,-1.068955464940559,-1.4233623374851376,0.24153384970790456,-1.0745572276441242,-1.4408755924411856,0.2418738698760228,-1.079094085688851,-1.4505470459619447,0.24324262238194402,-1.0830868414499688,-1.3655092469416437,0.24550737197603117,-1.0801741187923621,-1.4105432057430263,0.23852644152975386,-1.0823864689108553,-1.4276769064116683,0.24056681955045647,-1.085485659834164,-1.4389149273419373,0.2433982386612989,-1.0194523761301373,-0.5790973885458862,0.2779038214968674,-1.0234499136960893,-0.687358713475295,0.2741211820015661,-1.0018283132683183,-0.7849556742116516,0.26159586936307294,-0.9678379397556661,-0.8529360726920832,0.2472759348287459,-0.9398707917043488,-0.8954174075269509,0.23436341972646937,-0.9946611653520417,-0.793968073492288,0.2514762989116915,-0.9291598079672959,-0.8630172208430145,0.22775060221436116,-0.8934430071540406,-0.8744809794294004,0.21382884454561088,-0.8734932882463797,-0.8754277335966416,0.2069706795309314,-0.971654251600153,-0.7515390981212674,0.24068470261894329,-0.9044459496750596,-0.8273100529299793,0.2238290458829471,-0.8722780941505365,-0.8415591439172717,0.21841019392197783,-0.8550850799124625,-0.8449067667149823,0.21473986943707213,-0.9484147202317758,-0.7071505401559405,0.2297530534122937,-0.8819824762927334,-0.7778368543780242,0.21599934116297892,-0.8567638599394973,-0.7864441517770911,0.22066607597359522,-0.847355439718352,-0.7857329164183279,0.22477690772072767,-0.9263329273725361,-0.6643479251273251,0.21830165937183652,-0.872605511087843,-0.7145070649241723,0.21146467374619438,-0.8495164508604215,-0.7212568627614618,0.21920349370187522,-0.8379285089933141,-0.7221832041618547,0.2262353459287077,0.4827111115847501,0.0017738023491322057,0.09472164397868527,-0.4827111115847501,-0.0017738023491322057,-0.09472164397868527,0.7203103652065066,1.0700745300884207,-0.5346149417784986,-0.6936530010790534,1.1134127782526875,-1.1562114053033952,0.6183151085819838,0.9818105865498861,-1.758416971652625,-0.45760622919337623,0.4313626089827944,-2.8601566068444337
Aliya,Nice to meet You,-1.2976713726683144,-1.3759508538528071,0.2815235840018431,-1.2973834024548407,-1.4068862356368699,0.27770389718657834,-1.2988439302477472,-1.4476402302938294,0.2701834375538098,-1.3060716856050647,-1.4893821576990027,0.2620401475429461,-1.3119745999663472,-1.51747545856293,0.25344948296356395,-1.2786923519596627,-1.4606027964727197,0.2643029305562812,-1.2903990300820318,-1.5102024878915254,0.2513683372450665,-1.3020237243807613,-1.5332880012196373,0.24274771181995747,-1.3101886389237443,-1.548029544093201,0.23713236922666356,-1.28056356396812,-1.4586348480212061,0.2585827883211641,-1.292267970018201,-1.510907846224432,0.24693680110147778,-1.3037265169473202,-1.5308199156093452,0.2414859727587468,-1.3112009936375664,-1.5425168487360712,0.23683800635858906,-1.2845984211853807,-1.4555475260243964,0.2529086095128684,-1.29527641424677,-1.5012519913185038,0.24068821246336147,-1.3046014079766972,-1.4963428989855614,0.24094513357765632,-1.3086825499801058,-1.4850001944401803,0.2419476688081504,-1.2902357718229147,-1.451873636990482,0.24709067652611316,-1.2969505070352174,-1.4877732002333834,0.2375157579338751,-1.303837178870087,-1.48390056860487,0.23887221563050628,-1.3079521122946738,-1.4736169325253243,0.24073202179581657,-1.035845219119099,-0.49806432669878625,0.28152408184933764,-1.0456248677062396,-0.6153917798961059,0.27680364869244384,-1.0214080332957782,-0.7265915155430523,0.26281647962734656,-0.9825573547827552,-0.8061592395024646,0.24863038860393352,-0.9530246877093176,-0.851962771157825,0.23540735561541357,-1.0021547005994786,-0.7363557678244778,0.24194942744112877,-0.9307906463324581,-0.8198040348625207,0.21859342902820397,-0.8926078884838471,-0.8452289113755777,0.20674220273743202,-0.8680761535183276,-0.8573058568347086,0.20133061097961544,-0.9690281515168243,-0.68410423891243,0.23130421716097183,-0.8960902201747459,-0.7760976106995823,0.21414041134282685,-0.859115347782563,-0.81103268690185,0.20965870306970302,-0.8362082218015047,-0.8297158704346516,0.20645709041432375,-0.9382790491965324,-0.6311867816499541,0.22196144653318264,-0.8719679170642664,-0.7225617169905695,0.2089236178136917,-0.8556354633204892,-0.7541433770588665,0.2149197241209707,-0.8515375931996249,-0.7697667823875335,0.2197032992904592,-0.9111397630449246,-0.5830713256519094,0.21247685259405158,-0.8609271045902718,-0.6575078929440226,0.20617711447156442,-0.8479344529013888,-0.6862518935227594,0.2158935415509614,-0.8435776906422605,-0.7030268984851906,0.22442376832069863,0.4903818756666527,-0.00723563930765857,0.051717005135435666,-0.4903818756666527,0.00723563930765857,-0.051717005135435666,0.7160379170421446,1.0956222018745543,-0.45343941876453103,-0.7455444565469265,1.1750711278411687,-1.2561260313771603,0.6419889582346521,1.1846796370850063,-1.571414659099042,-0.5285232915699417,0.46850872360032775,-3.2656414978067243
Aliya,Nice to meet You,-1.3543624243864862,-1.4889537454799835,0.19968886059130012,-1.3478454252112928,-1.515194664200664,0.2024752661386299,-1.3434648749089102,-1.5479202977430064,0.19924044454931691,-1.345586016944413,-1.5794959414229042,0.19407012861750042,-1.3482639873936406,-1.6013861644797494,0.1883416514168788,-1.3258178641979286,-1.570101194627505,0.1953144208250576,-1.3387506134799445,-1.61822027722728,0.1869342621553872,-1.3527359057902573,-1.6389076934933966,0.18101907316949153,-1.3624104107934372,-1.65025460270055,0.17753905173681286,-1.329682200716445,-1.5707274930692474,0.18878167099950247,-1.3435243891362774,-1.6217946084145678,0.18239637334732064,-1.3577515809641234,-1.642886205563417,0.17847565817498395,-1.3683538779172315,-1.6553232096261474,0.17532203506395788,-1.3361303619991252,-1.5687008736059116,0.1824122252770767,-1.3506884805122679,-1.6126197404071954,0.17612352593593225,-1.3624486220538998,-1.6170632019604054,0.17526707619025703,-1.3700337051881561,-1.6154341149670788,0.17508077283511855,-1.344874495367265,-1.564290686270751,0.17638316669826512,-1.3570457120484825,-1.5962298193628996,0.17198229751697125,-1.3662945894807372,-1.6006124394814838,0.1727084385359016,-1.3733483423431299,-1.6008995852900707,0.17385297376550685,-1.0786254898437948,-0.5892670143365681,0.19968938703606895,-1.0896433785378832,-0.7000308921548962,0.19809300221208498,-1.0681971655767526,-0.8056718833727285,0.18612094673512602,-1.0296240036694735,-0.8833181142711618,0.1734966869856489,-0.9995009404672939,-0.9311902258036936,0.16208526428513734,-1.05912027274849,-0.8119207374802369,0.16665001485843092,-0.9884989566555732,-0.8944722619777682,0.1452476532713499,-0.9464012079472932,-0.9205723041691541,0.13462828943605235,-0.9195958946259962,-0.9342572815914874,0.1301383154781643,-1.0272691879986247,-0.7646710612617188,0.15601756081902654,-0.9546307158634262,-0.8549298989908367,0.14192632509187092,-0.913386648328136,-0.8876120298080153,0.13921998383716097,-0.8876027879227454,-0.9061778681234856,0.13709912289034804,-0.9959816486221441,-0.7176630272748087,0.1465501848702557,-0.9290616819447486,-0.8050663378534054,0.1374538038094524,-0.9030795601830379,-0.8371879915235441,0.14451192676558144,-0.8914791713791429,-0.8552217028762065,0.14941291829050968,-0.9670945509365603,-0.675370679100311,0.13689514742463854,-0.9161672157158072,-0.7443613775939777,0.13441702022178292,-0.8950054545857634,-0.7713006125287201,0.14458654024215367,-0.8833123013848926,-0.7881803628642308,0.15294457693611613,0.49283018321635835,-0.006734078272040508,0.043818414054017894,-0.49283018321635835,0.006734078272040508,-0.043818414054017894,0.7701408575207587,1.0586207265504022,-0.5673776443859063,-0.7340459603101133,1.1669255674182744,-1.0667494070397598,0.5811929182861619,0.9389115991219249,-1.8160478311537782,-0.521329860815201,0.5375894723151229,-2.931487001303771
Aliya,Nice to meet You,-1.291456674350363,-1.4289473288961627,0.2346256820835179,-1.2836368249150942,-1.4551561416432384,0.23511371873602455,-1.2783608140315201,-1.4871459406477912,0.2299256718050403,-1.281149919474637,-1.5173655008775453,0.22349006317782671,-1.283761879017111,-1.535691947313671,0.21634708113647147,-1.2603593735844152,-1.5070612762263695,0.22275765426900648,-1.2722069347000577,-1.557692137204633,0.21283083572614273,-1.2834208380688494,-1.5793863006815192,0.20692711185134882,-1.2910404428186777,-1.592964082326216,0.20351161915084062,-1.2638702123460237,-1.506379533663869,0.2162098785930721,-1.276587589402646,-1.560054153586971,0.207892688513346,-1.2885469005964467,-1.5809908382355466,0.20421367610368357,-1.2968346945383786,-1.593765604949457,0.20145155986018895,-1.2704424369221556,-1.5026346398624522,0.21015723040656528,-1.28696081080795,-1.5424433048861164,0.20108761574564935,-1.2963213437161436,-1.5305688168255056,0.20177884423319084,-1.29943656020654,-1.5155417954405825,0.20335941835324384,-1.2797429315634279,-1.497091283046416,0.20431001272608115,-1.293365524834631,-1.5245296695942472,0.19670987334807347,-1.3035934262413182,-1.5143342674915965,0.1985656058682507,-1.3094067515597503,-1.5011258630300663,0.20116159981195444,-1.017860231954459,-0.4961591645837834,0.23462616972692177,-1.023243989766235,-0.6220030815549347,0.2323481408935452,-0.9960197024474591,-0.7381184578693037,0.21898322968830508,-0.9527810309176805,-0.81928081899103,0.204907570883901,-0.9185855709222129,-0.8675844663686147,0.19198507672982615,-0.9890362686991055,-0.7504429311888557,0.19547925678264724,-0.9072869335914087,-0.8380430073887086,0.17106739044497948,-0.8607103261572407,-0.8653024860615126,0.15881058015419044,-0.8305270956389957,-0.8795028630042868,0.15367191741535333,-0.9580599608223881,-0.6965127375989727,0.18437432791165778,-0.8721806914353794,-0.7935510539815548,0.1678777175497082,-0.8283316597755361,-0.8295735815611678,0.16434899796008634,-0.802092965918232,-0.8506103897801001,0.1617794978974075,-0.9267058084227413,-0.6430645751070804,0.17470247638443093,-0.8481364421644233,-0.7383218915661348,0.1635904905529765,-0.8202070977347782,-0.7769958732377492,0.1694906366972948,-0.8086118473974305,-0.7995920296922567,0.17380454177426066,-0.8970929911901911,-0.5951855651737524,0.16488805659987985,-0.8364001636282385,-0.6728754270803298,0.16103486804305397,-0.8147415156504515,-0.7072559761483638,0.170574748055862,-0.8046267955652912,-0.729610408755927,0.17867534511740832,0.48379254261871496,0.0029641433345543302,0.09077356470479951,-0.48379254261871496,-0.0029641433345543302,-0.09077356470479951,0.7228645154120594,1.071471853707702,-0.41219509825732376,-0.7095317048745674,1.1404308694823755,-1.1529602388698559,0.6962303541461093,1.1177589945130202,-1.5864641777951543,-0.4971090655659636,0.466208157175118,-2.986216033380013
Aliya,Nice to meet You,-1.17114772894793,-1.2993884962916844,0.20173171729754377,-1.1689560925064368,-1.3371222471067157,0.1988277099186068,-1.1675490176550825,-1.3788763611788033,0.19061393452661118,-1.174698631988808,-1.4173516004842839,0.18161421260975774,-1.1807011495289848,-1.4431264886723572,0.17216381408800055,-1.1414437594314482,-1.4008560296898456,0.18473818611322662,-1.1541230023885993,-1.4554320444882114,0.1697642955659671,-1.1676745650459666,-1.4733434837738952,0.15883116406930925,-1.176421716420292,-1.4820720078821563,0.15159781471710365,-1.1432449028419163,-1.3969339524898559,0.17741043689480615,-1.154946670715691,-1.4542420395291256,0.16430734464375768,-1.1667663856691615,-1.46898560811334,0.1566878913881361,-1.1736035323999918,-1.4766333347816394,0.15024968738055436,-1.147981254602133,-1.390499690758879,0.17015178835380662,-1.1597403600740084,-1.438789134146915,0.15848581445973886,-1.1669036951352054,-1.436337372690481,0.15754493603353534,-1.1684490432307477,-1.4301114177946113,0.1564688659958272,-1.1549942398543036,-1.3825239895101875,0.1627387402490068,-1.1616477451959333,-1.4191403045880808,0.15393415106277925,-1.1659522658529977,-1.416036414561491,0.15527648037538885,-1.1672201370013249,-1.4101941522554329,0.1562976005558588,-0.9537061363989174,-0.5221278372471588,0.20173227792795181,-0.9693032022689622,-0.6378697338251538,0.19622885515950797,-0.948887736195481,-0.7428567406771347,0.1792130668334494,-0.9098211751795815,-0.815616637286014,0.16079074879562977,-0.8807626482815951,-0.8599368862022277,0.14298440531319692,-0.9316968051094998,-0.7655157195249446,0.16155926012019683,-0.8572578200314728,-0.8431873606034765,0.1340804307875886,-0.8202991975842063,-0.8643739539958042,0.11830071028965239,-0.7981474819046916,-0.8770399911367012,0.11014581146341416,-0.897834854748624,-0.7169961005609945,0.14863450955549098,-0.8201035896479404,-0.8007518560414689,0.1270519645379594,-0.7854320637042855,-0.8277965058795494,0.11946572761999748,-0.7674883994074376,-0.8448931862481321,0.11428431635996572,-0.8653777384860328,-0.6652852438317598,0.13662039958279112,-0.7882372609427517,-0.7367337708098468,0.11867729105312924,-0.7657551027175914,-0.7318228599651683,0.12323233851108265,-0.760574082835563,-0.7238142988542903,0.12778159368743114,-0.8363059398854888,-0.6155416573647776,0.12427595860208628,-0.7754930038375697,-0.6680535549334895,0.11502090274333393,-0.7548174381541486,-0.6638971520015622,0.12438556565937207,-0.7460248392255558,-0.6586441863217515,0.13291389049199628,0.4680908203058922,0.0046691804207073554,0.1257714969707624,-0.4680908203058922,-0.0046691804207073554,-0.1257714969707624,0.70767636708867,1.0391693779391633,-0.49482921567676713,-0.6746531861410763,1.102199424195237,-1.2487396119672896,0.6122126098220019,0.8917982218020476,-1.71570120151307,-0.4090982884147225,0.3807382521317707,-2.9900900240429724
Aliya,Nice to meet You,-1.0784777779455443,-1.305957929033826,0.1711779962635045,-1.077070172842808,-1.3567640319033027,0.1722218398244181,-1.0692146083239606,-1.4050395337945376,0.16762229141113522,-1.0682214147211488,-1.4459001351077778,0.160968214656627,-1.0701831749475217,-1.4745322946864854,0.15417182652154088,-1.0281002602655283,-1.4252015579164587,0.16703890227514487,-1.0430095948682834,-1.4794377070250746,0.15425249405555522,-1.060113469270538,-1.4977959700050527,0.14481618033006763,-1.0719201930297555,-1.5074126451514025,0.1393867249606355,-1.0280379729680358,-1.4198489147244733,0.1598719149704569,-1.0480881180824067,-1.4758429821405088,0.14884386574631545,-1.0653425705586799,-1.4854208789741155,0.14347805292046628,-1.0757442846126488,-1.4886286639128672,0.1403298715684632,-1.0338058307124793,-1.4112669412428136,0.15227102528395192,-1.0608063166731208,-1.4568952250219283,0.14167640424928926,-1.0765329944322162,-1.4458308957298638,0.14297821391088011,-1.0829123465932684,-1.4318555263803863,0.14516888080565069,-1.0446572936577816,-1.4008930462869962,0.14455122588765693,-1.0676705025997018,-1.4337790001275685,0.13633095133717493,-1.0818564810305027,-1.4257886657720296,0.1383907849596539,-1.0885582558262463,-1.41515289454984,0.14148354990447157,-0.9347357508889542,-0.4694106563874458,0.17117871957518427,-0.9444941112943868,-0.5877982924979634,0.16543698693315828,-0.914862225745911,-0.6995168167373673,0.15026051147382577,-0.8663227725536274,-0.7777859635401969,0.1354357967708291,-0.827151401723852,-0.827095966674906,0.12208839689116611,-0.9093883680940351,-0.7071617027121373,0.12676982299853232,-0.8144885408197613,-0.7853982693521416,0.10154992548937694,-0.7618825696652876,-0.8058299225794736,0.08972350017835964,-0.7279223499088312,-0.8140729920162982,0.08503240874143218,-0.8783118907834011,-0.6530842447962533,0.11712435307110115,-0.7805322002922503,-0.7454043055489302,0.0994352251790457,-0.7313172526151661,-0.7740317620357858,0.09681465200912441,-0.7015308797149943,-0.7874700661926922,0.09521737032567242,-0.8450902377606666,-0.6015069457915446,0.10881969602251527,-0.7550639192077649,-0.6947428450546242,0.09654587818956491,-0.7180634587696403,-0.7249054463036442,0.10367939975026587,-0.699153243559221,-0.7395222820789988,0.10919677583294689,-0.8124415284848234,-0.5562804362751265,0.10025816654100629,-0.74132588723428,-0.6342096104962471,0.09600357074265055,-0.7111447526339524,-0.6582308877611911,0.10680408936195712,-0.6931757590147472,-0.6700874025322198,0.11585148656981058,0.46200637399020283,0.006206721603716125,0.10424448338537799,-0.46200637399020283,-0.006206721603716125,-0.10424448338537799,0.7109160654027047,1.0010201740527604,-0.42122333889879865,-0.6623488548625774,1.0885398336668357,-1.1088803467343258,0.6893591994176678,0.888094158836583,-1.5210389042607118,-0.4234579105052078,0.40354012571316883,-2.723756383402906
Aliya,Nice to meet You,-1.9763400543732776,-1.9913482081629414,0.108659987100578,-1.9779095144253107,-1.996530749966665,0.10915821085969031,-1.9804478771214693,-1.999006794974927,0.10907034794193762,-1.982702269042126,-1.9987860431132571,0.10873439912192666,-1.9841098351971929,-1.997109339349657,0.10833620797773032,-1.9834364764521804,-1.9992482285544497,0.10907841383596846,-1.9858181106890558,-2.000124311957159,0.10849064778116022,-1.9850882896782587,-1.9996451870633003,0.10785911098409756,-1.9838461229662134,-1.999014393552259,0.1075351683491012,-1.9844271519431007,-1.9963031652752654,0.10854044987821515,-1.9869306935866378,-1.9974583544345277,0.10830445711468248,-1.9861609197015575,-1.9971315229056767,0.10801205743391054,-1.9848093591496525,-1.996477721945438,0.10782523567672506,-1.9847304966461863,-1.9931020064474103,0.10801354810912688,-1.987372102089285,-1.9943369788574326,0.10797148743385639,-1.9866829628099802,-1.9941649678873967,0.10807837423465429,-1.985390648500758,-1.9936264510209951,0.10813768520056466,-1.9844765581205661,-1.99012055174447,0.10753200198369185,-1.9867442719588027,-1.9911528016546387,0.10771482321656274,-1.9864303911295431,-1.9913437620630607,0.1082199603197289,-1.9855327260228062,-1.9911249509887239,0.10863457409719918,-1.8396484469322156,-1.8249847222331312,0.10865997492929705,-1.8319480327830502,-1.8131614403879242,0.11198852792846271,-1.8235058588216353,-1.806815175842588,0.11275903905846771,-1.816715264132191,-1.8019209508211358,0.11137648071075659,-1.8104620589723046,-1.7992430269257265,0.11026974991348636,-1.811957443786734,-1.8227030799702846,0.11843302518471376,-1.8037583051433534,-1.8118423641696317,0.11617080432573204,-1.8057046064540332,-1.8024673834909306,0.11288333743663624,-1.8100832678027337,-1.7966298797915858,0.11115848725245492,-1.8100574782701695,-1.8258267733959648,0.11503301568226755,-1.8018098430834706,-1.8127181339784881,0.11328379866416763,-1.8050924169362705,-1.8037315243592857,0.1101204852625076,-1.8104570943114167,-1.798656049002497,0.10839030275283944,-1.8083151564151638,-1.8275790015105216,0.11109758227852766,-1.800999055907184,-1.8127635926324066,0.10918089713847164,-1.8048941373379797,-1.8042450631516924,0.10771130512042071,-1.8102832192125071,-1.7999669632836068,0.10740980714108214,-1.8071612424783954,-1.8283174818512054,0.1072059602614872,-1.8013523232638375,-1.814179420381107,0.10677997691590661,-1.8041135407690774,-1.8068958239613127,0.10744686131748099,-1.808469012620241,-1.802954225999929,0.10840390066763791,0.47930988419862264,0.043566632394413385,-0.0072677991170332105,-0.47930988419862264,-0.043566632394413385,0.0072677991170332105,0.6967766426859776,1.1481857098517212,-0.492497048648538,-0.9021023015142413,0.6266460149783146,-0.7739400520928925,0.4323946238242163,1.377050262597177,-1.5869896049976966,-0.6388245621387357,0.6043385505256057,-2.1754206015520237
Aliya,Nice to meet You,-1.3022075074366501,-1.518580255397469,0.2381013681144089,-1.2923999187635686,-1.5564044677179154,0.24157409820307796,-1.283463139993391,-1.596846813456767,0.23815680755369173,-1.2830811393437056,-1.6330659144052326,0.23257589604758527,-1.2860885350557532,-1.6568194390247581,0.22665604560557115,-1.257335345548292,-1.6163384148950606,0.23512120765544042,-1.2697470052817088,-1.6687201944940737,0.2248954655766983,-1.2851933850844577,-1.681500630219994,0.21769080215683212,-1.29361782124698,-1.685310123061086,0.2134779023523355,-1.261169197859349,-1.6144442536395163,0.22780590801211517,-1.2763948467664297,-1.667556768614918,0.2198350021248813,-1.29179526814135,-1.6707694448049957,0.21669109041635054,-1.2995230300431075,-1.6672002775362138,0.21460788084350985,-1.269446526249371,-1.6097508339070026,0.2205022054978088,-1.2874749456551418,-1.6519557417195125,0.21291106101851914,-1.2994218709413474,-1.6386076787020125,0.21490087239614067,-1.302766875130773,-1.6225904262202406,0.21669991835778224,-1.2806597252960028,-1.6033112971318253,0.21336038239559046,-1.2962535075196038,-1.6311811284483138,0.2073360554063571,-1.3075326197365207,-1.6176916203229852,0.20984828235720177,-1.312648284468435,-1.6024121493141787,0.21268215942489727,-1.2824191792596344,-0.889841471825762,0.23810180640801298,-1.2989503545223657,-0.9810659842391475,0.2379452810674006,-1.2920102222193455,-1.0672102100184482,0.226805061900274,-1.268148145778372,-1.128401326393241,0.21401668302957375,-1.244480569707396,-1.1653182504229795,0.201929909285733,-1.3024936929210722,-1.0741738194351098,0.20889456629426414,-1.2477698049020496,-1.1404579411137554,0.18833852190801698,-1.217400752186896,-1.1505354185434717,0.1772694782968164,-1.2010671434210656,-1.149914170393077,0.171718280382194,-1.276990619768149,-1.0376396601285072,0.19698187529528216,-1.217796130075799,-1.110340282461885,0.18278772950738537,-1.1884388755337287,-1.1257556566517024,0.1793432700609101,-1.1732202625586239,-1.1295172107208706,0.1762578309272284,-1.2469193632736273,-1.0011409760423038,0.18590125902548219,-1.1911008294744174,-1.074068352855236,0.1759777332249719,-1.1698914429808278,-1.0892346001044964,0.1808959262320255,-1.1621253169999521,-1.0942339847721563,0.183543012936725,-1.2158184729729742,-0.9683244305614358,0.17475101622639924,-1.1722367882066478,-1.0256274723351042,0.17203332337064065,-1.1584492722568918,-1.0320602947704078,0.18114655056655193,-1.1537537186065467,-1.031802588745225,0.18765079548214117,0.48918499917667385,0.008871627565356928,0.039971103875305246,-0.48918499917667385,-0.008871627565356928,-0.039971103875305246,0.6889412730627609,1.0873652461613985,-0.46544250421039446,-0.7384552650155094,1.0983024926516716,-1.0888036027645775,0.6494112461160143,1.1287546410788334,-1.6125101955982775,-0.5947920505287084,0.5920216540037632,-3.029343635220371
Aliya,No,-1.854861975596129,-1.8379652995223206,0.18554778382767514,-1.854861975596129,-1.8379652995223206,0.18554778382767514,-1.854861975596129,-1.8379652995223206,0.18554778382767514,-1.854861975596129,-1.8379652995223206,0.18554778382767514,-1.854861975596129,-1.8379652995223206,0.18554778382767514,-1.854861975596129,-1.8379652995223206,0.18554778382767514,-1.854861975596129,-1.8379652995223206,0.18554778382767514,-1.854861975596129,-1.8379652995223206,0.18554778382767514,-1.854861975596129,-1.8379652995223206,0.18554778382767514,-1.854861975596129,-1.8379652995223206,0.18554778382767514,-1.854861975596129,-1.8379652995223206,0.18554778382767514,-1.854861975596129,-1.8379652995223206,0.18554778382767514,-1.854861975596129,-1.8379652995223206,0.18554778382767514,-1.854861975596129,-1.8379652995223206,0.18554778382767514,-1.854861975596129,-1.8379652995223206,0.18554778382767514,-1.854861975596129,-1.8379652995223206,0.18554778382767514,-1.854861975596129,-1.8379652995223206,0.18554778382767514,-1.854861975596129,-1.8379652995223206,0.18554778382767514,-1.854861975596129,-1.8379652995223206,0.18554778382767514,-1.854861975596129,-1.8379652995223206,0.18554778382767514,-1.854861975596129,-1.8379652995223206,0.18554778382767514,-1.106097030623133,-0.7668421311485096,0.18554818408098128,-1.0461747546826123,-0.8330910211498287,0.16615538899907212,-1.0101859899263899,-0.9256841445789794,0.15925414293098916,-1.003476646965344,-0.9923553719314236,0.14937089535819867,-1.0046993602840224,-1.0337538653568137,0.14038793001953703,-1.0375286135002728,-1.0103935425358843,0.19182749873555316,-1.0216534147719558,-1.0687038186043538,0.16151757643163972,-1.0055482199546673,-1.0805537528148974,0.13703706734810783,-0.9899711305147105,-1.0762160034527228,0.12480240705639893,-1.0772042117221994,-1.0113300356168597,0.187649216666634,-1.0602711782151857,-1.0684106175346992,0.15507510772230618,-1.0400317071715703,-1.060949790411377,0.1364674107344207,-1.022037332466395,-1.046145153866497,0.1311436768973369,-1.1198739641975741,-0.9975421620055656,0.17792288228126127,-1.1005044781477813,-1.0260482757308145,0.13716520084925457,-1.092751273212641,-0.9614530439759047,0.13512182948702792,-1.089519805383677,-0.9093695924429731,0.1468026136717573,-1.162512061734836,-0.9704796551089043,0.1665121742320345,-1.1401215932456854,-0.9946204608055299,0.13817041788456336,-1.1272230870501327,-0.9461557100649661,0.14363738973685808,-1.1217292686738167,-0.904913499031697,0.15670958747488387,0.460816050789709,-0.02279909207663356,0.16014324790394613,-0.460816050789709,0.02279909207663356,-0.16014324790394613,0.6346024045230215,0.9464674228133818,0.3235719077960695,-0.6103102699206883,1.0859164848055016,-0.8587044048981113,0.7828535801788593,1.658989018232239,-0.194275358648617,-0.39093695832638786,0.6950299678778876,-2.145584682013653
Aliya,No,-1.7669651499794023,-1.7740350795343862,0.15272886779034353,-1.7669651499794023,-1.7740350795343862,0.15272886779034353,-1.7669651499794023,-1.7740350795343862,0.15272886779034353,-1.7669651499794023,-1.7740350795343862,0.15272886779034353,-1.7669651499794023,-1.7740350795343862,0.15272886779034353,-1.7669651499794023,-1.7740350795343862,0.15272886779034353,-1.7669651499794023,-1.7740350795343862,0.15272886779034353,-1.7669651499794023,-1.7740350795343862,0.15272886779034353,-1.7669651499794023,-1.7740350795343862,0.15272886779034353,-1.7669651499794023,-1.7740350795343862,0.15272886779034353,-1.7669651499794023,-1.7740350795343862,0.15272886779034353,-1.7669651499794023,-1.7740350795343862,0.15272886779034353,-1.7669651499794023,-1.7740350795343862,0.15272886779034353,-1.7669651499794023,-1.7740350795343862,0.15272886779034353,-1.7669651499794023,-1.7740350795343862,0.15272886779034353,-1.7669651499794023,-1.7740350795343862,0.15272886779034353,-1.7669651499794023,-1.7740350795343862,0.15272886779034353,-1.7669651499794023,-1.7740350795343862,0.15272886779034353,-1.7669651499794023,-1.7740350795343862,0.15272886779034353,-1.7669651499794023,-1.7740350795343862,0.15272886779034353,-1.7669651499794023,-1.7740350795343862,0.15272886779034353,-0.8995659899189375,-0.5470439557774869,0.1527295376363303,-0.832990467101174,-0.6077588596639186,0.13490053012984232,-0.7866553118521648,-0.7067010519120053,0.12800868049899003,-0.7600831202408679,-0.7752873290538381,0.11739694501998103,-0.7315403954369768,-0.8174108392144587,0.10716595138393291,-0.8260537469776372,-0.7955078516762119,0.1572617318471296,-0.7924258172018565,-0.8515829302925425,0.12727666563216716,-0.7586628747134782,-0.871975850343346,0.10344856327432117,-0.7266208158464073,-0.878497975587813,0.09045103278936659,-0.8634493129727882,-0.7985449723343356,0.15061498078376537,-0.8278959000113779,-0.8633606182267028,0.11890697667268962,-0.7871599095036297,-0.8698490129725251,0.10142922671055603,-0.7509199253037886,-0.8681787805151326,0.09528586029259736,-0.9047884782610808,-0.7845075846615781,0.13862930199133205,-0.8685305684589962,-0.8228999461475026,0.09549810547441492,-0.861369264310406,-0.7585658271363936,0.09457477486058163,-0.8602923175738365,-0.7072784344437395,0.10676680389640356,-0.946374635434116,-0.7546061978923875,0.1251192401813327,-0.911055133569611,-0.7803422667877403,0.09333798765742504,-0.8967564061857246,-0.7318937775240885,0.0987302232260395,-0.8932850218578444,-0.6899179926852039,0.11178731853734138,0.4432231698278115,-0.029287063459571175,0.2002329444322383,-0.4432231698278115,0.029287063459571175,-0.2002329444322383,0.6338100228684861,0.875009355991536,0.3116509349444075,-0.5706019953343932,1.0838937037521714,-0.8837816733129671,0.7560478285300495,1.5197150572706737,-0.25221021100557445,-0.27375539640731106,0.673799873770008,-2.088815107944179
Aliya,No,-1.7491609950727842,-1.7520538091766813,0.20359539003235635,-1.7491609950727842,-1.7520538091766813,0.20359539003235635,-1.7491609950727842,-1.7520538091766813,0.20359539003235635,-1.7491609950727842,-1.7520538091766813,0.20359539003235635,-1.7491609950727842,-1.7520538091766813,0.20359539003235635,-1.7491609950727842,-1.7520538091766813,0.20359539003235635,-1.7491609950727842,-1.7520538091766813,0.20359539003235635,-1.7491609950727842,-1.7520538091766813,0.20359539003235635,-1.7491609950727842,-1.7520538091766813,0.20359539003235635,-1.7491609950727842,-1.7520538091766813,0.20359539003235635,-1.7491609950727842,-1.7520538091766813,0.20359539003235635,-1.7491609950727842,-1.7520538091766813,0.20359539003235635,-1.7491609950727842,-1.7520538091766813,0.20359539003235635,-1.7491609950727842,-1.7520538091766813,0.20359539003235635,-1.7491609950727842,-1.7520538091766813,0.20359539003235635,-1.7491609950727842,-1.7520538091766813,0.20359539003235635,-1.7491609950727842,-1.7520538091766813,0.20359539003235635,-1.7491609950727842,-1.7520538091766813,0.20359539003235635,-1.7491609950727842,-1.7520538091766813,0.20359539003235635,-1.7491609950727842,-1.7520538091766813,0.20359539003235635,-1.7491609950727842,-1.7520538091766813,0.20359539003235635,-1.0198326998503386,-0.6260253985326012,0.20359579262119368,-0.9693432245299348,-0.6818698267242049,0.18594455776728677,-0.9366132027459496,-0.7631601436121099,0.17740809895932327,-0.9324060516602856,-0.8141567158320484,0.16647483550965134,-0.9366112387949083,-0.8388793414646616,0.15657520147071424,-0.9707991703510658,-0.8512764280999524,0.20462821207686177,-0.9528322744668308,-0.8886961645210945,0.17391892595002736,-0.9313936817879762,-0.8823189291143992,0.14908167093598784,-0.9093825030332027,-0.8675000924334367,0.13567670128363793,-1.0077639227313337,-0.8518217770938491,0.19902965911454276,-0.9872526887209334,-0.8972374837753297,0.16709345842175544,-0.9589466953286252,-0.8806766705981748,0.1494884533675984,-0.9344536005039632,-0.8624114903217354,0.14389220835823457,-1.0471596901864293,-0.8359949419891006,0.18866180194649898,-1.0263383325403839,-0.8610708081248711,0.1515337236348196,-1.0159562472300863,-0.800688719081538,0.1509874258230468,-1.0119261443227767,-0.7575816785394679,0.1612329260743377,-1.0849269401428292,-0.8050912611438776,0.17660718181296578,-1.0627284510134927,-0.8191745166338332,0.15045966161344407,-1.0469919088116229,-0.7757119599822113,0.1561199514289628,-1.0394538179444572,-0.7431453189455792,0.16794176905658842,0.441404934061738,-0.033624280311088085,0.20153612487576666,-0.441404934061738,0.033624280311088085,-0.20153612487576666,0.6229110482257739,0.8746005302798066,0.40176335845364874,-0.5191237788632753,1.0509404328396041,-0.6612956188478886,0.7252493488937973,1.513249824078411,-0.1257608280053991,-0.27993832892167836,0.8484222418885076,-1.76516576194701
Aliya,No,-1.8157481624428058,-1.8145313327000723,0.16315784503248965,-1.8165955554558046,-1.815055508283434,0.1631204111527007,-1.8175363568461094,-1.8153774921883403,0.16297859492216737,-1.8181402724474225,-1.815730225940935,0.16279267646920986,-1.8185430284570276,-1.8162010159319657,0.16263892185531922,-1.8183891139941755,-1.814300573041526,0.16304993638903,-1.818938944628585,-1.815615200325644,0.16269209692090952,-1.81915500384103,-1.8166016059174108,0.16242802686064495,-1.8191983967513694,-1.8172236984675523,0.16228192406094322,-1.8181918088843319,-1.8143305669309386,0.16290999763229375,-1.8186514111455583,-1.8157992105285747,0.16262567126051897,-1.8187242253182332,-1.8167198884906597,0.16249164611081415,-1.818747721135166,-1.8173857225067522,0.16240842605365435,-1.8179107168900812,-1.8146210472932303,0.16274197305050664,-1.8183605641208695,-1.8160465944791322,0.1625326954656246,-1.8184188362818121,-1.8168669721688573,0.1625739580349018,-1.81844577465125,-1.8174582922378295,0.16261867733797467,-1.8175837219324158,-1.8150742306991614,0.16255140557439662,-1.817993519218052,-1.8161894977533344,0.16246044451298566,-1.8180644593384756,-1.81689676009359,0.1625419234188672,-1.8180951299689792,-1.8174362675971811,0.1626206782084508,-0.8148120594433881,-0.28433893641594576,0.16315858636094047,-0.7331502566032073,-0.3677029173327127,0.1461317110780023,-0.679542218850996,-0.48506091918319205,0.1386592879600902,-0.6553857298082987,-0.5629481331624347,0.1252180839480255,-0.6295162037814067,-0.6067197191758475,0.11268553777342083,-0.7167018343675612,-0.5931224796412129,0.17373908327159146,-0.6743988410614504,-0.6559105198765727,0.13215786449115083,-0.6386296830430771,-0.6657784536369349,0.0997489805749388,-0.6062522763903057,-0.6557107263197124,0.08374664174200232,-0.7678294034944876,-0.6009660944068355,0.16287345601696832,-0.7192121614858162,-0.6773204277068281,0.11841624296539364,-0.6764452656318518,-0.6798232937517494,0.09472207422914086,-0.6408872868737623,-0.6662649800296402,0.08823406562851051,-0.8247526367986976,-0.5876457592252518,0.14542806346970003,-0.7765399746303416,-0.6217971186980117,0.08853496281642713,-0.7628605628785115,-0.5272266643999839,0.08725512203624067,-0.7584668331391949,-0.45018767216862854,0.10491873716652417,-0.8830055579303082,-0.5534054085481535,0.12653906749670019,-0.8384709581566713,-0.5759248640029607,0.08708130271921748,-0.8181587763598577,-0.5101660481277601,0.09533391690821329,-0.8115790606503488,-0.4550979852712296,0.11407342390851036,0.46249487925312044,-0.02694440425769628,0.14575487568963202,-0.46249487925312044,0.02694440425769628,-0.14575487568963202,0.6598634418471642,0.948138386354189,0.20678508967667247,-0.6368264135134524,1.1175406435178288,-0.9663223787598333,0.778955797410804,1.5917666016691847,-0.4141530470045874,-0.3790444304093188,0.5766883172740982,-2.390257498354415
Aliya,No,-1.7434638773984459,-1.7623411633251873,0.19427106981053563,-1.7412933747458101,-1.7644744757039574,0.1936736702346662,-1.73922502556114,-1.7663826510651397,0.19286439687927343,-1.737272869461357,-1.7669194662729115,0.19189913891680682,-1.7358499424671041,-1.7670712969047853,0.190895710957366,-1.741160788223114,-1.7690183766787921,0.19341707782491363,-1.7395349706478829,-1.769294945959432,0.19200791550828258,-1.7381112075270948,-1.7690369219320246,0.19084214390653115,-1.7367416773110647,-1.7683764188427782,0.1902173110097224,-1.7428137657117206,-1.768857681644773,0.19313995711713847,-1.7406973471264897,-1.7682033555633874,0.1919040867110426,-1.7393328265978563,-1.7672593190353363,0.1911257147988874,-1.7382396617199143,-1.7661097966104267,0.1907272856746285,-1.7443501983483194,-1.7682029601367826,0.1927789277126786,-1.7420246169152074,-1.7667335100922767,0.19167871526293284,-1.7413955534136372,-1.7641185127098307,0.19158281964102047,-1.741161795112765,-1.7619958829295506,0.1917951958648314,-1.7456760896506087,-1.7672149349691175,0.19231874202021706,-1.7436673727527727,-1.7661176407822041,0.19183045724812953,-1.7431963331409588,-1.764042838221915,0.1921501978474403,-1.7431935130036262,-1.7622160414897803,0.1925466056723975,-0.7896768236776903,-0.35710947874215626,0.19427180680317324,-0.7161882309450673,-0.43978336152868497,0.17913770058656978,-0.6675766038051116,-0.554067100835601,0.17150476028672695,-0.6427027941611964,-0.6267885147077897,0.15806767776492922,-0.6186944365492942,-0.6703293372840956,0.145473847729369,-0.7192138731386583,-0.6578590331832445,0.2051080815119652,-0.6807381941938464,-0.7152739363576427,0.1655876511744854,-0.6445630707658165,-0.7316809142254477,0.13457729353721892,-0.6118034372694328,-0.7295573149718867,0.11882480283519904,-0.7657052578034509,-0.6607964121632215,0.19372858274469995,-0.7211690317151582,-0.7290463999030813,0.1493669938669537,-0.674770958902665,-0.7280079083207679,0.12694751661842854,-0.6367779795164029,-0.7151252255105498,0.12181441274810996,-0.8151642892084658,-0.6439325857779752,0.17629510359613693,-0.7654520811769694,-0.6697100997084025,0.12199914852786348,-0.7516194960700876,-0.577335264961409,0.1233813305351571,-0.7486051130725919,-0.508733038673407,0.1423631490604163,-0.8635103481642623,-0.6077951839012012,0.15722946361385073,-0.8172223315074898,-0.6271260247515151,0.12098487903172284,-0.7979584373608966,-0.5632883162155148,0.13097247716406588,-0.7929214513698659,-0.5143341136025168,0.1503554935095208,0.45751007262742216,-0.032319271733748704,0.16911145443236808,-0.45751007262742216,0.032319271733748704,-0.16911145443236808,0.6365194261619923,0.9320339910769436,0.23468820536244364,-0.5584254648309792,1.1018330157158904,-0.8870099207007158,0.7390414214360455,1.556589492536441,-0.38546231971307493,-0.28207227875444585,0.6130598933924892,-2.2190846614153563
Aliya,No,-1.8230155799474774,-1.8271376969083455,0.1395595493201197,-1.8230155799474774,-1.8271376969083455,0.1395595493201197,-1.8230155799474774,-1.8271376969083455,0.1395595493201197,-1.8230155799474774,-1.8271376969083455,0.1395595493201197,-1.8230155799474774,-1.8271376969083455,0.1395595493201197,-1.8230155799474774,-1.8271376969083455,0.1395595493201197,-1.8230155799474774,-1.8271376969083455,0.1395595493201197,-1.8230155799474774,-1.8271376969083455,0.1395595493201197,-1.8230155799474774,-1.8271376969083455,0.1395595493201197,-1.8230155799474774,-1.8271376969083455,0.1395595493201197,-1.8230155799474774,-1.8271376969083455,0.1395595493201197,-1.8230155799474774,-1.8271376969083455,0.1395595493201197,-1.8230155799474774,-1.8271376969083455,0.1395595493201197,-1.8230155799474774,-1.8271376969083455,0.1395595493201197,-1.8230155799474774,-1.8271376969083455,0.1395595493201197,-1.8230155799474774,-1.8271376969083455,0.1395595493201197,-1.8230155799474774,-1.8271376969083455,0.1395595493201197,-1.8230155799474774,-1.8271376969083455,0.1395595493201197,-1.8230155799474774,-1.8271376969083455,0.1395595493201197,-1.8230155799474774,-1.8271376969083455,0.1395595493201197,-1.8230155799474774,-1.8271376969083455,0.1395595493201197,-0.8422613390582269,-0.399910702918507,0.1395601461565336,-0.7651385582833898,-0.466508024334946,0.11540554588766255,-0.712950815048409,-0.5686548642586382,0.10449959133816492,-0.6959969690081633,-0.6363881102182548,0.08989934631391555,-0.6840537406867203,-0.6721181789035897,0.07626342312041232,-0.7401554216201258,-0.6791347967995629,0.14132202613359582,-0.70621895171215,-0.7347064309505923,0.10208338989766005,-0.682566759003321,-0.7435001377603526,0.07042183533390016,-0.6619003072899382,-0.7359930651882371,0.053342243569416324,-0.7889378332455728,-0.6880645906276149,0.13386615497022325,-0.7550524304509694,-0.7625618227422386,0.09212584936538917,-0.7224394289032887,-0.7590052779490736,0.06894205956520714,-0.6945013971438497,-0.7441463754413841,0.06132412776056962,-0.8433793823876655,-0.6774659094849633,0.11982972826133136,-0.8132633780504817,-0.7160104014538756,0.06703372544639682,-0.8077755637476065,-0.6311718658405123,0.06487753778114604,-0.8084524237397299,-0.5654363623765689,0.07941809278471891,-0.8990221125000936,-0.6478859030143712,0.10374196527814107,-0.8699683764193809,-0.6708501874545064,0.06631106508835169,-0.8582107787825358,-0.6108473574703579,0.07299923041392885,-0.8558446837878461,-0.5638784770341893,0.08864861403415643,0.46648693696916477,-0.015685892247388405,0.14199764992376537,-0.46648693696916477,0.015685892247388405,-0.14199764992376537,0.6252147642358995,0.9970381729145968,0.13486584764137233,-0.7029958636331253,1.08804253856131,-1.0137252901791503,0.7183913930583783,1.740963585922813,-0.5670957484278181,-0.37421536229191543,0.49003854657419643,-2.4698144842279
Aliya,No,-1.6881557724546268,-1.7209574011531223,0.15373344239337824,-1.6822265600992523,-1.7222941426242604,0.15030694539791903,-1.6758337062728275,-1.7210091231008366,0.1455898787526371,-1.671622801672636,-1.7177081137006613,0.14123030054032124,-1.6695384357408143,-1.7150965711575283,0.1367267225932776,-1.675420246488204,-1.7252287394161805,0.14177669742101454,-1.6720936921350766,-1.7260621986203142,0.13656436101874264,-1.6694076072485242,-1.725185478068169,0.1330208063617194,-1.66675436947407,-1.72394631190758,0.13104172933298178,-1.6790083773697908,-1.723741340466141,0.1415357855685563,-1.6767131969796218,-1.719120932553181,0.13744167843564817,-1.676600770591919,-1.7144953733912527,0.13589297303464418,-1.6760668899069673,-1.7106791085424475,0.13439063505677967,-1.6831498471371715,-1.7212151057675746,0.1415360873594398,-1.681554139874931,-1.7154496354227569,0.1389171085485077,-1.6814361994637081,-1.7118993519613834,0.13918141454774832,-1.6815178097802939,-1.7092771117012187,0.1390709018516188,-1.687559058525864,-1.718056793621637,0.14129887027772545,-1.6866538690068236,-1.7138951315166147,0.14041896542754562,-1.6869410159483071,-1.7117756157977881,0.14171450746569922,-1.6872787734119994,-1.7102279449255606,0.14227523799338698,-0.744745909449169,-0.26401888456025846,0.15373430795448473,-0.6584594051475914,-0.336266222530899,0.13584735120545477,-0.5970519570006761,-0.44684079254303216,0.12518386191031888,-0.5688446934767255,-0.5150808603533376,0.10856372318262181,-0.5456145068563323,-0.5483099255346516,0.09237105511852295,-0.6406146265256616,-0.5762776437480366,0.16078106895839617,-0.5913661102965095,-0.6265659571826414,0.11775864458322619,-0.5503066864654393,-0.6374862468112144,0.08316606044665657,-0.5143894380419602,-0.631851659986571,0.06449519456474764,-0.6928747980707833,-0.5898607397809686,0.14803331830094835,-0.6358905616691586,-0.6524319189222257,0.09909720052904007,-0.5849192992155372,-0.6450990384510711,0.07376519686768312,-0.544311349756841,-0.6273559742553401,0.06688726720094797,-0.7506582283814499,-0.5806884980148694,0.12903076838431504,-0.6939885192722225,-0.5998120799712615,0.06942063554903319,-0.6844548397634492,-0.4967704455317508,0.06997431285008598,-0.6850296010189298,-0.42109752080857643,0.08942018968163183,-0.8085822150264531,-0.5487976995414422,0.10820591214084094,-0.7572160851870815,-0.5615840050125884,0.06740008124752289,-0.7403598979165645,-0.4870373049697,0.07765487731194581,-0.7372208841954375,-0.43058173933169014,0.09804638495490611,0.45681463432346286,-0.0296110415471842,0.17326192810127167,-0.45681463432346286,0.0296110415471842,-0.17326192810127167,0.6570732823348369,0.9205668385561834,0.11474960298688812,-0.6044705843349575,1.1137479296119428,-1.0221996053472786,0.7393848177937921,1.5245668885395298,-0.6282205041790497,-0.2685881077397054,0.5877713190192054,-2.4220798243184665
Aliya,No,-1.8207494002439701,-1.8392509311566607,0.22895326401557564,-1.8207494002439701,-1.8392509311566607,0.22895326401557564,-1.8207494002439701,-1.8392509311566607,0.22895326401557564,-1.8207494002439701,-1.8392509311566607,0.22895326401557564,-1.8207494002439701,-1.8392509311566607,0.22895326401557564,-1.8207494002439701,-1.8392509311566607,0.22895326401557564,-1.8207494002439701,-1.8392509311566607,0.22895326401557564,-1.8207494002439701,-1.8392509311566607,0.22895326401557564,-1.8207494002439701,-1.8392509311566607,0.22895326401557564,-1.8207494002439701,-1.8392509311566607,0.22895326401557564,-1.8207494002439701,-1.8392509311566607,0.22895326401557564,-1.8207494002439701,-1.8392509311566607,0.22895326401557564,-1.8207494002439701,-1.8392509311566607,0.22895326401557564,-1.8207494002439701,-1.8392509311566607,0.22895326401557564,-1.8207494002439701,-1.8392509311566607,0.22895326401557564,-1.8207494002439701,-1.8392509311566607,0.22895326401557564,-1.8207494002439701,-1.8392509311566607,0.22895326401557564,-1.8207494002439701,-1.8392509311566607,0.22895326401557564,-1.8207494002439701,-1.8392509311566607,0.22895326401557564,-1.8207494002439701,-1.8392509311566607,0.22895326401557564,-1.8207494002439701,-1.8392509311566607,0.22895326401557564,-0.8723063711603656,-0.31830597494184,0.22895375951052002,-0.8055041592094925,-0.38662842538106845,0.21006653910816403,-0.7569713381327035,-0.4856768766106856,0.19747641342375805,-0.7331696936730621,-0.5493309901429557,0.18001983597299076,-0.7152946509610486,-0.5831259682232453,0.1632019605286208,-0.7897591494974469,-0.611061116437608,0.2289051624680701,-0.7568516623518086,-0.6651114019600188,0.18756916674989216,-0.728695478072917,-0.663312283356471,0.15451669459082817,-0.7025112815051295,-0.6443412765039024,0.13687609711434673,-0.8315478698773329,-0.620477732924396,0.21800211316461485,-0.7930062903460223,-0.6851658204117241,0.1751243656469718,-0.7601949685639307,-0.6658092115448982,0.15239173173259343,-0.7347823085045831,-0.6370087864341702,0.14529182025868678,-0.8794481881076022,-0.6088326781406139,0.2011392939903066,-0.8433663885963157,-0.6490839475697652,0.15159876624020066,-0.8318851272194376,-0.5650716000131906,0.15018779368451027,-0.8291603896217392,-0.4982544262032824,0.16340913392888773,-0.9282354135552949,-0.5770991385723399,0.18237966932614105,-0.8959137209533988,-0.6006704317025566,0.149038024970348,-0.8827875588955678,-0.5409336381774866,0.15676671597201713,-0.8808073209438709,-0.491644870953378,0.17205578504110755,0.46595986579150067,-0.02828668031989769,0.1503610807388548,-0.46595986579150067,0.02828668031989769,-0.1503610807388548,0.6396120759050372,0.9767005113984978,0.21388955664763884,-0.5749857201254186,1.1163911265332986,-0.9263997512309851,0.7394294975363304,1.6743530254086418,-0.4489904655486627,-0.3390913857858376,0.7399045959247024,-2.479793447803099
Aliya,No,-1.7925589202148497,-1.7619485257744956,0.10105995604962285,-1.7925589202148497,-1.7619485257744956,0.10105995604962285,-1.7925589202148497,-1.7619485257744956,0.10105995604962285,-1.7925589202148497,-1.7619485257744956,0.10105995604962285,-1.7925589202148497,-1.7619485257744956,0.10105995604962285,-1.7925589202148497,-1.7619485257744956,0.10105995604962285,-1.7925589202148497,-1.7619485257744956,0.10105995604962285,-1.7925589202148497,-1.7619485257744956,0.10105995604962285,-1.7925589202148497,-1.7619485257744956,0.10105995604962285,-1.7925589202148497,-1.7619485257744956,0.10105995604962285,-1.7925589202148497,-1.7619485257744956,0.10105995604962285,-1.7925589202148497,-1.7619485257744956,0.10105995604962285,-1.7925589202148497,-1.7619485257744956,0.10105995604962285,-1.7925589202148497,-1.7619485257744956,0.10105995604962285,-1.7925589202148497,-1.7619485257744956,0.10105995604962285,-1.7925589202148497,-1.7619485257744956,0.10105995604962285,-1.7925589202148497,-1.7619485257744956,0.10105995604962285,-1.7925589202148497,-1.7619485257744956,0.10105995604962285,-1.7925589202148497,-1.7619485257744956,0.10105995604962285,-1.7925589202148497,-1.7619485257744956,0.10105995604962285,-1.7925589202148497,-1.7619485257744956,0.10105995604962285,-0.9481548821145684,-0.7874255682792506,0.1010603547342851,-0.8887742799211561,-0.8482673264747655,0.08459585607795797,-0.8514246593800545,-0.9481343596726624,0.07967376927905209,-0.834615713677367,-1.0209474553738471,0.0715363545643683,-0.8177951964090022,-1.069871182583087,0.06338510878041131,-0.8886740925328018,-1.0117968626119112,0.10688959107831214,-0.8696052131582208,-1.0688498211658308,0.08033667281958212,-0.8445411775064253,-1.0926579640691043,0.059139954186058385,-0.8204409904222241,-1.09961612835277,0.048019892174383134,-0.9237740819368764,-1.0098673022663283,0.1028586986937837,-0.9053741991192721,-1.0685388482851135,0.07298356274505038,-0.8829009351504693,-1.0563380855804987,0.057655996375969555,-0.8656780467104541,-1.038338010115085,0.0535087884842808,-0.9619561872545501,-0.9949429341341702,0.09397395287214003,-0.940648396236453,-1.0397135061225167,0.05641202330980356,-0.9293225525269307,-0.9795603066073619,0.056712329913086924,-0.9255198771456056,-0.9265965241908609,0.06836178630874905,-1.0011576276843066,-0.9681289869967433,0.08371020600692741,-0.9764136266354413,-1.005860037133964,0.056477468859820495,-0.9603759622740443,-0.9656204180517549,0.06125320545898612,-0.9549476170477437,-0.9258685163946837,0.07277061796706226,0.4414083065164249,-0.017502909917091282,0.19588933856136395,-0.4414083065164249,0.017502909917091282,-0.19588933856136395,0.6082938926428092,0.9510074430393716,0.2358063703243279,-0.5763094254325485,1.039203289277414,-0.9824652704728501,0.7068695536518388,1.6384539704790715,-0.40950812328837516,-0.2867472702228302,0.4843933100810335,-2.2686747443094983
Aliya,No,-1.7981340597824294,-1.7741858387128147,0.11438398191351694,-1.7981340597824294,-1.7741858387128147,0.11438398191351694,-1.7981340597824294,-1.7741858387128147,0.11438398191351694,-1.7981340597824294,-1.7741858387128147,0.11438398191351694,-1.7981340597824294,-1.7741858387128147,0.11438398191351694,-1.7981340597824294,-1.7741858387128147,0.11438398191351694,-1.7981340597824294,-1.7741858387128147,0.11438398191351694,-1.7981340597824294,-1.7741858387128147,0.11438398191351694,-1.7981340597824294,-1.7741858387128147,0.11438398191351694,-1.7981340597824294,-1.7741858387128147,0.11438398191351694,-1.7981340597824294,-1.7741858387128147,0.11438398191351694,-1.7981340597824294,-1.7741858387128147,0.11438398191351694,-1.7981340597824294,-1.7741858387128147,0.11438398191351694,-1.7981340597824294,-1.7741858387128147,0.11438398191351694,-1.7981340597824294,-1.7741858387128147,0.11438398191351694,-1.7981340597824294,-1.7741858387128147,0.11438398191351694,-1.7981340597824294,-1.7741858387128147,0.11438398191351694,-1.7981340597824294,-1.7741858387128147,0.11438398191351694,-1.7981340597824294,-1.7741858387128147,0.11438398191351694,-1.7981340597824294,-1.7741858387128147,0.11438398191351694,-1.7981340597824294,-1.7741858387128147,0.11438398191351694,-0.9296701476406437,-0.6501017332461118,0.11438453567393057,-0.8672781710155192,-0.7019051844360219,0.09589205473019347,-0.8196673878079664,-0.781844748893327,0.08616697453368348,-0.7933213036587695,-0.8328876819912173,0.07328139489047976,-0.7732664731933427,-0.8578275766440134,0.06131222609213957,-0.8550737422669684,-0.8766644756911134,0.11322940655745466,-0.8201764143360653,-0.9153597605851129,0.07932636221581886,-0.7904397451855916,-0.9154463270321255,0.05299963473744958,-0.7627260192705633,-0.9062301430849807,0.039064243350075405,-0.8917254576645659,-0.8849763759816921,0.10673503505297925,-0.851419660709584,-0.925947293148254,0.0712521965213499,-0.8144407004871185,-0.9134520178967976,0.053039262846357425,-0.7822635140400613,-0.8980306946350319,0.04755667278605887,-0.9321527042840284,-0.8766558109004747,0.09501698354930571,-0.8931261163332217,-0.8843108419905725,0.05310855304878636,-0.891004135051439,-0.818116665288925,0.05285121172038693,-0.8931852435558562,-0.772682292507022,0.06514051284759505,-0.9724466035689138,-0.8529987949009273,0.08145075978699123,-0.9373586573361782,-0.8562904268131352,0.05370641938651722,-0.9279776545539387,-0.8059629632272135,0.06072659426946414,-0.9265704031114822,-0.7701268871334593,0.07435342660192142,0.4438273156097169,-0.03586268768468565,0.21421610842775887,-0.4438273156097169,0.03586268768468565,-0.21421610842775887,0.6517193159847777,0.856934134541001,0.2735369706541932,-0.5932461485753816,1.0765774091442335,-0.9527941479153528,0.7088680743617365,1.4846908514105304,-0.29256829228275755,-0.26559446341337617,0.641294826354962,-2.1681587079267346
Aliya,No,-1.785653019060659,-1.785148188852703,0.15456656829959659,-1.785653019060659,-1.785148188852703,0.15456656829959659,-1.785653019060659,-1.785148188852703,0.15456656829959659,-1.785653019060659,-1.785148188852703,0.15456656829959659,-1.785653019060659,-1.785148188852703,0.15456656829959659,-1.785653019060659,-1.785148188852703,0.15456656829959659,-1.785653019060659,-1.785148188852703,0.15456656829959659,-1.785653019060659,-1.785148188852703,0.15456656829959659,-1.785653019060659,-1.785148188852703,0.15456656829959659,-1.785653019060659,-1.785148188852703,0.15456656829959659,-1.785653019060659,-1.785148188852703,0.15456656829959659,-1.785653019060659,-1.785148188852703,0.15456656829959659,-1.785653019060659,-1.785148188852703,0.15456656829959659,-1.785653019060659,-1.785148188852703,0.15456656829959659,-1.785653019060659,-1.785148188852703,0.15456656829959659,-1.785653019060659,-1.785148188852703,0.15456656829959659,-1.785653019060659,-1.785148188852703,0.15456656829959659,-1.785653019060659,-1.785148188852703,0.15456656829959659,-1.785653019060659,-1.785148188852703,0.15456656829959659,-1.785653019060659,-1.785148188852703,0.15456656829959659,-1.785653019060659,-1.785148188852703,0.15456656829959659,-0.8546665973634178,-0.3600660584213056,0.1545670688224245,-0.7882650870319319,-0.4172286196675842,0.13491663185504088,-0.7404547343681407,-0.5043258691339251,0.12358961678753426,-0.7197378909016403,-0.5597729397597943,0.10902417909716056,-0.7049794604374718,-0.5895518864031256,0.09554944813236114,-0.7746549104500788,-0.6150976631474627,0.15353363529899847,-0.7402177361527118,-0.6525922803098816,0.11563235401780998,-0.7149896994394449,-0.650647397652082,0.08539658872550974,-0.6916439149765324,-0.6375395861755399,0.06876927776666872,-0.8166055514986468,-0.6224751471543822,0.14566571260460032,-0.7768448535203275,-0.6638500284952384,0.10645962105935923,-0.7441538584036547,-0.6438216660143233,0.08581209194552168,-0.7160444221623821,-0.6234460378566901,0.07915069709235985,-0.861227488033223,-0.6114224044602199,0.13214650636707914,-0.8226187842091471,-0.6175861814560893,0.08858580481925923,-0.8193334146282357,-0.5481656930600046,0.08910498745404605,-0.8209053745033107,-0.5042052701704153,0.10176757236960969,-0.9043762478546342,-0.5832657207414162,0.11638208582350028,-0.8702632758946021,-0.5854962905638462,0.08850823285409505,-0.8616994191434159,-0.5359968034380534,0.09670753669824121,-0.8613101283622293,-0.5056659126603066,0.11097915123642609,0.4485843054431711,-0.0350030756357896,0.18482209073192943,-0.4485843054431711,0.0350030756357896,-0.18482209073192943,0.6391254695176368,0.9148096346513289,0.3004254252759241,-0.5856061325631762,1.1018014592668326,-0.8723947272416364,0.7605441919516758,1.5799142676047637,-0.3086176604085004,-0.29757427479147885,0.6969956551577734,-2.195890550082051
Aliya,No,-1.8076865457895381,-1.8002761450448042,0.12375598992541363,-1.8076865457895381,-1.8002761450448042,0.12375598992541363,-1.8076865457895381,-1.8002761450448042,0.12375598992541363,-1.8076865457895381,-1.8002761450448042,0.12375598992541363,-1.8076865457895381,-1.8002761450448042,0.12375598992541363,-1.8076865457895381,-1.8002761450448042,0.12375598992541363,-1.8076865457895381,-1.8002761450448042,0.12375598992541363,-1.8076865457895381,-1.8002761450448042,0.12375598992541363,-1.8076865457895381,-1.8002761450448042,0.12375598992541363,-1.8076865457895381,-1.8002761450448042,0.12375598992541363,-1.8076865457895381,-1.8002761450448042,0.12375598992541363,-1.8076865457895381,-1.8002761450448042,0.12375598992541363,-1.8076865457895381,-1.8002761450448042,0.12375598992541363,-1.8076865457895381,-1.8002761450448042,0.12375598992541363,-1.8076865457895381,-1.8002761450448042,0.12375598992541363,-1.8076865457895381,-1.8002761450448042,0.12375598992541363,-1.8076865457895381,-1.8002761450448042,0.12375598992541363,-1.8076865457895381,-1.8002761450448042,0.12375598992541363,-1.8076865457895381,-1.8002761450448042,0.12375598992541363,-1.8076865457895381,-1.8002761450448042,0.12375598992541363,-1.8076865457895381,-1.8002761450448042,0.12375598992541363,-0.7248633955897986,-0.15568823524731365,0.12375654267064674,-0.6407105004707716,-0.21670007557874552,0.10041483056944317,-0.5820257102974781,-0.3053945612983342,0.08371439855854634,-0.5613766750539672,-0.36015659006723455,0.06299942523951534,-0.5494822045042909,-0.3866499417363479,0.04328039735228624,-0.6126049257998899,-0.44992804963969396,0.1135213035203196,-0.5671253030131568,-0.4955422250352431,0.06606722459348081,-0.5381953657994236,-0.4961386948285047,0.03000092379566866,-0.5141314372395976,-0.4803238958956893,0.010639458190160904,-0.6601293721033953,-0.45839325617392784,0.1024129986616192,-0.6076864614497248,-0.49253301118493786,0.050192804805424124,-0.5781948164198909,-0.46239755443626274,0.02425426874834083,-0.5558166568488967,-0.4297333388558912,0.016745782925540714,-0.7093721796650411,-0.4440830657448081,0.08529485170800168,-0.6597534897310456,-0.43108370897400833,0.029526274723725737,-0.654489622279276,-0.3457372932372314,0.029084586761283057,-0.6552238216768386,-0.2881467786124432,0.044723024137392264,-0.7564017407259531,-0.4099031731555035,0.06559226299019708,-0.7134815418920762,-0.40061598359458506,0.02996787846971911,-0.6978827288534954,-0.34369332293671134,0.038148559530113334,-0.6907027981081699,-0.3064807691506104,0.05469140183517545,0.4492572468094494,-0.04000246448446985,0.18733536600216258,-0.4492572468094494,0.04000246448446985,-0.18733536600216258,0.6482594069982349,0.9164745966938534,0.29414966827248734,-0.6137270286877802,1.122026776372583,-0.9354801994862756,0.7747896085902601,1.4921344247545905,-0.2931526686851996,-0.29750847981239825,0.6321218773164364,-2.203545498424479
Aliya,No,-1.7029414367403806,-1.6858277147818075,0.17727829368365738,-1.70012166901145,-1.686965358033985,0.1767566345260664,-1.6974319849143302,-1.6893654492427255,0.1761979857269423,-1.6952702716106727,-1.6907021442661556,0.17545983821287606,-1.693234266987135,-1.6912671679731637,0.17472784980280745,-1.698515345447321,-1.6940735363842667,0.17704268325931868,-1.6962128618542995,-1.6942429049933743,0.17561305440983146,-1.6942048308339723,-1.694107152102245,0.17446165108235817,-1.6924044598653423,-1.6938883578798425,0.17375391268189708,-1.6999410011720237,-1.6949692954657671,0.17656452445044524,-1.6972070921084363,-1.6952425325853049,0.17497112561358397,-1.6948434504217065,-1.6947142146503575,0.17412225662061798,-1.6929075307053294,-1.6941851992111854,0.17378827226339283,-1.7014477614232566,-1.6949645090974872,0.1759567745966059,-1.6988794286567066,-1.6934412484438237,0.1743351738133315,-1.6993931058812268,-1.690195732632007,0.17456953429521596,-1.7001552144474017,-1.688209686709747,0.17520259334844315,-1.7029484885730597,-1.6942100369054267,0.1752538717811332,-1.7006628238149297,-1.6929521440286226,0.17435245764721127,-1.7008560161591684,-1.6906742915464867,0.17486894994017138,-1.701498732585576,-1.6893876082705623,0.1755497439694719,-0.8351803653383167,-0.5060081653259452,0.17727885827860146,-0.7703851155882845,-0.5551748697154726,0.1642110073879181,-0.7211719878819831,-0.6303759231380612,0.15624893323354755,-0.6880157956176927,-0.6799598382907742,0.1438914552796777,-0.6554809981736567,-0.7090359995459565,0.1323384918262617,-0.7417105051391361,-0.7204860649231332,0.18013954705466126,-0.6964176013809883,-0.7543966912086173,0.14977218935011571,-0.6565709487493442,-0.7612764387363692,0.12615273330555155,-0.6214823833241437,-0.7586348940488713,0.11315353409594504,-0.7722204126732921,-0.7266405394929737,0.1705684534834328,-0.7261841495433256,-0.7617768614141992,0.13570068489498116,-0.6895981891798079,-0.7528061150775315,0.1172649406565258,-0.6602533212396192,-0.7394222357554295,0.1112234550721531,-0.8072524394391069,-0.7180087079523616,0.15646759490557674,-0.7596164042417728,-0.7197362585430269,0.11534101992799606,-0.7569476964719186,-0.6574608670191359,0.11456435985278232,-0.7615079207848041,-0.6118272762639132,0.12623940612470727,-0.8432863599168137,-0.695606377406901,0.14089391795286654,-0.8025895969129604,-0.6982048054187261,0.11415109301265895,-0.7944516712930946,-0.6588975657580499,0.11997793203055059,-0.7966450723313162,-0.6300017430147641,0.13218435375053603,0.4309252412199374,-0.03478389772912702,0.24330900922312892,-0.4309252412199374,0.03478389772912702,-0.24330900922312892,0.6405393572424012,0.8473781535945332,0.29105148484076515,-0.47424124718123994,1.0472734307400733,-0.7585567921627878,0.7000110549186557,1.3372409204522222,-0.4209307566689291,-0.12219143188291341,0.8638440289437653,-1.778015289562015
Aliya,No,-1.7764794744964099,-1.790732354216571,0.20272814917182283,-1.7764794744964099,-1.790732354216571,0.20272814917182283,-1.7764794744964099,-1.790732354216571,0.20272814917182283,-1.7764794744964099,-1.790732354216571,0.20272814917182283,-1.7764794744964099,-1.790732354216571,0.20272814917182283,-1.7764794744964099,-1.790732354216571,0.20272814917182283,-1.7764794744964099,-1.790732354216571,0.20272814917182283,-1.7764794744964099,-1.790732354216571,0.20272814917182283,-1.7764794744964099,-1.790732354216571,0.20272814917182283,-1.7764794744964099,-1.790732354216571,0.20272814917182283,-1.7764794744964099,-1.790732354216571,0.20272814917182283,-1.7764794744964099,-1.790732354216571,0.20272814917182283,-1.7764794744964099,-1.790732354216571,0.20272814917182283,-1.7764794744964099,-1.790732354216571,0.20272814917182283,-1.7764794744964099,-1.790732354216571,0.20272814917182283,-1.7764794744964099,-1.790732354216571,0.20272814917182283,-1.7764794744964099,-1.790732354216571,0.20272814917182283,-1.7764794744964099,-1.790732354216571,0.20272814917182283,-1.7764794744964099,-1.790732354216571,0.20272814917182283,-1.7764794744964099,-1.790732354216571,0.20272814917182283,-1.7764794744964099,-1.790732354216571,0.20272814917182283,-1.0218087327078307,-0.5584326816360022,0.20272852099868885,-0.9655632808502862,-0.6213283607591233,0.18884318470002315,-0.9322678229842692,-0.7091983143743796,0.18411056016672048,-0.9200119735106239,-0.7706291129994743,0.17547012868081002,-0.9096696941998849,-0.8093969854531649,0.16803884340366518,-0.9604569564144064,-0.7884119599048314,0.21190635128169938,-0.9378394860484311,-0.842361976526896,0.18270752120079783,-0.9174080768289818,-0.8450097796667806,0.16054114168501443,-0.8970397464899367,-0.8349158440843546,0.15013717512953545,-0.9950703734954542,-0.7886514157401344,0.20601552402585527,-0.9688221918650657,-0.8446674894074642,0.17566615196498722,-0.945028899415511,-0.8373008406384791,0.15962019781709266,-0.9239011510347019,-0.8227975333147628,0.1557912554117221,-1.0321949124085372,-0.7757528632803462,0.1949246126947752,-1.0037569890444504,-0.7995404971881588,0.15786777068163774,-0.9951351181522936,-0.7380205173943417,0.15707584452945164,-0.9916232553152559,-0.6899282162249522,0.16873732380416007,-1.0690171596925753,-0.7506959194792863,0.18244313581661398,-1.0420969298682252,-0.7701964561577237,0.15840335833994765,-1.027945358082452,-0.7275795947452216,0.16450977944022524,-1.0219631915453826,-0.6922285318976708,0.17716976986891478,0.4507432321863424,-0.03749999196529447,0.19978700947508674,-0.4507432321863424,0.03749999196529447,-0.19978700947508674,0.6261945446272241,0.9162954708033764,0.36716895818930945,-0.5216305967332703,1.0758838432815623,-0.7700939045034936,0.7630451484211557,1.5867862999246385,-0.2359329350109041,-0.31583002998859544,0.8688593862930711,-2.0774281944821036
Aliya,No,-1.7401635715794719,-1.7146923362401223,0.1677403285970455,-1.7383840555030847,-1.71926058444951,0.1629071143466288,-1.7388858254388928,-1.724810231392355,0.1589716729068141,-1.740975988634669,-1.7296304608727286,0.1561244933827445,-1.7431768956169877,-1.733722082096614,0.15337194325579231,-1.7395209022634253,-1.7187742755665567,0.15593796905977866,-1.743418464647317,-1.7271824202263795,0.15173929009334824,-1.7463531113906994,-1.7322989802982234,0.14981897293772253,-1.748320283836831,-1.736372757035275,0.14878195774658648,-1.7425298906943052,-1.7154362853268643,0.15720548402998077,-1.7465875643223627,-1.7261466613683745,0.15318429969327751,-1.7494045293057923,-1.7326416422746964,0.15233344040752025,-1.7512302671283002,-1.7375849930032858,0.151788556468906,-1.7454206043568163,-1.7137728949920783,0.15851848814564892,-1.7490093376543017,-1.724046203431144,0.15529463382085587,-1.7507650041671714,-1.7300703428525626,0.15489160211084055,-1.751790538622783,-1.7348617129145505,0.15475262152741312,-1.7479067206821732,-1.7133914699399624,0.15957745406340607,-1.7503054936640465,-1.7218047745401146,0.15719841765922515,-1.7514075332444512,-1.7269749268431203,0.1565238105030456,-1.7519816476637566,-1.7311270099527172,0.15614007151974552,-0.7081125993062476,-0.33317599283534477,0.1677410479667935,-0.6353841659216574,-0.40863248073393654,0.15241542337375483,-0.5870772835956406,-0.5184604878927478,0.14528592011845418,-0.5592042542858244,-0.59165541811949,0.13246606928619314,-0.5279759492813184,-0.63940011150072,0.12022367477429467,-0.6315094722088874,-0.6172737557465057,0.17656734861875917,-0.589996131367638,-0.6740197246422549,0.14017739564229906,-0.5487369905396214,-0.6944703196322248,0.11158335406750142,-0.5107090747331948,-0.7008366896447272,0.09617954142024404,-0.6746526194771109,-0.620667300202453,0.1656392443080276,-0.6286954165782248,-0.686745577657446,0.12431727958701433,-0.5804343542705078,-0.6926100139727134,0.10302229823220473,-0.5402652918063907,-0.6884638607045964,0.0968246442641862,-0.7214590326316418,-0.6040212167830438,0.14896154534219586,-0.672262429644039,-0.6315315740882141,0.09515798601768388,-0.6620226514070463,-0.5448335378371523,0.09570270536070334,-0.6615093704899045,-0.47791195345649645,0.11315652147748298,-0.7674913178854998,-0.568669280556425,0.130875219116794,-0.7191796872939479,-0.587625837528695,0.09264336515228797,-0.7002032414550682,-0.5252187575341117,0.10048534556584666,-0.695455509426928,-0.47402739956945195,0.11805288464542209,0.45031990234145347,-0.03552104033698683,0.18274643867140644,-0.45031990234145347,0.03552104033698683,-0.18274643867140644,0.6321152015249047,0.9012491460816389,0.14752087439231384,-0.541034693571964,1.1131800028964132,-0.9897390787741314,0.7031309849432978,1.4031854960881118,-0.6013785781922317,-0.2228616503446394,0.6217050252748461,-2.4007770836133453
Aliya,No,-1.8192963327495837,-1.8262107677970396,0.1651035818020353,-1.8192963327495837,-1.8262107677970396,0.1651035818020353,-1.8192963327495837,-1.8262107677970396,0.1651035818020353,-1.8192963327495837,-1.8262107677970396,0.1651035818020353,-1.8192963327495837,-1.8262107677970396,0.1651035818020353,-1.8192963327495837,-1.8262107677970396,0.1651035818020353,-1.8192963327495837,-1.8262107677970396,0.1651035818020353,-1.8192963327495837,-1.8262107677970396,0.1651035818020353,-1.8192963327495837,-1.8262107677970396,0.1651035818020353,-1.8192963327495837,-1.8262107677970396,0.1651035818020353,-1.8192963327495837,-1.8262107677970396,0.1651035818020353,-1.8192963327495837,-1.8262107677970396,0.1651035818020353,-1.8192963327495837,-1.8262107677970396,0.1651035818020353,-1.8192963327495837,-1.8262107677970396,0.1651035818020353,-1.8192963327495837,-1.8262107677970396,0.1651035818020353,-1.8192963327495837,-1.8262107677970396,0.1651035818020353,-1.8192963327495837,-1.8262107677970396,0.1651035818020353,-1.8192963327495837,-1.8262107677970396,0.1651035818020353,-1.8192963327495837,-1.8262107677970396,0.1651035818020353,-1.8192963327495837,-1.8262107677970396,0.1651035818020353,-1.8192963327495837,-1.8262107677970396,0.1651035818020353,-0.9590146565071903,-0.4589507375789012,0.16510418334502064,-0.883301299268564,-0.5214558486919071,0.14546255970221358,-0.8342187504022259,-0.6143862133977562,0.13608036466990284,-0.8191086537392985,-0.6777274062959692,0.12210903055716701,-0.8048541389809564,-0.7135199680430471,0.1095855860115725,-0.8578451364760792,-0.7305471396743622,0.17210254300848726,-0.8229087007857018,-0.7822301060877997,0.13258663431732873,-0.8003213162303279,-0.789657321249415,0.1022168857657463,-0.7806360876722936,-0.7812387461537507,0.08699040414159798,-0.9036719048563016,-0.7432353989098907,0.16333856754836157,-0.8648006478842284,-0.8005596172089364,0.12028529805654169,-0.8335855737518896,-0.7972502258903411,0.09768547388469136,-0.8058653841351062,-0.7839930095774063,0.09212533852740488,-0.9530611960874259,-0.7363056787292366,0.14809523357271215,-0.9192628826627025,-0.7386149114529538,0.09542109515851153,-0.9182306567764092,-0.6535786353621733,0.09366097198735805,-0.9189409090623682,-0.5924715411093664,0.10998104973454963,-1.0023630666456667,-0.710463109563685,0.1309312173092149,-0.9693334762823911,-0.7072768805463832,0.09627921215074234,-0.9586823909953284,-0.6461963427776389,0.10366853098432319,-0.9540846559339564,-0.6034494514621764,0.12065897987484257,0.4537853083916728,-0.0321070186833712,0.17968215377702035,-0.4537853083916728,0.0321070186833712,-0.17968215377702035,0.6436443322175248,0.9102981583440016,0.31596699608851425,-0.6498508989220554,1.0818388526832485,-0.9251214847141939,0.7685569324875136,1.5675903241703464,-0.24527387044274476,-0.3448329388055027,0.6620578070507883,-2.2126688821242584
Aliya,Sorry,-1.9569277119464183,-1.908613436667674,0.28331475470222905,-1.9569277119464183,-1.908613436667674,0.28331475470222905,-1.9569277119464183,-1.908613436667674,0.28331475470222905,-1.9569277119464183,-1.908613436667674,0.28331475470222905,-1.9569277119464183,-1.908613436667674,0.28331475470222905,-1.9569277119464183,-1.908613436667674,0.28331475470222905,-1.9569277119464183,-1.908613436667674,0.28331475470222905,-1.9569277119464183,-1.908613436667674,0.28331475470222905,-1.9569277119464183,-1.908613436667674,0.28331475470222905,-1.9569277119464183,-1.908613436667674,0.28331475470222905,-1.9569277119464183,-1.908613436667674,0.28331475470222905,-1.9569277119464183,-1.908613436667674,0.28331475470222905,-1.9569277119464183,-1.908613436667674,0.28331475470222905,-1.9569277119464183,-1.908613436667674,0.28331475470222905,-1.9569277119464183,-1.908613436667674,0.28331475470222905,-1.9569277119464183,-1.908613436667674,0.28331475470222905,-1.9569277119464183,-1.908613436667674,0.28331475470222905,-1.9569277119464183,-1.908613436667674,0.28331475470222905,-1.9569277119464183,-1.908613436667674,0.28331475470222905,-1.9569277119464183,-1.908613436667674,0.28331475470222905,-1.9569277119464183,-1.908613436667674,0.28331475470222905,-1.9323616314918706,-1.867607619119887,0.2833147444649136,-1.93009123193383,-1.8690602457498824,0.28372634153384657,-1.927833828102126,-1.8694150545502994,0.2834165726995935,-1.9261098937953474,-1.8687919866826466,0.2829134664215717,-1.9251883115996535,-1.8674829126818357,0.282493214210835,-1.9263756747065197,-1.8700375333915644,0.2828536216224936,-1.9242146934331705,-1.8681553446753567,0.2820953787076762,-1.9248937081945647,-1.867474809589097,0.28172099456380956,-1.9256823508491403,-1.8675294590328224,0.28157152696215226,-1.9269272554662298,-1.8690178862621378,0.282233365186744,-1.9248520783566248,-1.866869425779435,0.2817615483341175,-1.9256358257243293,-1.866470737166408,0.28180035459314345,-1.92654249653129,-1.866848804549322,0.28184920713500117,-1.9277088722565054,-1.8675458191080767,0.28163393473908366,-1.9262294979913104,-1.8655049594187338,0.28143184363271506,-1.9269800184335517,-1.8654496625766364,0.2818857025599301,-1.9277667162397385,-1.8659890515514304,0.2821524347520354,-1.9286364959525808,-1.8659432003577119,0.2810383527795686,-1.927560132480528,-1.8643565569581588,0.2811694453117047,-1.9282236998922417,-1.864522386459195,0.28169680899440147,-1.9288725363377197,-1.8650607061653663,0.28205254718625683,0.49284239469288044,0.0032826577610454645,0.048141952943548505,-0.49284239469288044,-0.0032826577610454645,-0.048141952943548505,0.694886485176528,1.0521228117135095,-0.21024733595982892,-0.6188164757990643,1.1884513680176616,-0.8304698978643463,0.40249539546914387,1.4766884859793774,-0.9752941808418221,-0.059198546890098125,0.8532871500005795,-2.1316557942019605
Aliya,Sorry,-1.85447694768521,-1.7694938642033908,0.30862796695117356,-1.85447694768521,-1.7694938642033908,0.30862796695117356,-1.85447694768521,-1.7694938642033908,0.30862796695117356,-1.85447694768521,-1.7694938642033908,0.30862796695117356,-1.85447694768521,-1.7694938642033908,0.30862796695117356,-1.85447694768521,-1.7694938642033908,0.30862796695117356,-1.85447694768521,-1.7694938642033908,0.30862796695117356,-1.85447694768521,-1.7694938642033908,0.30862796695117356,-1.85447694768521,-1.7694938642033908,0.30862796695117356,-1.85447694768521,-1.7694938642033908,0.30862796695117356,-1.85447694768521,-1.7694938642033908,0.30862796695117356,-1.85447694768521,-1.7694938642033908,0.30862796695117356,-1.85447694768521,-1.7694938642033908,0.30862796695117356,-1.85447694768521,-1.7694938642033908,0.30862796695117356,-1.85447694768521,-1.7694938642033908,0.30862796695117356,-1.85447694768521,-1.7694938642033908,0.30862796695117356,-1.85447694768521,-1.7694938642033908,0.30862796695117356,-1.85447694768521,-1.7694938642033908,0.30862796695117356,-1.85447694768521,-1.7694938642033908,0.30862796695117356,-1.85447694768521,-1.7694938642033908,0.30862796695117356,-1.85447694768521,-1.7694938642033908,0.30862796695117356,-1.7812637816337624,-1.6869887259923009,0.3086279303747577,-1.7800091114482246,-1.6947994303802016,0.30922843065881406,-1.7770967986649513,-1.6990787313345963,0.309180374594747,-1.774122923822048,-1.7003682970925147,0.30896511554891953,-1.7721155680084526,-1.699197636813461,0.30880566940017995,-1.7726716872248323,-1.6985971409786147,0.30849752549584225,-1.7705840964783781,-1.6990063857982978,0.3084800623590001,-1.7721246908071164,-1.6982386008696875,0.3084169923427631,-1.773711030024672,-1.6974455105701558,0.30835381757358615,-1.771464740006043,-1.6945186804315835,0.30798691763579855,-1.7706572965879657,-1.6951669669905347,0.30864654453507284,-1.7721675156017018,-1.6948678434608597,0.30892104569855117,-1.773611547275611,-1.6940806179006036,0.30881042934187763,-1.7711619219544041,-1.6904801511816432,0.3076090209504742,-1.7709515464384613,-1.6918761941474352,0.30830940112741634,-1.772283169152754,-1.6916490708467709,0.30884822270403656,-1.7737511061928488,-1.6909272016695127,0.3088901978911287,-1.7715177476608677,-1.687073308584783,0.3072543802798638,-1.7714822284158251,-1.6884389599775045,0.30806442846460563,-1.7726574555921941,-1.6884419799639463,0.3089404849434333,-1.7738942430872002,-1.6879626502280434,0.30945027350583915,0.45983077754524604,-0.013936452192254657,0.16708595201985574,-0.45983077754524604,0.013936452192254657,-0.16708595201985574,0.6577717246175555,0.9955146122524573,0.11162868701583065,-0.5399920649415753,1.1601994518168175,-0.8166721461030115,0.5228450659248964,1.4731772561668948,-0.5976642657647412,0.011130952455035344,0.8306855272280981,-1.8887766585297399
Aliya,Sorry,-1.8141847215417712,-1.7258644284058802,0.28810989571142437,-1.8141847215417712,-1.7258644284058802,0.28810989571142437,-1.8141847215417712,-1.7258644284058802,0.28810989571142437,-1.8141847215417712,-1.7258644284058802,0.28810989571142437,-1.8141847215417712,-1.7258644284058802,0.28810989571142437,-1.8141847215417712,-1.7258644284058802,0.28810989571142437,-1.8141847215417712,-1.7258644284058802,0.28810989571142437,-1.8141847215417712,-1.7258644284058802,0.28810989571142437,-1.8141847215417712,-1.7258644284058802,0.28810989571142437,-1.8141847215417712,-1.7258644284058802,0.28810989571142437,-1.8141847215417712,-1.7258644284058802,0.28810989571142437,-1.8141847215417712,-1.7258644284058802,0.28810989571142437,-1.8141847215417712,-1.7258644284058802,0.28810989571142437,-1.8141847215417712,-1.7258644284058802,0.28810989571142437,-1.8141847215417712,-1.7258644284058802,0.28810989571142437,-1.8141847215417712,-1.7258644284058802,0.28810989571142437,-1.8141847215417712,-1.7258644284058802,0.28810989571142437,-1.8141847215417712,-1.7258644284058802,0.28810989571142437,-1.8141847215417712,-1.7258644284058802,0.28810989571142437,-1.8141847215417712,-1.7258644284058802,0.28810989571142437,-1.8141847215417712,-1.7258644284058802,0.28810989571142437,-1.7431144804276117,-1.6456293251251082,0.2881098566231332,-1.7419517834660552,-1.6538027409917126,0.28925724423187094,-1.7391089811498965,-1.658631406774686,0.2892325116078746,-1.7367640034463245,-1.6604446858458295,0.28886547163913767,-1.734846872560215,-1.6602304577321436,0.2885312786900342,-1.73521461354394,-1.6618702248775306,0.2884881842155345,-1.7335101011462235,-1.663483291181084,0.2883224844020264,-1.7344833954447438,-1.6615162208717367,0.28810259117334686,-1.7356970198663373,-1.6597846110960497,0.287947713485084,-1.7332455849207349,-1.6584292219966774,0.28755905192291914,-1.7327662396332462,-1.6582895128627282,0.2881421886942503,-1.7341158005580435,-1.656925407149469,0.2880903364841842,-1.7353528881451281,-1.6559080135079953,0.28771852727286057,-1.7322186195316756,-1.654259001393286,0.28679712867482526,-1.7324248467655174,-1.6544200836335172,0.28757878831664185,-1.7337233681763713,-1.6535285718364243,0.28798701745755456,-1.735046107167957,-1.6528041834814637,0.2878535639628789,-1.731909910206681,-1.6504200066330235,0.2860767725396272,-1.7323960680135282,-1.6508329610259687,0.2870534592577926,-1.7336514529443965,-1.650220179094237,0.28799926534690995,-1.7349418606165106,-1.6496687617022239,0.288521117786103,0.45366760736092004,-0.022208706398193428,0.17657394175550709,-0.45366760736092004,0.022208706398193428,-0.17657394175550709,0.6486080336388588,0.9520254576913179,0.14566899579306472,-0.5104941013709027,1.1478192905648361,-0.7900764143779626,0.5564287462564202,1.487619544343277,-0.5418389907650967,0.006902331923152484,0.8491267176897311,-1.844928992521233
Aliya,Sorry,-1.8786925102993872,-1.7670269372912886,0.28303430606299945,-1.8786925102993872,-1.7670269372912886,0.28303430606299945,-1.8786925102993872,-1.7670269372912886,0.28303430606299945,-1.8786925102993872,-1.7670269372912886,0.28303430606299945,-1.8786925102993872,-1.7670269372912886,0.28303430606299945,-1.8786925102993872,-1.7670269372912886,0.28303430606299945,-1.8786925102993872,-1.7670269372912886,0.28303430606299945,-1.8786925102993872,-1.7670269372912886,0.28303430606299945,-1.8786925102993872,-1.7670269372912886,0.28303430606299945,-1.8786925102993872,-1.7670269372912886,0.28303430606299945,-1.8786925102993872,-1.7670269372912886,0.28303430606299945,-1.8786925102993872,-1.7670269372912886,0.28303430606299945,-1.8786925102993872,-1.7670269372912886,0.28303430606299945,-1.8786925102993872,-1.7670269372912886,0.28303430606299945,-1.8786925102993872,-1.7670269372912886,0.28303430606299945,-1.8786925102993872,-1.7670269372912886,0.28303430606299945,-1.8786925102993872,-1.7670269372912886,0.28303430606299945,-1.8786925102993872,-1.7670269372912886,0.28303430606299945,-1.8786925102993872,-1.7670269372912886,0.28303430606299945,-1.8786925102993872,-1.7670269372912886,0.28303430606299945,-1.8786925102993872,-1.7670269372912886,0.28303430606299945,-1.8786925102993872,-1.7670269372912886,0.28303430606299945,-1.8786925102993872,-1.7670269372912886,0.28303430606299945,-1.8786925102993872,-1.7670269372912886,0.28303430606299945,-1.8786925102993872,-1.7670269372912886,0.28303430606299945,-1.8786925102993872,-1.7670269372912886,0.28303430606299945,-1.8786925102993872,-1.7670269372912886,0.28303430606299945,-1.8786925102993872,-1.7670269372912886,0.28303430606299945,-1.8786925102993872,-1.7670269372912886,0.28303430606299945,-1.8786925102993872,-1.7670269372912886,0.28303430606299945,-1.8786925102993872,-1.7670269372912886,0.28303430606299945,-1.8786925102993872,-1.7670269372912886,0.28303430606299945,-1.8786925102993872,-1.7670269372912886,0.28303430606299945,-1.8786925102993872,-1.7670269372912886,0.28303430606299945,-1.8786925102993872,-1.7670269372912886,0.28303430606299945,-1.8786925102993872,-1.7670269372912886,0.28303430606299945,-1.8786925102993872,-1.7670269372912886,0.28303430606299945,-1.8786925102993872,-1.7670269372912886,0.28303430606299945,-1.8786925102993872,-1.7670269372912886,0.28303430606299945,-1.8786925102993872,-1.7670269372912886,0.28303430606299945,-1.8786925102993872,-1.7670269372912886,0.28303430606299945,-1.8786925102993872,-1.7670269372912886,0.28303430606299945,0.4599823850385148,-0.01804973018875118,0.17893937317931632,-0.4599823850385148,0.01804973018875118,-0.17893937317931632,0.6785011779957081,0.9738012637140344,0.2249278246940247,-0.5858720986846236,1.1526649395997826,-0.8036318024608496,0.6412323918590431,1.5263157944329067,-0.4541053499745534,0.00909963896708908,0.8827788313343191,-1.852127580647772
Aliya,Sorry,-1.8143661694100206,-1.6954950108160973,0.3259319756887722,-1.8143661694100206,-1.6954950108160973,0.3259319756887722,-1.8143661694100206,-1.6954950108160973,0.3259319756887722,-1.8143661694100206,-1.6954950108160973,0.3259319756887722,-1.8143661694100206,-1.6954950108160973,0.3259319756887722,-1.8143661694100206,-1.6954950108160973,0.3259319756887722,-1.8143661694100206,-1.6954950108160973,0.3259319756887722,-1.8143661694100206,-1.6954950108160973,0.3259319756887722,-1.8143661694100206,-1.6954950108160973,0.3259319756887722,-1.8143661694100206,-1.6954950108160973,0.3259319756887722,-1.8143661694100206,-1.6954950108160973,0.3259319756887722,-1.8143661694100206,-1.6954950108160973,0.3259319756887722,-1.8143661694100206,-1.6954950108160973,0.3259319756887722,-1.8143661694100206,-1.6954950108160973,0.3259319756887722,-1.8143661694100206,-1.6954950108160973,0.3259319756887722,-1.8143661694100206,-1.6954950108160973,0.3259319756887722,-1.8143661694100206,-1.6954950108160973,0.3259319756887722,-1.8143661694100206,-1.6954950108160973,0.3259319756887722,-1.8143661694100206,-1.6954950108160973,0.3259319756887722,-1.8143661694100206,-1.6954950108160973,0.3259319756887722,-1.8143661694100206,-1.6954950108160973,0.3259319756887722,-1.6379010729631691,-1.506940990841601,0.3259318933477746,-1.6349423020956846,-1.525072293764601,0.3271857676552757,-1.628034332283672,-1.5351467533466547,0.3268049112604063,-1.6220974813637041,-1.5384517033652407,0.32598674012473877,-1.618155162817887,-1.5366178901507297,0.3252438755747493,-1.617921081987857,-1.53714052656355,0.32534221218594517,-1.6129541096224507,-1.5377001828641041,0.3245452570000871,-1.615630299094977,-1.5348602349275884,0.32376493386223737,-1.6190147451312604,-1.5325828065371956,0.323272338319984,-1.614562813465654,-1.5277315534450575,0.32404214252703223,-1.6126766012817266,-1.528082151846176,0.32495524543276927,-1.6157658079035946,-1.5265195193974146,0.32501155445386376,-1.6191187836077727,-1.5245469391663722,0.3244276211310417,-1.6133056983174585,-1.5177591807513222,0.3230066524425905,-1.61315545877396,-1.5192303304894603,0.3241828784216617,-1.6159697959143244,-1.5181934012482527,0.32505091082877274,-1.6193535785034683,-1.5166460487758608,0.32495838851314596,-1.6135681362116974,-1.50900225513312,0.32200185741437554,-1.614005552471773,-1.5101314207105443,0.32366621531635753,-1.6166756054655427,-1.5097291832654178,0.3255057546377412,-1.6195840270043946,-1.5089601052959039,0.3266014246903152,0.45922019322117436,-0.0162297325344375,0.1633007826856115,-0.45922019322117436,0.0162297325344375,-0.1633007826856115,0.6513105796416041,0.9903171531744261,0.08613108731618584,-0.4952284268871579,1.1412758566033987,-0.8110709959707195,0.4784965642903664,1.4478876708454183,-0.6084919993828541,0.0015640167131542114,0.7962476982619111,-1.8676247450746588
Aliya,Sorry,-1.7602360043475032,-1.637717311633512,0.3418165930222036,-1.7602360043475032,-1.637717311633512,0.3418165930222036,-1.7602360043475032,-1.637717311633512,0.3418165930222036,-1.7602360043475032,-1.637717311633512,0.3418165930222036,-1.7602360043475032,-1.637717311633512,0.3418165930222036,-1.7602360043475032,-1.637717311633512,0.3418165930222036,-1.7602360043475032,-1.637717311633512,0.3418165930222036,-1.7602360043475032,-1.637717311633512,0.3418165930222036,-1.7602360043475032,-1.637717311633512,0.3418165930222036,-1.7602360043475032,-1.637717311633512,0.3418165930222036,-1.7602360043475032,-1.637717311633512,0.3418165930222036,-1.7602360043475032,-1.637717311633512,0.3418165930222036,-1.7602360043475032,-1.637717311633512,0.3418165930222036,-1.7602360043475032,-1.637717311633512,0.3418165930222036,-1.7602360043475032,-1.637717311633512,0.3418165930222036,-1.7602360043475032,-1.637717311633512,0.3418165930222036,-1.7602360043475032,-1.637717311633512,0.3418165930222036,-1.7602360043475032,-1.637717311633512,0.3418165930222036,-1.7602360043475032,-1.637717311633512,0.3418165930222036,-1.7602360043475032,-1.637717311633512,0.3418165930222036,-1.7602360043475032,-1.637717311633512,0.3418165930222036,-1.7602360043475032,-1.637717311633512,0.3418165930222036,-1.7602360043475032,-1.637717311633512,0.3418165930222036,-1.7602360043475032,-1.637717311633512,0.3418165930222036,-1.7602360043475032,-1.637717311633512,0.3418165930222036,-1.7602360043475032,-1.637717311633512,0.3418165930222036,-1.7602360043475032,-1.637717311633512,0.3418165930222036,-1.7602360043475032,-1.637717311633512,0.3418165930222036,-1.7602360043475032,-1.637717311633512,0.3418165930222036,-1.7602360043475032,-1.637717311633512,0.3418165930222036,-1.7602360043475032,-1.637717311633512,0.3418165930222036,-1.7602360043475032,-1.637717311633512,0.3418165930222036,-1.7602360043475032,-1.637717311633512,0.3418165930222036,-1.7602360043475032,-1.637717311633512,0.3418165930222036,-1.7602360043475032,-1.637717311633512,0.3418165930222036,-1.7602360043475032,-1.637717311633512,0.3418165930222036,-1.7602360043475032,-1.637717311633512,0.3418165930222036,-1.7602360043475032,-1.637717311633512,0.3418165930222036,-1.7602360043475032,-1.637717311633512,0.3418165930222036,-1.7602360043475032,-1.637717311633512,0.3418165930222036,-1.7602360043475032,-1.637717311633512,0.3418165930222036,-1.7602360043475032,-1.637717311633512,0.3418165930222036,0.4518114089294187,-0.027864041882003785,0.18468589547880654,-0.4518114089294187,0.027864041882003785,-0.18468589547880654,0.6378975022736011,0.927280640384558,0.18978474044116267,-0.5070973526255199,1.1415725921301678,-0.7019116696072385,0.5561940517424454,1.443893260163336,-0.5061790490860222,0.036630087759038144,0.8416731198779411,-1.634623624757891
Aliya,Sorry,-1.8146735201364674,-1.7063294946385312,0.2917843431267982,-1.8146735201364674,-1.7063294946385312,0.2917843431267982,-1.8146735201364674,-1.7063294946385312,0.2917843431267982,-1.8146735201364674,-1.7063294946385312,0.2917843431267982,-1.8146735201364674,-1.7063294946385312,0.2917843431267982,-1.8146735201364674,-1.7063294946385312,0.2917843431267982,-1.8146735201364674,-1.7063294946385312,0.2917843431267982,-1.8146735201364674,-1.7063294946385312,0.2917843431267982,-1.8146735201364674,-1.7063294946385312,0.2917843431267982,-1.8146735201364674,-1.7063294946385312,0.2917843431267982,-1.8146735201364674,-1.7063294946385312,0.2917843431267982,-1.8146735201364674,-1.7063294946385312,0.2917843431267982,-1.8146735201364674,-1.7063294946385312,0.2917843431267982,-1.8146735201364674,-1.7063294946385312,0.2917843431267982,-1.8146735201364674,-1.7063294946385312,0.2917843431267982,-1.8146735201364674,-1.7063294946385312,0.2917843431267982,-1.8146735201364674,-1.7063294946385312,0.2917843431267982,-1.8146735201364674,-1.7063294946385312,0.2917843431267982,-1.8146735201364674,-1.7063294946385312,0.2917843431267982,-1.8146735201364674,-1.7063294946385312,0.2917843431267982,-1.8146735201364674,-1.7063294946385312,0.2917843431267982,-1.8146735201364674,-1.7063294946385312,0.2917843431267982,-1.8146735201364674,-1.7063294946385312,0.2917843431267982,-1.8146735201364674,-1.7063294946385312,0.2917843431267982,-1.8146735201364674,-1.7063294946385312,0.2917843431267982,-1.8146735201364674,-1.7063294946385312,0.2917843431267982,-1.8146735201364674,-1.7063294946385312,0.2917843431267982,-1.8146735201364674,-1.7063294946385312,0.2917843431267982,-1.8146735201364674,-1.7063294946385312,0.2917843431267982,-1.8146735201364674,-1.7063294946385312,0.2917843431267982,-1.8146735201364674,-1.7063294946385312,0.2917843431267982,-1.8146735201364674,-1.7063294946385312,0.2917843431267982,-1.8146735201364674,-1.7063294946385312,0.2917843431267982,-1.8146735201364674,-1.7063294946385312,0.2917843431267982,-1.8146735201364674,-1.7063294946385312,0.2917843431267982,-1.8146735201364674,-1.7063294946385312,0.2917843431267982,-1.8146735201364674,-1.7063294946385312,0.2917843431267982,-1.8146735201364674,-1.7063294946385312,0.2917843431267982,-1.8146735201364674,-1.7063294946385312,0.2917843431267982,-1.8146735201364674,-1.7063294946385312,0.2917843431267982,-1.8146735201364674,-1.7063294946385312,0.2917843431267982,-1.8146735201364674,-1.7063294946385312,0.2917843431267982,0.46296924811320206,-0.03320115686177317,0.1678503027019017,-0.46296924811320206,0.03320115686177317,-0.1678503027019017,0.647830651328895,0.9728662422282381,0.04006103212140968,-0.48789883454389077,1.174676619029238,-0.8645529745368492,0.46277422158750264,1.4136836949045308,-0.7323884391796968,0.054881090704549225,0.690758689127825,-1.944019891676664
Aliya,Sorry,-1.7561523822833705,-1.6504998466632146,0.33975265004296645,-1.7561523822833705,-1.6504998466632146,0.33975265004296645,-1.7561523822833705,-1.6504998466632146,0.33975265004296645,-1.7561523822833705,-1.6504998466632146,0.33975265004296645,-1.7561523822833705,-1.6504998466632146,0.33975265004296645,-1.7561523822833705,-1.6504998466632146,0.33975265004296645,-1.7561523822833705,-1.6504998466632146,0.33975265004296645,-1.7561523822833705,-1.6504998466632146,0.33975265004296645,-1.7561523822833705,-1.6504998466632146,0.33975265004296645,-1.7561523822833705,-1.6504998466632146,0.33975265004296645,-1.7561523822833705,-1.6504998466632146,0.33975265004296645,-1.7561523822833705,-1.6504998466632146,0.33975265004296645,-1.7561523822833705,-1.6504998466632146,0.33975265004296645,-1.7561523822833705,-1.6504998466632146,0.33975265004296645,-1.7561523822833705,-1.6504998466632146,0.33975265004296645,-1.7561523822833705,-1.6504998466632146,0.33975265004296645,-1.7561523822833705,-1.6504998466632146,0.33975265004296645,-1.7561523822833705,-1.6504998466632146,0.33975265004296645,-1.7561523822833705,-1.6504998466632146,0.33975265004296645,-1.7561523822833705,-1.6504998466632146,0.33975265004296645,-1.7561523822833705,-1.6504998466632146,0.33975265004296645,-1.3937429909421162,-1.2552268688794594,0.33975251253715216,-1.3917398059792412,-1.2915231285210702,0.3411728432389971,-1.3799900201196358,-1.313619046858701,0.3407065830975871,-1.365233552794009,-1.3188507187614595,0.33956860500726754,-1.355436181333828,-1.313472214109273,0.33875965469971103,-1.3566462944158175,-1.3121670071308227,0.3387901750957377,-1.3437733515312977,-1.3121555292836602,0.33742667176576047,-1.349505370258727,-1.3071599864549268,0.3360995147538775,-1.3563015308082802,-1.3038045959039466,0.33515803284384943,-1.3497833052423196,-1.292782038624785,0.3367074032625823,-1.3422107782433677,-1.2942078615391956,0.3383913571375084,-1.348473400324141,-1.2915596961370053,0.33896209716735354,-1.3557950324572547,-1.2882845966892364,0.3384056185463313,-1.347345678300065,-1.2736110087975208,0.3348725790024587,-1.3455575491105631,-1.2761984779564413,0.33694891178943237,-1.3515237170542842,-1.2744813959751529,0.33876564180934016,-1.3585531198733323,-1.272137039631863,0.33883837704934217,-1.3481300069823015,-1.2567477939703975,0.3329707136408355,-1.3486135415423353,-1.258890005614503,0.3357545046371642,-1.354363836593194,-1.2582349165019127,0.3389925394415126,-1.3602874933058988,-1.2567804966181721,0.340936016842865,0.45028853619041903,-0.021950202085344275,0.1967475112374343,-0.45028853619041903,0.021950202085344275,-0.1967475112374343,0.6311839114605643,0.9304072048818567,0.19825295432362636,-0.5099838609165438,1.1148999120226912,-0.7404542847895527,0.554361924320566,1.468162828134077,-0.49602961235580895,0.00973376026202326,0.8047483206963555,-1.7236725692917159
Aliya,Sorry,-1.8984332671109674,-1.8392679606449152,0.24741403789687036,-1.8984332671109674,-1.8392679606449152,0.24741403789687036,-1.8984332671109674,-1.8392679606449152,0.24741403789687036,-1.8984332671109674,-1.8392679606449152,0.24741403789687036,-1.8984332671109674,-1.8392679606449152,0.24741403789687036,-1.8984332671109674,-1.8392679606449152,0.24741403789687036,-1.8984332671109674,-1.8392679606449152,0.24741403789687036,-1.8984332671109674,-1.8392679606449152,0.24741403789687036,-1.8984332671109674,-1.8392679606449152,0.24741403789687036,-1.8984332671109674,-1.8392679606449152,0.24741403789687036,-1.8984332671109674,-1.8392679606449152,0.24741403789687036,-1.8984332671109674,-1.8392679606449152,0.24741403789687036,-1.8984332671109674,-1.8392679606449152,0.24741403789687036,-1.8984332671109674,-1.8392679606449152,0.24741403789687036,-1.8984332671109674,-1.8392679606449152,0.24741403789687036,-1.8984332671109674,-1.8392679606449152,0.24741403789687036,-1.8984332671109674,-1.8392679606449152,0.24741403789687036,-1.8984332671109674,-1.8392679606449152,0.24741403789687036,-1.8984332671109674,-1.8392679606449152,0.24741403789687036,-1.8984332671109674,-1.8392679606449152,0.24741403789687036,-1.8984332671109674,-1.8392679606449152,0.24741403789687036,-1.8984332671109674,-1.8392679606449152,0.24741403789687036,-1.8984332671109674,-1.8392679606449152,0.24741403789687036,-1.8984332671109674,-1.8392679606449152,0.24741403789687036,-1.8984332671109674,-1.8392679606449152,0.24741403789687036,-1.8984332671109674,-1.8392679606449152,0.24741403789687036,-1.8984332671109674,-1.8392679606449152,0.24741403789687036,-1.8984332671109674,-1.8392679606449152,0.24741403789687036,-1.8984332671109674,-1.8392679606449152,0.24741403789687036,-1.8984332671109674,-1.8392679606449152,0.24741403789687036,-1.8984332671109674,-1.8392679606449152,0.24741403789687036,-1.8984332671109674,-1.8392679606449152,0.24741403789687036,-1.8984332671109674,-1.8392679606449152,0.24741403789687036,-1.8984332671109674,-1.8392679606449152,0.24741403789687036,-1.8984332671109674,-1.8392679606449152,0.24741403789687036,-1.8984332671109674,-1.8392679606449152,0.24741403789687036,-1.8984332671109674,-1.8392679606449152,0.24741403789687036,-1.8984332671109674,-1.8392679606449152,0.24741403789687036,-1.8984332671109674,-1.8392679606449152,0.24741403789687036,-1.8984332671109674,-1.8392679606449152,0.24741403789687036,-1.8984332671109674,-1.8392679606449152,0.24741403789687036,-1.8984332671109674,-1.8392679606449152,0.24741403789687036,0.47613578723524125,-0.010162544969657615,0.13503346934029314,-0.47613578723524125,0.010162544969657615,-0.13503346934029314,0.6966848403841217,1.020373911188615,0.011608203822764432,-0.6036499625578327,1.1683394518946995,-0.8575468405499523,0.5052373403593914,1.4513492466126314,-0.804240354402065,-0.06348905029681633,0.862125246123641,-2.100909739419889
Aliya,Sorry,-1.9361666801756314,-1.8699170334047832,0.2392570669334439,-1.9361666801756314,-1.8699170334047832,0.2392570669334439,-1.9361666801756314,-1.8699170334047832,0.2392570669334439,-1.9361666801756314,-1.8699170334047832,0.2392570669334439,-1.9361666801756314,-1.8699170334047832,0.2392570669334439,-1.9361666801756314,-1.8699170334047832,0.2392570669334439,-1.9361666801756314,-1.8699170334047832,0.2392570669334439,-1.9361666801756314,-1.8699170334047832,0.2392570669334439,-1.9361666801756314,-1.8699170334047832,0.2392570669334439,-1.9361666801756314,-1.8699170334047832,0.2392570669334439,-1.9361666801756314,-1.8699170334047832,0.2392570669334439,-1.9361666801756314,-1.8699170334047832,0.2392570669334439,-1.9361666801756314,-1.8699170334047832,0.2392570669334439,-1.9361666801756314,-1.8699170334047832,0.2392570669334439,-1.9361666801756314,-1.8699170334047832,0.2392570669334439,-1.9361666801756314,-1.8699170334047832,0.2392570669334439,-1.9361666801756314,-1.8699170334047832,0.2392570669334439,-1.9361666801756314,-1.8699170334047832,0.2392570669334439,-1.9361666801756314,-1.8699170334047832,0.2392570669334439,-1.9361666801756314,-1.8699170334047832,0.2392570669334439,-1.9361666801756314,-1.8699170334047832,0.2392570669334439,-1.9361666801756314,-1.8699170334047832,0.2392570669334439,-1.9361666801756314,-1.8699170334047832,0.2392570669334439,-1.9361666801756314,-1.8699170334047832,0.2392570669334439,-1.9361666801756314,-1.8699170334047832,0.2392570669334439,-1.9361666801756314,-1.8699170334047832,0.2392570669334439,-1.9361666801756314,-1.8699170334047832,0.2392570669334439,-1.9361666801756314,-1.8699170334047832,0.2392570669334439,-1.9361666801756314,-1.8699170334047832,0.2392570669334439,-1.9361666801756314,-1.8699170334047832,0.2392570669334439,-1.9361666801756314,-1.8699170334047832,0.2392570669334439,-1.9361666801756314,-1.8699170334047832,0.2392570669334439,-1.9361666801756314,-1.8699170334047832,0.2392570669334439,-1.9361666801756314,-1.8699170334047832,0.2392570669334439,-1.9361666801756314,-1.8699170334047832,0.2392570669334439,-1.9361666801756314,-1.8699170334047832,0.2392570669334439,-1.9361666801756314,-1.8699170334047832,0.2392570669334439,-1.9361666801756314,-1.8699170334047832,0.2392570669334439,-1.9361666801756314,-1.8699170334047832,0.2392570669334439,-1.9361666801756314,-1.8699170334047832,0.2392570669334439,-1.9361666801756314,-1.8699170334047832,0.2392570669334439,-1.9361666801756314,-1.8699170334047832,0.2392570669334439,0.47537556113054846,-0.012063547779708207,0.11860838346996078,-0.47537556113054846,0.012063547779708207,-0.11860838346996078,0.6902822417613105,1.035264378750585,0.007216082577977018,-0.6422552558587997,1.1837475247513234,-0.9174231940994184,0.527259159154656,1.5820313006660403,-0.7359358225523632,-0.054452433874670234,0.8174233978857058,-2.1805538891654384
Aliya,Sorry,-1.9529233682897118,-1.8662067298277858,0.23324955098004405,-1.9529233682897118,-1.8662067298277858,0.23324955098004405,-1.9529233682897118,-1.8662067298277858,0.23324955098004405,-1.9529233682897118,-1.8662067298277858,0.23324955098004405,-1.9529233682897118,-1.8662067298277858,0.23324955098004405,-1.9529233682897118,-1.8662067298277858,0.23324955098004405,-1.9529233682897118,-1.8662067298277858,0.23324955098004405,-1.9529233682897118,-1.8662067298277858,0.23324955098004405,-1.9529233682897118,-1.8662067298277858,0.23324955098004405,-1.9529233682897118,-1.8662067298277858,0.23324955098004405,-1.9529233682897118,-1.8662067298277858,0.23324955098004405,-1.9529233682897118,-1.8662067298277858,0.23324955098004405,-1.9529233682897118,-1.8662067298277858,0.23324955098004405,-1.9529233682897118,-1.8662067298277858,0.23324955098004405,-1.9529233682897118,-1.8662067298277858,0.23324955098004405,-1.9529233682897118,-1.8662067298277858,0.23324955098004405,-1.9529233682897118,-1.8662067298277858,0.23324955098004405,-1.9529233682897118,-1.8662067298277858,0.23324955098004405,-1.9529233682897118,-1.8662067298277858,0.23324955098004405,-1.9529233682897118,-1.8662067298277858,0.23324955098004405,-1.9529233682897118,-1.8662067298277858,0.23324955098004405,-1.9529233682897118,-1.8662067298277858,0.23324955098004405,-1.9529233682897118,-1.8662067298277858,0.23324955098004405,-1.9529233682897118,-1.8662067298277858,0.23324955098004405,-1.9529233682897118,-1.8662067298277858,0.23324955098004405,-1.9529233682897118,-1.8662067298277858,0.23324955098004405,-1.9529233682897118,-1.8662067298277858,0.23324955098004405,-1.9529233682897118,-1.8662067298277858,0.23324955098004405,-1.9529233682897118,-1.8662067298277858,0.23324955098004405,-1.9529233682897118,-1.8662067298277858,0.23324955098004405,-1.9529233682897118,-1.8662067298277858,0.23324955098004405,-1.9529233682897118,-1.8662067298277858,0.23324955098004405,-1.9529233682897118,-1.8662067298277858,0.23324955098004405,-1.9529233682897118,-1.8662067298277858,0.23324955098004405,-1.9529233682897118,-1.8662067298277858,0.23324955098004405,-1.9529233682897118,-1.8662067298277858,0.23324955098004405,-1.9529233682897118,-1.8662067298277858,0.23324955098004405,-1.9529233682897118,-1.8662067298277858,0.23324955098004405,-1.9529233682897118,-1.8662067298277858,0.23324955098004405,-1.9529233682897118,-1.8662067298277858,0.23324955098004405,-1.9529233682897118,-1.8662067298277858,0.23324955098004405,-1.9529233682897118,-1.8662067298277858,0.23324955098004405,0.471472147423648,-0.005886203027901537,0.14771645320575313,-0.471472147423648,0.005886203027901537,-0.14771645320575313,0.6865383020848849,1.0874521489118503,0.08558298825755269,-0.6288603696006566,1.1909689304354467,-1.027399436063989,0.614692386348202,1.675390654671641,-0.6482741850706171,-0.04642508113214754,0.7409567806757933,-2.352897526842548
Aliya,Sorry,-1.9300216961258492,-1.8524374348861448,0.2681477637818432,-1.9300216961258492,-1.8524374348861448,0.2681477637818432,-1.9300216961258492,-1.8524374348861448,0.2681477637818432,-1.9300216961258492,-1.8524374348861448,0.2681477637818432,-1.9300216961258492,-1.8524374348861448,0.2681477637818432,-1.9300216961258492,-1.8524374348861448,0.2681477637818432,-1.9300216961258492,-1.8524374348861448,0.2681477637818432,-1.9300216961258492,-1.8524374348861448,0.2681477637818432,-1.9300216961258492,-1.8524374348861448,0.2681477637818432,-1.9300216961258492,-1.8524374348861448,0.2681477637818432,-1.9300216961258492,-1.8524374348861448,0.2681477637818432,-1.9300216961258492,-1.8524374348861448,0.2681477637818432,-1.9300216961258492,-1.8524374348861448,0.2681477637818432,-1.9300216961258492,-1.8524374348861448,0.2681477637818432,-1.9300216961258492,-1.8524374348861448,0.2681477637818432,-1.9300216961258492,-1.8524374348861448,0.2681477637818432,-1.9300216961258492,-1.8524374348861448,0.2681477637818432,-1.9300216961258492,-1.8524374348861448,0.2681477637818432,-1.9300216961258492,-1.8524374348861448,0.2681477637818432,-1.9300216961258492,-1.8524374348861448,0.2681477637818432,-1.9300216961258492,-1.8524374348861448,0.2681477637818432,-1.9300216961258492,-1.8524374348861448,0.2681477637818432,-1.9300216961258492,-1.8524374348861448,0.2681477637818432,-1.9300216961258492,-1.8524374348861448,0.2681477637818432,-1.9300216961258492,-1.8524374348861448,0.2681477637818432,-1.9300216961258492,-1.8524374348861448,0.2681477637818432,-1.9300216961258492,-1.8524374348861448,0.2681477637818432,-1.9300216961258492,-1.8524374348861448,0.2681477637818432,-1.9300216961258492,-1.8524374348861448,0.2681477637818432,-1.9300216961258492,-1.8524374348861448,0.2681477637818432,-1.9300216961258492,-1.8524374348861448,0.2681477637818432,-1.9300216961258492,-1.8524374348861448,0.2681477637818432,-1.9300216961258492,-1.8524374348861448,0.2681477637818432,-1.9300216961258492,-1.8524374348861448,0.2681477637818432,-1.9300216961258492,-1.8524374348861448,0.2681477637818432,-1.9300216961258492,-1.8524374348861448,0.2681477637818432,-1.9300216961258492,-1.8524374348861448,0.2681477637818432,-1.9300216961258492,-1.8524374348861448,0.2681477637818432,-1.9300216961258492,-1.8524374348861448,0.2681477637818432,-1.9300216961258492,-1.8524374348861448,0.2681477637818432,-1.9300216961258492,-1.8524374348861448,0.2681477637818432,-1.9300216961258492,-1.8524374348861448,0.2681477637818432,0.4710923679118913,-0.01621975746067184,0.1516481296314085,-0.4710923679118913,0.01621975746067184,-0.1516481296314085,0.6999725380611261,0.9822700115627745,0.1277223317031031,-0.6266134904398346,1.1819878143404248,-0.8150856868993618,0.6328963953618317,1.5647103151926343,-0.6111057873446457,-0.04073940383567026,0.878058353549681,-1.9745148741399494
Aliya,Sorry,-1.9222681962594534,-1.8351278374313316,0.31318515194004304,-1.9222681962594534,-1.8351278374313316,0.31318515194004304,-1.9222681962594534,-1.8351278374313316,0.31318515194004304,-1.9222681962594534,-1.8351278374313316,0.31318515194004304,-1.9222681962594534,-1.8351278374313316,0.31318515194004304,-1.9222681962594534,-1.8351278374313316,0.31318515194004304,-1.9222681962594534,-1.8351278374313316,0.31318515194004304,-1.9222681962594534,-1.8351278374313316,0.31318515194004304,-1.9222681962594534,-1.8351278374313316,0.31318515194004304,-1.9222681962594534,-1.8351278374313316,0.31318515194004304,-1.9222681962594534,-1.8351278374313316,0.31318515194004304,-1.9222681962594534,-1.8351278374313316,0.31318515194004304,-1.9222681962594534,-1.8351278374313316,0.31318515194004304,-1.9222681962594534,-1.8351278374313316,0.31318515194004304,-1.9222681962594534,-1.8351278374313316,0.31318515194004304,-1.9222681962594534,-1.8351278374313316,0.31318515194004304,-1.9222681962594534,-1.8351278374313316,0.31318515194004304,-1.9222681962594534,-1.8351278374313316,0.31318515194004304,-1.9222681962594534,-1.8351278374313316,0.31318515194004304,-1.9222681962594534,-1.8351278374313316,0.31318515194004304,-1.9222681962594534,-1.8351278374313316,0.31318515194004304,-1.8961689588106598,-1.7943635095533792,0.3131851447598789,-1.8936880108859733,-1.7958877798498654,0.3136182354662188,-1.8911430920481398,-1.7957916010575323,0.3134537734406331,-1.889432236305012,-1.7944530156673568,0.31307293084266047,-1.8886167970353427,-1.7927829202240877,0.31274677629842285,-1.8896392575072358,-1.796163616438222,0.3132401471122336,-1.8875372037893814,-1.7936169806063231,0.31262512231867806,-1.8876932196892464,-1.792829590997986,0.31222176696471865,-1.888186157021603,-1.7927020967293856,0.3120171034082748,-1.8900869915124383,-1.7949124322846235,0.3126653564839515,-1.8881996732639796,-1.7924274237910351,0.31225118252466655,-1.8887388989118412,-1.7920193054229818,0.31208175845743613,-1.8894626078414145,-1.7923233191588015,0.3119846881098319,-1.8907932728166312,-1.7933750607538048,0.312105621928559,-1.8891449558020286,-1.791288959077174,0.31190914079480775,-1.8898296594004005,-1.7911971527878934,0.31221756255009564,-1.8906371158682804,-1.7917079164788492,0.31241381303905774,-1.8916766242196312,-1.7918235870868997,0.3115503418436985,-1.8903870260534825,-1.7903128357452613,0.3116311292286321,-1.8910371483606518,-1.7904090959117207,0.3120947352571674,-1.891806771284749,-1.7908835314802298,0.312443143156173,0.47341817578053363,-0.012618455674962835,0.1382403798341501,-0.47341817578053363,0.012618455674962835,-0.1382403798341501,0.6803017023670012,1.0071225575229872,0.10385803392920868,-0.5981147192233008,1.1767279679622895,-0.7567895061793389,0.5837523022608638,1.565736059610484,-0.6244431220309773,-0.06565446153220991,0.9596390498170302,-1.8998335331881757
Aliya,Sorry,-1.9437034604865067,-1.842571140331448,0.2924827951064904,-1.9437034604865067,-1.842571140331448,0.2924827951064904,-1.9437034604865067,-1.842571140331448,0.2924827951064904,-1.9437034604865067,-1.842571140331448,0.2924827951064904,-1.9437034604865067,-1.842571140331448,0.2924827951064904,-1.9437034604865067,-1.842571140331448,0.2924827951064904,-1.9437034604865067,-1.842571140331448,0.2924827951064904,-1.9437034604865067,-1.842571140331448,0.2924827951064904,-1.9437034604865067,-1.842571140331448,0.2924827951064904,-1.9437034604865067,-1.842571140331448,0.2924827951064904,-1.9437034604865067,-1.842571140331448,0.2924827951064904,-1.9437034604865067,-1.842571140331448,0.2924827951064904,-1.9437034604865067,-1.842571140331448,0.2924827951064904,-1.9437034604865067,-1.842571140331448,0.2924827951064904,-1.9437034604865067,-1.842571140331448,0.2924827951064904,-1.9437034604865067,-1.842571140331448,0.2924827951064904,-1.9437034604865067,-1.842571140331448,0.2924827951064904,-1.9437034604865067,-1.842571140331448,0.2924827951064904,-1.9437034604865067,-1.842571140331448,0.2924827951064904,-1.9437034604865067,-1.842571140331448,0.2924827951064904,-1.9437034604865067,-1.842571140331448,0.2924827951064904,-1.4876583678413964,-1.3094640806026006,0.2924825993662104,-1.4765441168138032,-1.3520899582658645,0.29897137825067804,-1.456975447385923,-1.372928751745616,0.2984885433139964,-1.4410402919611005,-1.3765909591226364,0.2962747383241499,-1.428752679579912,-1.3679561602999275,0.29389547897649826,-1.4335792121773243,-1.3830467848300414,0.28984808176259513,-1.4163402346705285,-1.3882508000579499,0.2886637531196821,-1.4151427701762702,-1.3810368509521045,0.2885106717224854,-1.4177630586288572,-1.3750938973193048,0.2882597266486626,-1.424102978915509,-1.3607997082179817,0.28490505148820905,-1.419152647251205,-1.353687096484255,0.2873152681809924,-1.427562279205325,-1.3481614427022726,0.28869285257874544,-1.435680067549978,-1.3457178321535743,0.28794906635689693,-1.4211853871965345,-1.3345511012443074,0.2812246110118823,-1.4214201987997956,-1.3303760215047908,0.2849062537911316,-1.4293054293058698,-1.3271336683044184,0.2880441309874394,-1.437903836523004,-1.3260297251384643,0.2879595458572345,-1.4221588277469366,-1.3110652684395443,0.2778109303776105,-1.425164258690319,-1.307113418487409,0.28287211812194163,-1.4327847625395533,-1.3056008973223348,0.287776696398603,-1.4407096611643289,-1.3061810247300258,0.29044383428455095,0.47694921855067635,-0.022143855207151886,0.13176265738060894,-0.47694921855067635,0.022143855207151886,-0.13176265738060894,0.6596345992084455,0.970616955047285,-0.07154162721727134,-0.5477991517616542,1.2059871620420322,-0.8438143915181309,0.37760422004657745,1.3643465674464446,-0.8235832381815121,0.04962833718605729,0.7778549095042322,-1.9159767786591742
Aliya,Sorry,-1.9580885893845983,-1.8298658441005002,0.26971989441276323,-1.9580885893845983,-1.8298658441005002,0.26971989441276323,-1.9580885893845983,-1.8298658441005002,0.26971989441276323,-1.9580885893845983,-1.8298658441005002,0.26971989441276323,-1.9580885893845983,-1.8298658441005002,0.26971989441276323,-1.9580885893845983,-1.8298658441005002,0.26971989441276323,-1.9580885893845983,-1.8298658441005002,0.26971989441276323,-1.9580885893845983,-1.8298658441005002,0.26971989441276323,-1.9580885893845983,-1.8298658441005002,0.26971989441276323,-1.9580885893845983,-1.8298658441005002,0.26971989441276323,-1.9580885893845983,-1.8298658441005002,0.26971989441276323,-1.9580885893845983,-1.8298658441005002,0.26971989441276323,-1.9580885893845983,-1.8298658441005002,0.26971989441276323,-1.9580885893845983,-1.8298658441005002,0.26971989441276323,-1.9580885893845983,-1.8298658441005002,0.26971989441276323,-1.9580885893845983,-1.8298658441005002,0.26971989441276323,-1.9580885893845983,-1.8298658441005002,0.26971989441276323,-1.9580885893845983,-1.8298658441005002,0.26971989441276323,-1.9580885893845983,-1.8298658441005002,0.26971989441276323,-1.9580885893845983,-1.8298658441005002,0.26971989441276323,-1.9580885893845983,-1.8298658441005002,0.26971989441276323,-1.8736895885187048,-1.7318968751145987,0.2697198604820512,-1.870829485509991,-1.7392546074573916,0.2704795917393839,-1.8666160820440374,-1.7421741151772587,0.2703056028357891,-1.8635659446399235,-1.7417543075281154,0.2698302032465186,-1.8617641977479567,-1.7391845851291237,0.2693305870471809,-1.8618474540620384,-1.7432741213226448,0.269565105359379,-1.8585829488696162,-1.7439285900221775,0.26918153416526636,-1.8582178965842546,-1.7428818370170926,0.2688011338900061,-1.8584240085074502,-1.7417843760375045,0.2684612685145005,-1.8606301031155983,-1.7386992963780912,0.26878713408171845,-1.859931951868836,-1.7374818334165936,0.2690266962115077,-1.8613432776156076,-1.736810628218246,0.26900959727277757,-1.8626707758186232,-1.7365114617476187,0.26872113996251895,-1.8607477002224646,-1.7336709000148907,0.2681346314232935,-1.8607648295769312,-1.7331904772927615,0.2685093877355776,-1.8621556571431135,-1.7329570293417573,0.26886364062078416,-1.863703393782842,-1.7329960249654548,0.26878759088579574,-1.8614996957419265,-1.729309372107437,0.26748709589915604,-1.8621777672139364,-1.728920541658395,0.26813737899467877,-1.8636145362171863,-1.7291233083338435,0.26885456564061416,-1.8651283049631333,-1.7295720334712252,0.2692716741664409,0.47310025852392823,-0.005519742292152531,0.1388100987485141,-0.47310025852392823,0.005519742292152531,-0.1388100987485141,0.6909261184938972,1.0064946168055722,-0.01621196399094864,-0.5661179493229271,1.208320126643834,-0.9754164243959113,0.4984853723794547,1.4089721523390173,-0.748360857639531,0.04840557057803676,0.6907026278318643,-2.151813778769301
Aliya,Sorry,-1.861740619766716,-1.764271408480086,0.27733037973354663,-1.861740619766716,-1.764271408480086,0.27733037973354663,-1.861740619766716,-1.764271408480086,0.27733037973354663,-1.861740619766716,-1.764271408480086,0.27733037973354663,-1.861740619766716,-1.764271408480086,0.27733037973354663,-1.861740619766716,-1.764271408480086,0.27733037973354663,-1.861740619766716,-1.764271408480086,0.27733037973354663,-1.861740619766716,-1.764271408480086,0.27733037973354663,-1.861740619766716,-1.764271408480086,0.27733037973354663,-1.861740619766716,-1.764271408480086,0.27733037973354663,-1.861740619766716,-1.764271408480086,0.27733037973354663,-1.861740619766716,-1.764271408480086,0.27733037973354663,-1.861740619766716,-1.764271408480086,0.27733037973354663,-1.861740619766716,-1.764271408480086,0.27733037973354663,-1.861740619766716,-1.764271408480086,0.27733037973354663,-1.861740619766716,-1.764271408480086,0.27733037973354663,-1.861740619766716,-1.764271408480086,0.27733037973354663,-1.861740619766716,-1.764271408480086,0.27733037973354663,-1.861740619766716,-1.764271408480086,0.27733037973354663,-1.861740619766716,-1.764271408480086,0.27733037973354663,-1.861740619766716,-1.764271408480086,0.27733037973354663,-1.6266130836047745,-1.49124490299949,0.2773302688490341,-1.6206012367714937,-1.5131362477088663,0.27859890204553833,-1.6100726795523324,-1.5231068464702269,0.2779781978246225,-1.6011887552546689,-1.5242756310180916,0.2769940212536525,-1.5955164737749223,-1.51927161714265,0.27611809750101446,-1.5956319132176218,-1.5235444302124246,0.2754021337534396,-1.590718241588967,-1.524546461023652,0.27505265968608533,-1.5945523700372,-1.521176930813751,0.27491645371697904,-1.5985452021595465,-1.5183571232142072,0.27475660078498515,-1.5922940643858277,-1.5106557558470262,0.2740788312308733,-1.591492073498267,-1.5107290323581657,0.2757480125774767,-1.5960828211197011,-1.5095494938390857,0.27631478108842744,-1.6004115444176366,-1.5075835632811871,0.2757942419459935,-1.5922906139031394,-1.4975136618888027,0.2732209513533429,-1.5932588291860696,-1.499080368745147,0.2749932510775404,-1.5974787979890106,-1.4987001700383207,0.27612348532282627,-1.601938788091675,-1.4974465984254177,0.275882253741777,-1.5941103769760467,-1.4866263008134581,0.2723814055577578,-1.5956716857669675,-1.4879209914465854,0.2744727916816993,-1.5997889430957584,-1.48811932250985,0.27662158930406183,-1.6037727154927852,-1.4878716363221123,0.2778223973632102,0.4649885268162904,-0.02126002878574365,0.1579318041787082,-0.4649885268162904,0.02126002878574365,-0.1579318041787082,0.6457707797190118,0.9633979849097704,0.052753173286225113,-0.5232785241621873,1.1625135302624185,-0.7541858893969752,0.4433081656628845,1.3841509433183241,-0.6908965824482387,0.010630830663160732,0.8276231268410206,-1.7457855603699097
Aliya,Thank you,-1.2165216450226826,-1.742067310629521,0.7184005910544012,-1.2172003326175236,-1.742876589551647,0.718402178220131,-1.2177956235390068,-1.744504172510628,0.7182123292679049,-1.2179938266260373,-1.7458869722558232,0.7179844773024342,-1.2178194386185952,-1.7470214169556346,0.7178297613726841,-1.217794919500875,-1.7455640476948795,0.7179036558443481,-1.2179347201289046,-1.7481989611829298,0.7174939924730414,-1.2179285214948894,-1.748096968607527,0.7174005846657796,-1.2178253876547398,-1.747179901275305,0.7174705515750882,-1.2171928584523215,-1.745770900639151,0.7177232784024857,-1.217328970195959,-1.748511039425371,0.7174372060526674,-1.2173097563240134,-1.7481997151406357,0.7174826031715845,-1.2172023225150301,-1.7473196760828653,0.7175869500358685,-1.2164234532203717,-1.7456678287681282,0.7175493724309314,-1.2165316306588734,-1.7483932584936261,0.7173351730251956,-1.2165834695545588,-1.7479738204608808,0.7175718004671807,-1.2164928792984326,-1.7471724322741966,0.7177804225977384,-1.2155928930673858,-1.7453635551928977,0.7173900340992364,-1.2155540418677966,-1.7474432528493027,0.7172602605277337,-1.2156727488937098,-1.747225939172204,0.7175016603455567,-1.215663348521492,-1.746570205974639,0.7177329888892993,-1.1386661670737313,-1.5437571837611408,0.7184007160885679,-1.1386926045436814,-1.568530720223718,0.7159150921101387,-1.13183635514188,-1.5896670338288124,0.7133047325103694,-1.1260766305516638,-1.6054887797302209,0.711008896328287,-1.1240773517934557,-1.618995536763286,0.7086074930074341,-1.1125800485169126,-1.5879418519794133,0.7118858118072328,-1.0939466970080578,-1.595968101893055,0.7081370664456044,-1.0824866990199513,-1.5992427711093005,0.7057270160748387,-1.07379779209372,-1.600864073171198,0.704364807842012,-1.1072919302335917,-1.5753886708017042,0.7106890862373595,-1.088045409755834,-1.5845551704131957,0.7084366451381982,-1.0760926307854088,-1.5890973606852319,0.7070052533128411,-1.0668211547063955,-1.5917568527249484,0.7058029027917174,-1.104557418535731,-1.5620147863071576,0.7094013250378892,-1.0870390235982244,-1.571518378410041,0.7071767065096403,-1.075887886093944,-1.5768255377184883,0.7059222856947457,-1.067323269533248,-1.5803361215300222,0.7048991456518255,-1.1037046318888617,-1.5487979689831353,0.7080240533484093,-1.089909148815169,-1.5550343881313102,0.7061128025922478,-1.0811059863483534,-1.5585462070973264,0.7059588609946669,-1.0737872598832106,-1.5612456128749028,0.7060282155050153,0.4766923540035211,0.03560259039878745,0.05164132720382602,-0.4766923540035211,-0.03560259039878745,-0.05164132720382602,0.683183902925834,0.7725156209164733,-0.9942968118373238,-0.6753590974321577,0.7925236280673965,-1.1410445726171352,0.3471543485170985,0.6149615031438795,-2.387329482195464,-0.43703099972064724,0.6491831626440555,-3.0335464935423144
Aliya,Thank you,-1.1442633690962587,-1.6049752241987076,0.713859625239917,-1.14906872712487,-1.6157758380737446,0.7120496938889113,-1.1506210782705009,-1.627022593275086,0.7108555071836811,-1.1508491862638999,-1.6362766760995482,0.7099196505144084,-1.1519455520561912,-1.6430294640602436,0.7090081111041543,-1.1411666263810176,-1.6320461681110476,0.7115795186695744,-1.1360781239318791,-1.642417402526641,0.7103186284982448,-1.1327577293781637,-1.6479583718022028,0.7093537333761928,-1.1299973726672399,-1.6519935115139697,0.7087012824867909,-1.1367014837175358,-1.6280746489096336,0.7114033183890252,-1.1318439217077962,-1.6392950334606795,0.7105880614269104,-1.1286986414954279,-1.6461016553162047,0.7098404353608464,-1.1260920155223646,-1.651088468596903,0.7091928896624747,-1.1334303003448911,-1.6230748225109823,0.7110682151704688,-1.129006995414746,-1.633893494938188,0.7100375299205376,-1.1261949126179243,-1.6404752966896747,0.7092990865725763,-1.1238553323491716,-1.6456580507107,0.7087400080616614,-1.130804467304067,-1.6175047866275392,0.7106365228804697,-1.1271262503316057,-1.6249224196246244,0.7095682270902423,-1.124866586813787,-1.6297976307648618,0.7093497544033653,-1.1227911701774773,-1.634110719733932,0.7093059493894098,-1.1372754824976528,-1.5741474015481745,0.7138596480910251,-1.1446967865790711,-1.58757616757037,0.7104847531815597,-1.1461963037382215,-1.6025489187483704,0.7085449925229659,-1.146126850907498,-1.6146570829560347,0.7071783441004392,-1.1477115923783474,-1.6235831163432695,0.7058602984565694,-1.1306890510742829,-1.6085974315485358,0.7100995230663516,-1.1235742633871286,-1.6205719549740567,0.7084715323341481,-1.11901503649768,-1.6274462905654334,0.7069804082393262,-1.1151135153751348,-1.6325295436029827,0.7059931175939111,-1.124543428782205,-1.6030917587186377,0.7103566278908048,-1.1178304379329738,-1.6167593530130115,0.7096075774391227,-1.1135054671678446,-1.6252372400652617,0.7086380852564469,-1.1098000585641064,-1.63138445889205,0.7077895598888041,-1.1203260048927373,-1.5963766962261001,0.7103767295289194,-1.1143594763655162,-1.6098111044800925,0.7091823995167419,-1.110611397480218,-1.6181099478789314,0.7083471144387596,-1.107464902406892,-1.6244648394621912,0.7077608874700828,-1.1173992586518218,-1.589079385963215,0.7101904930786956,-1.1123824550053412,-1.5990895714975795,0.7088360085604923,-1.1091673465322225,-1.605611154049394,0.7087407526328171,-1.1062200199182024,-1.6110835900045541,0.7088936003033389,0.4819977111726387,0.05639796836540588,0.002487324169719651,-0.4819977111726387,-0.05639796836540588,-0.002487324169719651,0.6671988414610297,0.9490307773747104,-0.4099606968827482,-0.6697798795923282,0.8427497625418139,-0.6277940374356838,0.45277460668007635,1.3246649168045697,-1.6029459389122946,-0.5772537077325294,1.0536982096399121,-2.620790664394935
Aliya,Thank you,-1.158758596356344,-1.6207727648554913,0.6987024670299264,-1.1642654029013473,-1.630254266770222,0.6969235269894021,-1.1653758686913673,-1.6405151511150862,0.6955252065742793,-1.1645536219855248,-1.648949795940029,0.6944935967038606,-1.1648032759060931,-1.6552342844270607,0.6933391320592708,-1.1563591989018134,-1.6443570105695877,0.6942769410851636,-1.1512922222919058,-1.6551122977218582,0.6924751798230856,-1.14810999859184,-1.6611481537905548,0.6914670921264973,-1.1453654620500096,-1.6656173718580822,0.6909324558266846,-1.1514373920443142,-1.6409995580845442,0.6939766123659026,-1.146660516116856,-1.6529514553814504,0.6927608566198734,-1.1435821696057138,-1.6603273656558128,0.6920072681509888,-1.1409289432830294,-1.6656192206849383,0.691408427124939,-1.1477460552003198,-1.6368591549660394,0.6937018665635634,-1.1438262914243207,-1.6482755938476057,0.6924873295065054,-1.1412259049150109,-1.6553472112295662,0.6918550661141376,-1.138969936842612,-1.6607248336725877,0.6913933547590427,-1.1450029257859384,-1.6323344665152544,0.6933830229755525,-1.141917472422545,-1.6406750339860168,0.6922494723783509,-1.1399196500109021,-1.6461358602462168,0.6921564528355887,-1.1380304978142473,-1.6506565647420484,0.6922167254621815,-1.1844675650993102,-1.6765918986399462,0.6987024323521419,-1.187992940494226,-1.6810548917520198,0.6972703052348211,-1.1890493787105005,-1.6869375913819318,0.696447302319569,-1.1891175768738065,-1.6918252606367594,0.6959447494449142,-1.1898089612802323,-1.6954893178395336,0.6954153062667552,-1.1835432195467344,-1.6896497479896722,0.696043424884841,-1.1811035156599852,-1.6954687839154035,0.6950528657118117,-1.1794486354326827,-1.6990366678827304,0.6944505313578225,-1.178053666741847,-1.7016961030794853,0.6941425361996294,-1.1808864172122535,-1.6881153567857514,0.6961789817204389,-1.1787465851369636,-1.69457737300941,0.6955047740757399,-1.1772852887215315,-1.6987373427836696,0.6950981826975975,-1.1760010493563107,-1.7016851252903706,0.6947983601923167,-1.179028628449974,-1.6861037791676339,0.6962872358323078,-1.1772718339131156,-1.6922416552570196,0.6955964025323437,-1.175996966858768,-1.696131110310489,0.6951909233768033,-1.1748685173107425,-1.6990646945228731,0.6949275984754628,-1.1778067353682984,-1.6839512234089087,0.6963339343940339,-1.1763183501264778,-1.6884967415168597,0.6956661040455996,-1.1752412362508244,-1.691425152921991,0.6955166564409062,-1.1742375840137704,-1.6938854712685298,0.6954991862844191,0.46901729131770536,0.06481352483406065,0.055879784095498146,-0.46901729131770536,-0.06481352483406065,-0.055879784095498146,0.6478169050474217,0.9070291770762297,-0.27839908879770187,-0.6534934111269464,0.8499682727737587,-0.6229163010887929,0.4996252992456461,1.2025609568511697,-1.3601230344842117,-0.5419740291191613,1.1354609304189645,-2.455421811697377
Aliya,Thank you,-1.1881442642545188,-1.6284733369216395,0.6991625863405434,-1.192023860978441,-1.6365892846692576,0.6979799422443678,-1.192795136740992,-1.6445045924244615,0.6970375650949219,-1.1924674013939784,-1.6510482449411665,0.6962913240285827,-1.192619788424226,-1.6564056973392438,0.6954078984221916,-1.1867947668012864,-1.6463515023587951,0.6966325842585507,-1.1836531653717126,-1.654169746856074,0.6951859226637517,-1.1816062639587321,-1.6595286630726476,0.6940547458086651,-1.179816897245836,-1.663919015626716,0.6932818061800035,-1.183230204832737,-1.6444965662039965,0.6962805594501119,-1.179798385707848,-1.653484066555006,0.6950221523610449,-1.177553426874189,-1.6599554420656215,0.6937129702361384,-1.1756602137251442,-1.6650306301517643,0.6927041412089268,-1.1804422019533087,-1.641970169337903,0.6959529124274431,-1.177151830484935,-1.6507614585517816,0.6945733056897335,-1.1750122993278476,-1.6570458553084753,0.6933722811226215,-1.173249589901972,-1.6618912021098833,0.6925636260162985,-1.1783597269186834,-1.638861281159491,0.6956434645076853,-1.1756366005252223,-1.645493235948743,0.6942622876277804,-1.173945240354699,-1.6502208396115623,0.693632623829703,-1.1723851118198234,-1.6541233052658337,0.6932938412326081,-1.0554432619781249,-1.3229273187230206,0.699162659873561,-1.0719484915231698,-1.357871619862142,0.6953556555674988,-1.0753554601797133,-1.3934256392968687,0.6922139585610844,-1.0736161771290644,-1.4203880206020023,0.6896890828759308,-1.0755711852493126,-1.4400597966189352,0.6872154217547708,-1.0409939713215017,-1.4115635189070987,0.6926221035954816,-1.0230158567260665,-1.4414119074801595,0.6888329279851066,-1.0111735773106465,-1.4570779213013267,0.6857505214635456,-1.0018749849548572,-1.4680711154357837,0.6839593998942188,-1.0265834374309464,-1.397491182086591,0.6915191293861039,-1.009891378843045,-1.4313502758633359,0.6899143308906615,-0.9989590089291703,-1.450860411454758,0.6880566817272156,-0.9902415097153883,-1.4641526065620682,0.6865024447895846,-1.016142345416314,-1.380140960458503,0.6901613110484407,-1.0015799983746296,-1.413989813376466,0.6879995082567808,-0.9921760054041409,-1.4331586304870587,0.6860801177080132,-0.9851901509366804,-1.4466558583343498,0.6846460093787547,-1.0083805259266405,-1.361042437179486,0.6886339319661493,-0.9962440318319008,-1.3860442290656207,0.6862363214873777,-0.9888259172700924,-1.4013452424864519,0.6860787528710576,-0.9829785353158317,-1.413851461545069,0.6865163834194069,0.4705163476989462,0.06312412416148998,0.08327523006479916,-0.4705163476989462,-0.06312412416148998,-0.08327523006479916,0.6467663596648917,0.901847045197139,-0.10678223304834615,-0.6758837424577159,0.8180518390400237,-0.5995413893019748,0.5544761892729144,1.351239118901124,-1.1157988428205676,-0.6120784938198954,1.06919506459538,-2.3184590346953775
Aliya,Thank you,-1.1532339998397183,-1.6058432321237883,0.6368833924641111,-1.1566798606566835,-1.6115256493586312,0.6351429562067409,-1.1585353306049624,-1.617369637373115,0.6332670475658047,-1.1589161763346332,-1.6213760964777681,0.6316321826556588,-1.1583806717453968,-1.6239566168218507,0.629961133429064,-1.15616649140213,-1.6212745058607478,0.6321683989808434,-1.1552199536403933,-1.6234907344983125,0.629892238963374,-1.1537507754488592,-1.6244164413847921,0.6287033701923573,-1.1522216083758063,-1.6252735661766746,0.6280426724767249,-1.1524978939887773,-1.6190567709146595,0.6316694367636514,-1.151209133701435,-1.6211760630579655,0.6297715609227508,-1.1495219800565792,-1.6227515893889968,0.6289891132375771,-1.1480811963802473,-1.624461993098998,0.6284437611944389,-1.149199605265332,-1.615872279451562,0.6312128511921008,-1.1481191892309157,-1.6186136957656962,0.6293307119203476,-1.1463721902971873,-1.6204723996395416,0.6291034749497202,-1.144843008883494,-1.6223715530972627,0.629030396338651,-1.1461308005600177,-1.6121375907186244,0.6306895150678834,-1.1449267654369428,-1.613976393324506,0.6290147679146552,-1.1439841498538705,-1.614879730482439,0.629197180322036,-1.143011706997197,-1.6157605059007119,0.629582674382567,-1.0440716583017648,-1.3565068519282568,0.6368835047263007,-1.0579718951985193,-1.3861304877684633,0.6322486541410499,-1.0600668348491153,-1.415163047269572,0.6286780580355614,-1.0572668311709066,-1.4368116641047242,0.625848468754016,-1.0576705935819133,-1.4531269859606921,0.6229921620500499,-1.0282842837553983,-1.4276555802682065,0.628363382748106,-1.0101136419749057,-1.451061674720261,0.6243467747950171,-0.9988768589788978,-1.4634302209631995,0.6214465239339104,-0.9897459074306386,-1.4723438905602841,0.6196614529094918,-1.0149158749547083,-1.4135523080631287,0.6274434185995098,-0.9970653330213788,-1.4406767452704121,0.6253253826587868,-0.9859536821905802,-1.4571232961118936,0.6235937418893263,-0.9769115410319272,-1.468753197289881,0.6220473839873536,-1.005774495880379,-1.3970669266888187,0.6262545142651499,-0.9900051331510782,-1.4229139476290906,0.6237192465186808,-0.9802517921251772,-1.4390618188558286,0.6220386476727363,-0.9726061116397268,-1.4512681079023688,0.6207144776883675,-0.9994471804128617,-1.379356288422696,0.6247932883840484,-0.9867569692615593,-1.3974225237969835,0.6221563444363596,-0.9790898082205389,-1.4102561770228181,0.6219796368311957,-0.9727938299981475,-1.4212827016384266,0.622230103009353,0.46515481876862985,0.056470891418689655,0.07581893366494845,-0.46515481876862985,-0.056470891418689655,-0.07581893366494845,0.6510403565354289,0.8842548486719912,-0.3188525810604325,-0.6471107977077224,0.8202806532657388,-0.8211622490297155,0.46977874984437745,1.2276347806051628,-1.4088292142507655,-0.4996263165141648,0.9429628602036949,-2.7524611317177112
Aliya,Thank you,-1.2241376349974877,-1.708528529384734,0.7127317506572324,-1.2241376349974877,-1.708528529384734,0.7127317506572324,-1.2241376349974877,-1.708528529384734,0.7127317506572324,-1.2241376349974877,-1.708528529384734,0.7127317506572324,-1.2241376349974877,-1.708528529384734,0.7127317506572324,-1.2241376349974877,-1.708528529384734,0.7127317506572324,-1.2241376349974877,-1.708528529384734,0.7127317506572324,-1.2241376349974877,-1.708528529384734,0.7127317506572324,-1.2241376349974877,-1.708528529384734,0.7127317506572324,-1.2241376349974877,-1.708528529384734,0.7127317506572324,-1.2241376349974877,-1.708528529384734,0.7127317506572324,-1.2241376349974877,-1.708528529384734,0.7127317506572324,-1.2241376349974877,-1.708528529384734,0.7127317506572324,-1.2241376349974877,-1.708528529384734,0.7127317506572324,-1.2241376349974877,-1.708528529384734,0.7127317506572324,-1.2241376349974877,-1.708528529384734,0.7127317506572324,-1.2241376349974877,-1.708528529384734,0.7127317506572324,-1.2241376349974877,-1.708528529384734,0.7127317506572324,-1.2241376349974877,-1.708528529384734,0.7127317506572324,-1.2241376349974877,-1.708528529384734,0.7127317506572324,-1.2241376349974877,-1.708528529384734,0.7127317506572324,-0.9131147625290423,-0.969167079141293,0.7127320721622223,-0.9445631420922209,-1.0412575477965067,0.7041615598127419,-0.9489322533874119,-1.1117036454174594,0.6977332900845142,-0.9429310770112511,-1.1648017551070258,0.6925131854208741,-0.9450371057070521,-1.2034817669571554,0.6874926407859361,-0.8732372608872521,-1.1423971741885324,0.7013846349638955,-0.8320145790214767,-1.1959734017732933,0.6948377737423614,-0.8064179875020505,-1.2258836541579996,0.6890547869284166,-0.7860792174108906,-1.2474490785223826,0.6853040768091334,-0.843032583761365,-1.1128335135237817,0.6991075202889437,-0.8027095518230495,-1.1759239001190918,0.6965329217473802,-0.778091815527832,-1.2143908268409893,0.6929617117925905,-0.758669528152522,-1.2416616196784307,0.6896533443707186,-0.8217208860271809,-1.0775411842905651,0.6960000952055766,-0.7853812191120596,-1.1410352476106764,0.6920184132962263,-0.763198345822574,-1.1790528153480606,0.6883885162857502,-0.7464124780103698,-1.207460207571587,0.6854517958825694,-0.8065716382519373,-1.0384736125770457,0.6923105570624826,-0.7766439038611755,-1.085624124556375,0.6877025730095261,-0.7585492577663264,-1.116073125192566,0.6875698991174662,-0.7439773528032677,-1.1418493906427951,0.6883073228076446,0.47345736358254903,0.06180377575021502,0.08090361821367528,-0.47345736358254903,-0.06180377575021502,-0.08090361821367528,0.6834715975307182,0.9102144950016287,-0.11515347663615887,-0.6830001237758968,0.8500986827374117,-0.9007360847275593,0.614832875373475,1.4672943289005282,-1.1164350310811983,-0.5212972514042749,0.8330256057964766,-2.9242812151958955
Aliya,Thank you,-1.1546018373749627,-1.638225634682965,0.704866481305402,-1.1546018373749627,-1.638225634682965,0.704866481305402,-1.1546018373749627,-1.638225634682965,0.704866481305402,-1.1546018373749627,-1.638225634682965,0.704866481305402,-1.1546018373749627,-1.638225634682965,0.704866481305402,-1.1546018373749627,-1.638225634682965,0.704866481305402,-1.1546018373749627,-1.638225634682965,0.704866481305402,-1.1546018373749627,-1.638225634682965,0.704866481305402,-1.1546018373749627,-1.638225634682965,0.704866481305402,-1.1546018373749627,-1.638225634682965,0.704866481305402,-1.1546018373749627,-1.638225634682965,0.704866481305402,-1.1546018373749627,-1.638225634682965,0.704866481305402,-1.1546018373749627,-1.638225634682965,0.704866481305402,-1.1546018373749627,-1.638225634682965,0.704866481305402,-1.1546018373749627,-1.638225634682965,0.704866481305402,-1.1546018373749627,-1.638225634682965,0.704866481305402,-1.1546018373749627,-1.638225634682965,0.704866481305402,-1.1546018373749627,-1.638225634682965,0.704866481305402,-1.1546018373749627,-1.638225634682965,0.704866481305402,-1.1546018373749627,-1.638225634682965,0.704866481305402,-1.1546018373749627,-1.638225634682965,0.704866481305402,-0.9586903588916418,-1.2002117852424725,0.7048666232579648,-0.9751570319562068,-1.2378094362820689,0.6997948581177078,-0.9778866519698376,-1.276133732921977,0.6953805417794222,-0.9754257031041398,-1.3062081665556966,0.6914805423719479,-0.9772442603046197,-1.3294684797438545,0.6874781467503017,-0.9365660715075907,-1.2931191585354238,0.6967262790814633,-0.9128754065682668,-1.323460315085355,0.6919042389266274,-0.8984511074215901,-1.3388678894280197,0.6879068996031964,-0.8864718337856788,-1.350049646898335,0.6851865840440743,-0.920120067353082,-1.2770653785082664,0.6948909498816224,-0.8960847249088632,-1.3125206330318757,0.6925431925359465,-0.8816720712641202,-1.332537459081936,0.6900642765269794,-0.8698845945985489,-1.346886317817461,0.6876026143842046,-0.9085132072942743,-1.2573610519076126,0.6925579469004314,-0.8869015762812065,-1.2922111621861057,0.6897001561569831,-0.8743509492092841,-1.3123572406385506,0.6876842114791345,-0.8643218586884313,-1.3277667451996749,0.6857494613710301,-0.899914071020171,-1.2350919145467045,0.6898517187398925,-0.8830376442494043,-1.2600286479756249,0.6870414665058988,-0.87334693804756,-1.2762393924182964,0.6870684995953048,-0.8652150545459371,-1.2902979708108686,0.6872408818647322,0.45904483179852756,0.0565264352304487,0.10319504089999508,-0.45904483179852756,-0.0565264352304487,-0.10319504089999508,0.6435161212960533,0.8792641627489871,-0.11066811356970566,-0.6390012982101848,0.8384363210967544,-0.6629103578719421,0.5230283247576198,1.369139887120954,-1.0816864926601157,-0.5156635553026401,1.0414620609569845,-2.3344126625876713
Aliya,Thank you,-1.181664497310073,-1.6732048900187158,0.7020611714949773,-1.181664497310073,-1.6732048900187158,0.7020611714949773,-1.181664497310073,-1.6732048900187158,0.7020611714949773,-1.181664497310073,-1.6732048900187158,0.7020611714949773,-1.181664497310073,-1.6732048900187158,0.7020611714949773,-1.181664497310073,-1.6732048900187158,0.7020611714949773,-1.181664497310073,-1.6732048900187158,0.7020611714949773,-1.181664497310073,-1.6732048900187158,0.7020611714949773,-1.181664497310073,-1.6732048900187158,0.7020611714949773,-1.181664497310073,-1.6732048900187158,0.7020611714949773,-1.181664497310073,-1.6732048900187158,0.7020611714949773,-1.181664497310073,-1.6732048900187158,0.7020611714949773,-1.181664497310073,-1.6732048900187158,0.7020611714949773,-1.181664497310073,-1.6732048900187158,0.7020611714949773,-1.181664497310073,-1.6732048900187158,0.7020611714949773,-1.181664497310073,-1.6732048900187158,0.7020611714949773,-1.181664497310073,-1.6732048900187158,0.7020611714949773,-1.181664497310073,-1.6732048900187158,0.7020611714949773,-1.181664497310073,-1.6732048900187158,0.7020611714949773,-1.181664497310073,-1.6732048900187158,0.7020611714949773,-1.181664497310073,-1.6732048900187158,0.7020611714949773,-1.1463475039098423,-1.591510793112338,0.7020612124677622,-1.1494622066437843,-1.600117179787287,0.7023609290043688,-1.1498423396004476,-1.6080355624252098,0.7025013893208684,-1.1474392253533567,-1.613854972366734,0.7026359230820226,-1.1446346400350158,-1.6157380289183172,0.7027319662262245,-1.1435333540062593,-1.6110249545848603,0.7016405014860279,-1.1395803973226606,-1.6180474259286102,0.7015090198677701,-1.1372736777598138,-1.621976139320259,0.7014515964394935,-1.1353601627960421,-1.624761011511372,0.7014270852865288,-1.1400859139604596,-1.6083398407046945,0.7011151785044435,-1.1363983903750456,-1.616523760719663,0.7009984385339522,-1.1341291318523181,-1.6214769843031616,0.7008669838732157,-1.132283516657602,-1.6250290515223065,0.7008212810911069,-1.1374235540065782,-1.6049348078197478,0.7006927348352627,-1.1343964117872953,-1.6128127899466005,0.7005004978276167,-1.1324512250100007,-1.6175674358958865,0.7003345695947343,-1.1309809126221306,-1.6211798460385949,0.700268538054882,-1.135527042037446,-1.6009703962442199,0.7003470035005719,-1.1330319465641847,-1.6073748471118865,0.7001082408063444,-1.1314604645671476,-1.6112788798705615,0.7003319126688524,-1.1301098484559924,-1.6143428602015557,0.7006431193480069,0.4732299344472161,0.05454286661514871,0.08049893613343012,-0.4732299344472161,-0.05454286661514871,-0.08049893613343012,0.6549531137822019,0.8992859593425493,-0.17449702794690838,-0.6561089951170057,0.8398851819271345,-0.5520679234641656,0.5065379498361358,1.3469973583866988,-1.2231654899098328,-0.5564574249468298,1.2055236049699638,-2.284370166224435
Aliya,Thank you,-1.1728882644212648,-1.6637026330091798,0.6618899663556898,-1.1728882644212648,-1.6637026330091798,0.6618899663556898,-1.1728882644212648,-1.6637026330091798,0.6618899663556898,-1.1728882644212648,-1.6637026330091798,0.6618899663556898,-1.1728882644212648,-1.6637026330091798,0.6618899663556898,-1.1728882644212648,-1.6637026330091798,0.6618899663556898,-1.1728882644212648,-1.6637026330091798,0.6618899663556898,-1.1728882644212648,-1.6637026330091798,0.6618899663556898,-1.1728882644212648,-1.6637026330091798,0.6618899663556898,-1.1728882644212648,-1.6637026330091798,0.6618899663556898,-1.1728882644212648,-1.6637026330091798,0.6618899663556898,-1.1728882644212648,-1.6637026330091798,0.6618899663556898,-1.1728882644212648,-1.6637026330091798,0.6618899663556898,-1.1728882644212648,-1.6637026330091798,0.6618899663556898,-1.1728882644212648,-1.6637026330091798,0.6618899663556898,-1.1728882644212648,-1.6637026330091798,0.6618899663556898,-1.1728882644212648,-1.6637026330091798,0.6618899663556898,-1.1728882644212648,-1.6637026330091798,0.6618899663556898,-1.1728882644212648,-1.6637026330091798,0.6618899663556898,-1.1728882644212648,-1.6637026330091798,0.6618899663556898,-1.1728882644212648,-1.6637026330091798,0.6618899663556898,-1.122096621756421,-1.5583751414508502,0.6618899901669388,-1.126821927992223,-1.5652423888339875,0.6595785719384761,-1.128094872894405,-1.5724669853198325,0.657220828026164,-1.1260749275663582,-1.5775383599234873,0.6552627050129286,-1.1231978010312385,-1.579387619627059,0.6532188309675659,-1.1209413565591757,-1.5765749702805583,0.655111282621284,-1.1170859762645131,-1.582990992591384,0.6521063747949823,-1.1147190698975324,-1.5858682226638827,0.6505019483527742,-1.1128429274948055,-1.5879313259021022,0.6497304400661867,-1.1159732639949842,-1.5735554893421242,0.6547491555897477,-1.1118877701597243,-1.5801483085120729,0.6519957843420408,-1.1095696462446483,-1.5837700281129212,0.6508990860378745,-1.107735364131548,-1.5865308130270208,0.6503773072228656,-1.1120362609660492,-1.5698927722647864,0.6545135949934573,-1.1082490309565638,-1.5758350957905092,0.6518968011669215,-1.106030680814302,-1.5794231555991163,0.6512857213072268,-1.1042556036471114,-1.5822342504738973,0.6512577573270872,-1.1091459623495161,-1.5660279603310188,0.6542301721944322,-1.105654353052267,-1.5703937030608675,0.6521311646718174,-1.1038123371178366,-1.573198778777122,0.6521320942408588,-1.1022031770337224,-1.5755791097937517,0.6525797454278564,0.4708735093897121,0.052670888592591524,0.11061850260449221,-0.4708735093897121,-0.052670888592591524,-0.11061850260449221,0.6631230456810578,0.8860175159652395,-0.1927052315586446,-0.6446366273851364,0.8247484355621811,-0.7206822501886225,0.4915061444784079,1.2948985801267394,-1.2611078491431447,-0.5221023761122844,1.0621617577354059,-2.531076142929146
Aliya,Thank you,-1.1840042917330895,-1.663641107619567,0.7188337853015111,-1.1840042917330895,-1.663641107619567,0.7188337853015111,-1.1840042917330895,-1.663641107619567,0.7188337853015111,-1.1840042917330895,-1.663641107619567,0.7188337853015111,-1.1840042917330895,-1.663641107619567,0.7188337853015111,-1.1840042917330895,-1.663641107619567,0.7188337853015111,-1.1840042917330895,-1.663641107619567,0.7188337853015111,-1.1840042917330895,-1.663641107619567,0.7188337853015111,-1.1840042917330895,-1.663641107619567,0.7188337853015111,-1.1840042917330895,-1.663641107619567,0.7188337853015111,-1.1840042917330895,-1.663641107619567,0.7188337853015111,-1.1840042917330895,-1.663641107619567,0.7188337853015111,-1.1840042917330895,-1.663641107619567,0.7188337853015111,-1.1840042917330895,-1.663641107619567,0.7188337853015111,-1.1840042917330895,-1.663641107619567,0.7188337853015111,-1.1840042917330895,-1.663641107619567,0.7188337853015111,-1.1840042917330895,-1.663641107619567,0.7188337853015111,-1.1840042917330895,-1.663641107619567,0.7188337853015111,-1.1840042917330895,-1.663641107619567,0.7188337853015111,-1.1840042917330895,-1.663641107619567,0.7188337853015111,-1.1840042917330895,-1.663641107619567,0.7188337853015111,-1.1715249666158634,-1.6354795030026645,0.7188337977000183,-1.1724087209441378,-1.6388851322483085,0.7191856273145619,-1.1725428606434394,-1.641682093462359,0.7194453086558363,-1.1718938439562754,-1.643605330703282,0.7196476232910652,-1.1709791278855652,-1.6440652137019198,0.7198497332879178,-1.1706759573753482,-1.642400140388944,0.7194694457840638,-1.1696973179957475,-1.6444475603763866,0.7197426434339785,-1.1690809474010424,-1.6456963095284685,0.7198377471306483,-1.1685760359556,-1.6466403826409657,0.7198684165325461,-1.1696376668606998,-1.6416246912508476,0.7192879359853697,-1.168626124480361,-1.6439903963887743,0.719497596567298,-1.1679317302947188,-1.6453996171674379,0.7194830250264477,-1.1673675831403818,-1.646442083808153,0.7194794879499639,-1.1687938988614262,-1.6406491628821387,0.7191434182213781,-1.1680476045181738,-1.6429052080096318,0.7193221246500121,-1.167483864981228,-1.6443046209828733,0.7192893031532303,-1.1670592916438622,-1.6453905168358782,0.7192596663625346,-1.1682174950738164,-1.639414650665444,0.7190363331381048,-1.1675988099619719,-1.6414108061285262,0.7192263788778638,-1.1671677038140837,-1.6426054764783224,0.7193890786859571,-1.1668004952061708,-1.6435103605364472,0.7195226274571732,0.4680409875460688,0.050062650442877596,0.1262120479846102,-0.4680409875460688,-0.050062650442877596,-0.1262120479846102,0.6914487710277893,0.841688813541072,-0.16714126492070366,-0.6559626434099846,0.828006193778487,-0.5641308872083993,0.5492895626446326,1.2732789366445332,-1.3466756867880958,-0.5620607076305226,1.26803919580492,-2.308673881469879
Aliya,Thank you,-1.1303601307841822,-1.590378500071222,0.6941668188504386,-1.1325552292403132,-1.5968930579554015,0.6934110373387488,-1.1333354631850785,-1.6033416038207087,0.6920376074164067,-1.1328974330736274,-1.6081175623428248,0.690783313913473,-1.1322151647353103,-1.6117849571805565,0.6893017343539481,-1.1316401834913272,-1.6048305828490472,0.6893719056200523,-1.1291685933654398,-1.6135020502257436,0.6868324683341426,-1.1268507021326182,-1.6187430937735308,0.6854017723640727,-1.1247570725115594,-1.622672517426778,0.684485224084125,-1.128464869608208,-1.6024600230891706,0.688379023788516,-1.1254506971996339,-1.611274526069756,0.6859959509042849,-1.1228871989860112,-1.6170441621059854,0.6847060899138506,-1.1205974784566215,-1.6217246010161777,0.6838115808622475,-1.1256500631730417,-1.5989923038070935,0.6875035738549858,-1.1227884346248247,-1.6071591413199406,0.6851110371530542,-1.12050829706276,-1.61260246565151,0.6839216709604587,-1.1184869604164394,-1.6173240150602501,0.6831586415520132,-1.1231308965089775,-1.5949799485982852,0.686744773932696,-1.1207857900140816,-1.5994256936927826,0.6843503937190037,-1.1191300733334038,-1.6030728350525287,0.6834531524943678,-1.117630239178143,-1.6065147384673613,0.6829593273302632,-1.0584717660916312,-1.389886679173099,0.6941668772742808,-1.068794743612149,-1.4167715395752871,0.6922513334785195,-1.0690781155767075,-1.4433254557979327,0.6910586676209527,-1.0619822390972744,-1.4626045407045405,0.6903490560407706,-1.0537301276390985,-1.4710109878494344,0.6897252849776365,-1.0493659347339876,-1.4475156279328665,0.689895872817723,-1.0392118174967948,-1.4699953137757789,0.6883961102873722,-1.032827257095143,-1.4829372772845957,0.6871503676347503,-1.0275887173597111,-1.4927431763964119,0.6862444158600837,-1.0376909478935237,-1.4383721569417458,0.6892768805345324,-1.0270584762434851,-1.4629212789291206,0.688463220958563,-1.020266594654301,-1.478706850403339,0.6873024359006751,-1.0148550481647134,-1.4901326673997919,0.68626137802969,-1.0286496007837374,-1.4282187415097862,0.6887778881260471,-1.0185533751235345,-1.451387619849687,0.6873288266305151,-1.0120882987688962,-1.4674747408091149,0.686272447387951,-1.0070781919990324,-1.4795707375614122,0.6855672695404388,-1.0221607883884156,-1.4170962861437904,0.6883406628650733,-1.0129942785295254,-1.436023176182006,0.6865769957983563,-1.0076557603241554,-1.4488982331353732,0.6867174725114387,-1.0034317696376485,-1.4591603378153473,0.6872601238563414,0.47666872450957626,0.054499077846916884,0.07827039798069238,-0.47666872450957626,-0.054499077846916884,-0.07827039798069238,0.6714578273555749,0.9037928317005487,-0.19240933744319982,-0.6466320188669554,0.8586308701961954,-0.5801543694116276,0.4839159820752414,1.2852004307798384,-1.2279238168204525,-0.5499313692273787,1.1688900703108343,-2.3533171964948956
Aliya,Thank you,-1.2373560025135806,-1.8067660950763487,0.6985606741515786,-1.2373560025135806,-1.8067660950763487,0.6985606741515786,-1.2373560025135806,-1.8067660950763487,0.6985606741515786,-1.2373560025135806,-1.8067660950763487,0.6985606741515786,-1.2373560025135806,-1.8067660950763487,0.6985606741515786,-1.2373560025135806,-1.8067660950763487,0.6985606741515786,-1.2373560025135806,-1.8067660950763487,0.6985606741515786,-1.2373560025135806,-1.8067660950763487,0.6985606741515786,-1.2373560025135806,-1.8067660950763487,0.6985606741515786,-1.2373560025135806,-1.8067660950763487,0.6985606741515786,-1.2373560025135806,-1.8067660950763487,0.6985606741515786,-1.2373560025135806,-1.8067660950763487,0.6985606741515786,-1.2373560025135806,-1.8067660950763487,0.6985606741515786,-1.2373560025135806,-1.8067660950763487,0.6985606741515786,-1.2373560025135806,-1.8067660950763487,0.6985606741515786,-1.2373560025135806,-1.8067660950763487,0.6985606741515786,-1.2373560025135806,-1.8067660950763487,0.6985606741515786,-1.2373560025135806,-1.8067660950763487,0.6985606741515786,-1.2373560025135806,-1.8067660950763487,0.6985606741515786,-1.2373560025135806,-1.8067660950763487,0.6985606741515786,-1.2373560025135806,-1.8067660950763487,0.6985606741515786,-0.9046706437394308,-0.9214655482516223,0.6985610514800342,-0.9277847128233504,-1.0013124963480617,0.689659848384306,-0.9237935049409882,-1.0770418387957617,0.6818554076115169,-0.9151246687880928,-1.1346832099945376,0.6751974836135981,-0.9185201699471656,-1.1781328677917347,0.6684445297026024,-0.8460298981348229,-1.1050646870048537,0.6832177436515936,-0.7955646212671101,-1.1574217193077077,0.6740172685015672,-0.7634352387022574,-1.1855400540453558,0.6668038307338806,-0.7377842536334933,-1.2055170786351617,0.6622471230113182,-0.8186803969525013,-1.0712385758256016,0.6797555373647841,-0.7651521887034637,-1.1314693345338347,0.6747347755588607,-0.7317935818282927,-1.1673510781488048,0.6699776328397128,-0.7056156386607789,-1.1928135233259205,0.6659049576149304,-0.8007419811993582,-1.0307687776902492,0.6755604876809923,-0.7518335992081808,-1.0919906609887615,0.669950790706494,-0.7208832340882708,-1.1303324511066648,0.6648540472839038,-0.6972879106234778,-1.1592984289204875,0.6608527543543955,-0.7896127806574714,-0.9866082246669956,0.6708382990860887,-0.7510197523157,-1.0329075000535222,0.66550709705638,-0.7275006526634585,-1.0635591734307677,0.6644872578275911,-0.7085556862564204,-1.0887504063553102,0.6644402660999406,0.4837307152265165,0.056710440080266024,0.048379837993286365,-0.4837307152265165,-0.056710440080266024,-0.048379837993286365,0.6977055516219954,0.9651753430045243,-0.36424632387702927,-0.7176824376436277,0.8808330299143229,-0.8933537694545001,0.5409529155622369,1.3762485723072149,-1.5599201568779282,-0.5225572792405855,0.8707282747358113,-2.9656641792508207
Aliya,Thank you,-1.2529286805036668,-1.846306536529573,0.8277124105677383,-1.2529286805036668,-1.846306536529573,0.8277124105677383,-1.2529286805036668,-1.846306536529573,0.8277124105677383,-1.2529286805036668,-1.846306536529573,0.8277124105677383,-1.2529286805036668,-1.846306536529573,0.8277124105677383,-1.2529286805036668,-1.846306536529573,0.8277124105677383,-1.2529286805036668,-1.846306536529573,0.8277124105677383,-1.2529286805036668,-1.846306536529573,0.8277124105677383,-1.2529286805036668,-1.846306536529573,0.8277124105677383,-1.2529286805036668,-1.846306536529573,0.8277124105677383,-1.2529286805036668,-1.846306536529573,0.8277124105677383,-1.2529286805036668,-1.846306536529573,0.8277124105677383,-1.2529286805036668,-1.846306536529573,0.8277124105677383,-1.2529286805036668,-1.846306536529573,0.8277124105677383,-1.2529286805036668,-1.846306536529573,0.8277124105677383,-1.2529286805036668,-1.846306536529573,0.8277124105677383,-1.2529286805036668,-1.846306536529573,0.8277124105677383,-1.2529286805036668,-1.846306536529573,0.8277124105677383,-1.2529286805036668,-1.846306536529573,0.8277124105677383,-1.2529286805036668,-1.846306536529573,0.8277124105677383,-1.2529286805036668,-1.846306536529573,0.8277124105677383,-1.2529286805036668,-1.846306536529573,0.8277124105677383,-1.2529286805036668,-1.846306536529573,0.8277124105677383,-1.2529286805036668,-1.846306536529573,0.8277124105677383,-1.2529286805036668,-1.846306536529573,0.8277124105677383,-1.2529286805036668,-1.846306536529573,0.8277124105677383,-1.2529286805036668,-1.846306536529573,0.8277124105677383,-1.2529286805036668,-1.846306536529573,0.8277124105677383,-1.2529286805036668,-1.846306536529573,0.8277124105677383,-1.2529286805036668,-1.846306536529573,0.8277124105677383,-1.2529286805036668,-1.846306536529573,0.8277124105677383,-1.2529286805036668,-1.846306536529573,0.8277124105677383,-1.2529286805036668,-1.846306536529573,0.8277124105677383,-1.2529286805036668,-1.846306536529573,0.8277124105677383,-1.2529286805036668,-1.846306536529573,0.8277124105677383,-1.2529286805036668,-1.846306536529573,0.8277124105677383,-1.2529286805036668,-1.846306536529573,0.8277124105677383,-1.2529286805036668,-1.846306536529573,0.8277124105677383,-1.2529286805036668,-1.846306536529573,0.8277124105677383,-1.2529286805036668,-1.846306536529573,0.8277124105677383,-1.2529286805036668,-1.846306536529573,0.8277124105677383,-1.2529286805036668,-1.846306536529573,0.8277124105677383,0.4963627577745856,0.027190821818073974,-0.03662069501855353,-0.4963627577745856,-0.027190821818073974,0.03662069501855353,0.7221278186828587,0.6356053378633584,-0.8733636036399102,-0.7163860886135548,0.8097245279591911,-0.020907470564319353,0.4085366398713597,0.8564544594747884,-2.446155427709181,-0.6327269679188757,1.4306103892619444,-1.3336999380941035
Aliya,Thank you,-1.2429551627484816,-1.7951629108180285,0.6912646626165136,-1.2429551627484816,-1.7951629108180285,0.6912646626165136,-1.2429551627484816,-1.7951629108180285,0.6912646626165136,-1.2429551627484816,-1.7951629108180285,0.6912646626165136,-1.2429551627484816,-1.7951629108180285,0.6912646626165136,-1.2429551627484816,-1.7951629108180285,0.6912646626165136,-1.2429551627484816,-1.7951629108180285,0.6912646626165136,-1.2429551627484816,-1.7951629108180285,0.6912646626165136,-1.2429551627484816,-1.7951629108180285,0.6912646626165136,-1.2429551627484816,-1.7951629108180285,0.6912646626165136,-1.2429551627484816,-1.7951629108180285,0.6912646626165136,-1.2429551627484816,-1.7951629108180285,0.6912646626165136,-1.2429551627484816,-1.7951629108180285,0.6912646626165136,-1.2429551627484816,-1.7951629108180285,0.6912646626165136,-1.2429551627484816,-1.7951629108180285,0.6912646626165136,-1.2429551627484816,-1.7951629108180285,0.6912646626165136,-1.2429551627484816,-1.7951629108180285,0.6912646626165136,-1.2429551627484816,-1.7951629108180285,0.6912646626165136,-1.2429551627484816,-1.7951629108180285,0.6912646626165136,-1.2429551627484816,-1.7951629108180285,0.6912646626165136,-1.2429551627484816,-1.7951629108180285,0.6912646626165136,-0.959125157859073,-1.0658415036609334,0.6912649781800779,-0.9745319248744465,-1.1399271532830912,0.6849639745308105,-0.9646106611040794,-1.2080928081029625,0.6783421440748308,-0.9511819989186978,-1.2599018903638388,0.6727405689696471,-0.949640320265599,-1.3020366934897873,0.6669836222800288,-0.9056151143652187,-1.2200137538845044,0.6738396779735768,-0.8553401984697366,-1.2632216405111667,0.6645580188935288,-0.8247484958342419,-1.2839772744398128,0.6592712965675337,-0.8010913384404728,-1.2971374256158208,0.6566807955822914,-0.8828476306923588,-1.1868742167911552,0.6705601785840257,-0.8309232488300835,-1.2377457579534934,0.6649600397957829,-0.7989149338711499,-1.2653136627823023,0.6621665856206843,-0.7742101321618714,-1.283256799833184,0.6601764478442558,-0.8678989601329682,-1.1489980136834925,0.6671520453153837,-0.8215880812714577,-1.2020485647367738,0.6616516942729592,-0.7927307255693877,-1.2326640426442634,0.6586601904448396,-0.7708594160619997,-1.254669783569625,0.6565905248818767,-0.858239265419701,-1.1094600733977056,0.6635844837622409,-0.8221925007336776,-1.1510864290232943,0.6586521656941774,-0.8000607043377717,-1.1774601080795766,0.6583407667769666,-0.7817361678280059,-1.1992591705141817,0.6591009494149722,0.4747709964178941,0.054546545392927116,0.08967957962262338,-0.4747709964178941,-0.054546545392927116,-0.08967957962262338,0.7118602842780041,0.9127952267539728,-0.3595892672053218,-0.7011937767565293,0.8530982340038623,-1.0096552753746675,0.5505885222600949,1.2888379437294537,-1.5590185162241934,-0.4858646503514953,0.8240316865858003,-3.0563325089384104
Aliya,Thank you,-1.1945327438179865,-1.6855057447764745,0.6789197421607062,-1.1955484979079898,-1.6917610500421738,0.6769818282907779,-1.193871645152667,-1.6986605807515514,0.6754878251070068,-1.1916969810378233,-1.7036067212013568,0.6743789619828441,-1.1900958542594282,-1.7074963267639394,0.6730924319579427,-1.191339362908326,-1.6971834427795067,0.6739125111147981,-1.186110521165106,-1.7028609944122508,0.6714880094824299,-1.1824013493897843,-1.7068424977007668,0.6700540815914117,-1.1793394167544802,-1.7099092769210333,0.669226107812731,-1.1892566651454612,-1.6941657827103613,0.6737888426981296,-1.1836660601664772,-1.700520175432733,0.671841163341882,-1.179704179103702,-1.705170872932203,0.6706881137430003,-1.176547873269331,-1.7087285433810486,0.6698026849677051,-1.1877432486794515,-1.6910810164879428,0.6736849558081295,-1.1827343255180827,-1.6970538890916218,0.6717298824253758,-1.1790586381492971,-1.7012874315506084,0.670789892381818,-1.1760858097652584,-1.7045844106906567,0.6702028463519213,-1.1866772877743654,-1.6880717477605596,0.6735518090662725,-1.1829517958489058,-1.6919622266984675,0.6718317343026844,-1.1802324779253575,-1.6950403231172784,0.6712660170830922,-1.1781090837250325,-1.6974280808418452,0.6709165026868459,-0.9247744523066963,-1.124393393339939,0.6789199199808369,-0.9411156826615784,-1.1805714568501957,0.6688542217743607,-0.9333943702677094,-1.2336428172187255,0.6597837575936057,-0.9212723072095033,-1.2755644938553439,0.6522099211403274,-0.9182252028424869,-1.3125208373173953,0.6439140660317859,-0.8818274880957433,-1.240977971867073,0.6551173855494044,-0.8354067443977568,-1.2718680662027542,0.6437209669216752,-0.8072345458226303,-1.2843910527705338,0.6361943241777988,-0.7843955420069368,-1.2932449011244096,0.6316015782257492,-0.8631074256126872,-1.2105998492989063,0.6529860746680951,-0.8152793517557249,-1.2470503571259381,0.6454350548433455,-0.7859853583501156,-1.2659615785939198,0.6407092531404418,-0.7622899955026549,-1.278989091686306,0.6365688344584197,-0.851622193263306,-1.1770671768033565,0.6506069403603453,-0.8082895516588539,-1.215008329898966,0.6433910612355187,-0.782711952791874,-1.2354614740493202,0.6397940818993911,-0.7620816426580632,-1.2499476210940588,0.6368175831560785,-0.8444714840169701,-1.1424924708507254,0.6477897252823247,-0.8115289704488384,-1.1703568837968341,0.6416931430727374,-0.791431854040662,-1.1893098610327844,0.6408408842574174,-0.7743125128683496,-1.2055849775048668,0.6405597213664618,0.4738744278486031,0.05200545976970204,0.09272731620905847,-0.4738744278486031,-0.05200545976970204,-0.09272731620905847,0.6905826492471767,0.9244391913665256,-0.22926895983966714,-0.7030319085450206,0.8455096696859932,-0.7846479413832324,0.5383219770534431,1.3424490677619756,-1.2296882116823005,-0.5144817963895595,0.9776125978801303,-2.5115281495895054
Aliya,Thank you,-1.2140842560010068,-1.6848582612492864,0.682257633939409,-1.21559801681217,-1.68690398636462,0.6809852084469415,-1.2162280596183492,-1.6895554809823041,0.6800265165556137,-1.216243375626074,-1.6919358399459516,0.6792510538494364,-1.2165030101817795,-1.6943312394181438,0.6784076103312003,-1.2134066534617531,-1.6895959118763675,0.6798149177034677,-1.211164320381208,-1.6917251950196401,0.678866433969795,-1.2098164799436035,-1.692770719965182,0.6782951209196371,-1.2086872318294037,-1.6936275716394729,0.6779302647318878,-1.2121747354571937,-1.688016385361826,0.6799200928896841,-1.2098433486561337,-1.6904280813647607,0.6792547677292318,-1.2084163470622287,-1.6917159582546268,0.6789481071704916,-1.207255198207249,-1.6926677928363947,0.6786241649928026,-1.2112986893501232,-1.686410687219135,0.6799681083476267,-1.2093646136517349,-1.6884689392107257,0.6793570825273486,-1.2081157020320523,-1.689659818158767,0.679156802761467,-1.2070414886502905,-1.6907158835282656,0.6789369542173782,-1.2106819983298494,-1.6848492658437855,0.6799423654501892,-1.20930827208457,-1.6861237044076578,0.679388569026926,-1.2084750593514433,-1.687091238472954,0.679268362859514,-1.207810498165302,-1.6880554538449586,0.6791412696095759,-0.9043629740749167,-0.9566616213708062,0.6822579622755808,-0.9257706498967425,-1.0401590145812472,0.6789660264543412,-0.9159070289476908,-1.1161066048989257,0.6745533370262438,-0.9016981684651185,-1.173347862541258,0.6704151050282664,-0.9008173998553896,-1.2179564927854052,0.6661511044294863,-0.8433757602254147,-1.1349648916126027,0.6740235806460178,-0.7862571971382136,-1.1756797986181455,0.6679948432845801,-0.7521606078914757,-1.1941140227437266,0.6629899511998749,-0.7256088202916079,-1.2055127325062598,0.6601567881839656,-0.8169428577492358,-1.099738401404121,0.6701148645882792,-0.7587233004058056,-1.146181892099402,0.6699860954963985,-0.7230421403384707,-1.1708727352831856,0.6687719556894558,-0.695005041189824,-1.1856230419446638,0.6667872768326967,-0.8000282635093359,-1.0581284826032487,0.6658810548293917,-0.7483991447567064,-1.1066929642593504,0.6656029261482507,-0.7161266722495718,-1.134037051024968,0.664511693842508,-0.6916498294161371,-1.1533435668291638,0.6624626249235493,-0.7901420395351462,-1.0143577640778518,0.6613703817969433,-0.7517904235149119,-1.053266044766089,0.6616035296460467,-0.7288782159803439,-1.077897276577151,0.6644369331695187,-0.7113583645950177,-1.0973787595582953,0.6665339778225422,0.471308319751962,0.05431569909023708,0.11595846385523263,-0.471308319751962,-0.05431569909023708,-0.11595846385523263,0.6908752930530402,0.9027186778514793,-0.21764478096464687,-0.7090514336141316,0.8353552597527268,-1.1205750228856106,0.5793151972472184,1.3906194035330224,-1.2123361182510977,-0.4731328227061454,0.6905180227532303,-3.1012107622848424
Aliya,Thank you,-1.1338037855316396,-1.5932261405782933,0.5835499725947864,-1.1338037855316396,-1.5932261405782933,0.5835499725947864,-1.1338037855316396,-1.5932261405782933,0.5835499725947864,-1.1338037855316396,-1.5932261405782933,0.5835499725947864,-1.1338037855316396,-1.5932261405782933,0.5835499725947864,-1.1338037855316396,-1.5932261405782933,0.5835499725947864,-1.1338037855316396,-1.5932261405782933,0.5835499725947864,-1.1338037855316396,-1.5932261405782933,0.5835499725947864,-1.1338037855316396,-1.5932261405782933,0.5835499725947864,-1.1338037855316396,-1.5932261405782933,0.5835499725947864,-1.1338037855316396,-1.5932261405782933,0.5835499725947864,-1.1338037855316396,-1.5932261405782933,0.5835499725947864,-1.1338037855316396,-1.5932261405782933,0.5835499725947864,-1.1338037855316396,-1.5932261405782933,0.5835499725947864,-1.1338037855316396,-1.5932261405782933,0.5835499725947864,-1.1338037855316396,-1.5932261405782933,0.5835499725947864,-1.1338037855316396,-1.5932261405782933,0.5835499725947864,-1.1338037855316396,-1.5932261405782933,0.5835499725947864,-1.1338037855316396,-1.5932261405782933,0.5835499725947864,-1.1338037855316396,-1.5932261405782933,0.5835499725947864,-1.1338037855316396,-1.5932261405782933,0.5835499725947864,-0.882712621418873,-0.9253097948020297,0.5835502780124943,-0.8969487548410442,-0.9999688152315974,0.5794951503077601,-0.8891203854958555,-1.0669789013441993,0.5736500772907513,-0.8778710584839841,-1.1176676383506292,0.5682502851590442,-0.8771496152197178,-1.1574425890547095,0.5627751776520001,-0.832977984413329,-1.0810640177021775,0.5706890728032938,-0.7845613937317893,-1.121251779800982,0.5623268708561293,-0.7544896836704158,-1.1381671825964914,0.5566204635847007,-0.7317674786019185,-1.1482531644326,0.5536931691839004,-0.8121111370171056,-1.0496559226064757,0.5668435681452432,-0.7622018252464624,-1.0949588368926815,0.5634152767530108,-0.7308076072442957,-1.1173651033209064,0.5610847501648586,-0.7069964127337381,-1.1310692747594862,0.5589264023561681,-0.7982400776088087,-1.0135735610472216,0.5628846059835388,-0.7538731542703616,-1.0607321648234267,0.5599748044296846,-0.725276458331765,-1.0853432048090736,0.558472699166228,-0.7042659949909437,-1.1020877336803783,0.5567703303569199,-0.7896406038930301,-0.9763127050646384,0.5587410998264382,-0.7565393155678902,-1.0145323613102468,0.5567709282951753,-0.7358027214135681,-1.0360144920274938,0.5586991880661039,-0.7198491720010353,-1.052584677120134,0.560584814748753,0.44524484825688215,0.06144196332003711,0.17044074965499428,-0.44524484825688215,-0.06144196332003711,-0.17044074965499428,0.652478198717625,0.8472187035862198,-0.04077499591243733,-0.6669205265765558,0.8210635682615733,-1.0695371816189458,0.5625055619751624,1.339424009315443,-0.9202341214834132,-0.4782280052778528,0.728208208441841,-2.9218598139031964
Aliya,Thank you,-1.16896421165833,-1.6689107946465433,0.6709457295799871,-1.16896421165833,-1.6689107946465433,0.6709457295799871,-1.16896421165833,-1.6689107946465433,0.6709457295799871,-1.16896421165833,-1.6689107946465433,0.6709457295799871,-1.16896421165833,-1.6689107946465433,0.6709457295799871,-1.16896421165833,-1.6689107946465433,0.6709457295799871,-1.16896421165833,-1.6689107946465433,0.6709457295799871,-1.16896421165833,-1.6689107946465433,0.6709457295799871,-1.16896421165833,-1.6689107946465433,0.6709457295799871,-1.16896421165833,-1.6689107946465433,0.6709457295799871,-1.16896421165833,-1.6689107946465433,0.6709457295799871,-1.16896421165833,-1.6689107946465433,0.6709457295799871,-1.16896421165833,-1.6689107946465433,0.6709457295799871,-1.16896421165833,-1.6689107946465433,0.6709457295799871,-1.16896421165833,-1.6689107946465433,0.6709457295799871,-1.16896421165833,-1.6689107946465433,0.6709457295799871,-1.16896421165833,-1.6689107946465433,0.6709457295799871,-1.16896421165833,-1.6689107946465433,0.6709457295799871,-1.16896421165833,-1.6689107946465433,0.6709457295799871,-1.16896421165833,-1.6689107946465433,0.6709457295799871,-1.16896421165833,-1.6689107946465433,0.6709457295799871,-0.9948915194727291,-1.2283987656352384,0.670945911094167,-1.008792714014777,-1.273699205080043,0.6662222936075873,-1.0045668556498837,-1.315866498416994,0.6633872018550602,-0.98941751693024,-1.3450627289131867,0.6615736612235921,-0.9753563845632772,-1.3638292554346507,0.6601325662280783,-0.9707731061181981,-1.3250159929651522,0.6623676172860041,-0.9444381078490353,-1.357960647248177,0.6578810289487512,-0.9284540867192927,-1.375977716058765,0.6551517576921079,-0.9157330172798064,-1.3885363090670666,0.653714582794378,-0.9545791127017629,-1.307640170131439,0.6615719823480091,-0.9282988949414616,-1.3446779446225374,0.6588114009386024,-0.9117893711458684,-1.3666603925214034,0.656765318981653,-0.8985870776267663,-1.381945370629332,0.6552723889573786,-0.9432294673190176,-1.28842789839422,0.6605605319128689,-0.9197073365204939,-1.3239656582392223,0.6575759836382503,-0.9048346506577786,-1.3460966902482223,0.6553630234696157,-0.8929314484247312,-1.3624117921208823,0.6538168553898044,-0.9356973213025096,-1.26817616123198,0.6593397061214626,-0.9168502910620737,-1.2943223999904978,0.6564536148411267,-0.9050308193132122,-1.3112076926408702,0.6559526797897508,-0.8948124246422207,-1.324634871033155,0.6561803497787946,0.47022852176621016,0.049618118023247774,0.07559424160127319,-0.47022852176621016,-0.049618118023247774,-0.07559424160127319,0.666712784214994,0.8931800952510108,-0.30679117810535883,-0.6809498355568151,0.8540876753904731,-0.8978825844699236,0.5215812342874026,1.2565804471447841,-1.391544490459481,-0.5021018386097931,0.9446326488300811,-2.913635533492955
Aliya,Thank you,-1.162429343945153,-1.6471642255963967,0.6059502680997714,-1.162429343945153,-1.6471642255963967,0.6059502680997714,-1.162429343945153,-1.6471642255963967,0.6059502680997714,-1.162429343945153,-1.6471642255963967,0.6059502680997714,-1.162429343945153,-1.6471642255963967,0.6059502680997714,-1.162429343945153,-1.6471642255963967,0.6059502680997714,-1.162429343945153,-1.6471642255963967,0.6059502680997714,-1.162429343945153,-1.6471642255963967,0.6059502680997714,-1.162429343945153,-1.6471642255963967,0.6059502680997714,-1.162429343945153,-1.6471642255963967,0.6059502680997714,-1.162429343945153,-1.6471642255963967,0.6059502680997714,-1.162429343945153,-1.6471642255963967,0.6059502680997714,-1.162429343945153,-1.6471642255963967,0.6059502680997714,-1.162429343945153,-1.6471642255963967,0.6059502680997714,-1.162429343945153,-1.6471642255963967,0.6059502680997714,-1.162429343945153,-1.6471642255963967,0.6059502680997714,-1.162429343945153,-1.6471642255963967,0.6059502680997714,-1.162429343945153,-1.6471642255963967,0.6059502680997714,-1.162429343945153,-1.6471642255963967,0.6059502680997714,-1.162429343945153,-1.6471642255963967,0.6059502680997714,-1.162429343945153,-1.6471642255963967,0.6059502680997714,-1.0473633611202233,-1.3597543828522745,0.6059504070380082,-1.0531102891904907,-1.395829074422004,0.604776247999646,-1.0454287986483675,-1.4248912225290442,0.6036767716706768,-1.0302944663323497,-1.4415078124145715,0.6030137821013728,-1.017776466019115,-1.4468933068186378,0.602412838389169,-1.01953536775073,-1.4262313546102412,0.6007425484742794,-0.9959764444069183,-1.4422143058595494,0.5979486638003466,-0.9820215832042726,-1.4503855393980056,0.5963537277579309,-0.9713129081341615,-1.4557580274050563,0.5955589128817332,-1.0098451823079453,-1.4097738429945104,0.599321499615195,-0.9859458276182319,-1.4289936642121972,0.5977786998585777,-0.9713169463411574,-1.440031902289052,0.5969760518901157,-0.9599777944344178,-1.4475935841270895,0.5963875083170259,-1.004006635476851,-1.392455878112567,0.5980028147073848,-0.9829154980960517,-1.4124435343011996,0.5962700478404913,-0.9695359781516643,-1.424499621140875,0.5952135709212667,-0.9594450114784583,-1.4333464909866835,0.5945115075238079,-1.0011784856263903,-1.375369092318942,0.5967329963894077,-0.9847194213773757,-1.3908997102013334,0.5951273672789661,-0.9747520290942477,-1.4013392504147797,0.5951977940383393,-0.9666289099500348,-1.409731125235516,0.5956677091476112,0.46246895911758495,0.052674499966777505,0.16883054449402699,-0.46246895911758495,-0.052674499966777505,-0.16883054449402699,0.6859063389416489,0.8498077043990443,-0.07005369149415602,-0.6692220538599425,0.7936812585189176,-0.9149509510114243,0.5721260638447606,1.344676732183139,-1.0656785957417239,-0.5229380848931833,0.9488373759299731,-2.80635553476379
Aliya,Thank you,-1.1194074659601914,-1.6212622865183224,0.6891974843716309,-1.1202109378378637,-1.6225815271771424,0.6885221967478409,-1.1206207071189769,-1.6242026398527565,0.6879664560948857,-1.120974287007009,-1.6256887540166496,0.6874797476755625,-1.1212960855487961,-1.6270852478981819,0.6869250232488674,-1.1188544888136485,-1.6241218269116615,0.6878421305327816,-1.1177796637218864,-1.625267287873263,0.6872262919187816,-1.117052795178562,-1.6259904082757102,0.6867805235046589,-1.1164108081482782,-1.626639756194339,0.6864487851121516,-1.11797828585313,-1.6229397521873872,0.6877772581911287,-1.116685278795614,-1.6241815782796827,0.6873272422318979,-1.1158891700628433,-1.624999238258357,0.6870347651073523,-1.1151650217987648,-1.625745595554652,0.686742631120478,-1.1173966436653104,-1.6217131792909125,0.6876795169838793,-1.1162836861481358,-1.6227008730824855,0.6872287206790932,-1.1155464848311354,-1.6233824344779897,0.6870224481150579,-1.114827596601003,-1.6241754720369292,0.6868066561250451,-1.1170460243798257,-1.6204384119821673,0.6875464952159325,-1.1163442577745606,-1.6205989502039702,0.6871136523592712,-1.1158793314751108,-1.62100904104443,0.6869993444990973,-1.1154564865755074,-1.6216427826160962,0.6868793980675709,-0.9226146456634704,-1.157387923376206,0.6891977099173724,-0.9294733029751067,-1.2069834605664613,0.6806803806631382,-0.9176588101673427,-1.2517519212879784,0.6731315521363347,-0.9039263587735683,-1.287077222360166,0.6669220004028842,-0.8990579662808492,-1.3186201772499586,0.6603194276557236,-0.8781466007557508,-1.251377521176028,0.6702435281150212,-0.8371413625740018,-1.2713101188163918,0.6610937370588472,-0.8133860243232097,-1.2785331757597667,0.6551753283176515,-0.7952304018151158,-1.2832555957643073,0.6517709766001618,-0.8659517237284116,-1.223686975918843,0.6688734041560137,-0.8233243867147509,-1.2457315085787488,0.6628742795420183,-0.7983951806416097,-1.2564626683094187,0.659192577725807,-0.7794789865155551,-1.263723675918586,0.6561795373168839,-0.859505347890058,-1.1948140319806528,0.66729663570441,-0.820337253007047,-1.21821294556852,0.661707701615273,-0.7978807587225791,-1.2307734105816217,0.6589775419713607,-0.7808285155095194,-1.2398680168616782,0.6568248632143217,-0.8566083632466666,-1.1669395347532658,0.6653856141692414,-0.8268529198797875,-1.1840315214762598,0.6609264700291629,-0.809057484024355,-1.1949646284121205,0.6606675870350994,-0.7943504080360743,-1.2045794323246513,0.6608463322091355,0.4577293818292707,0.05323145186987097,0.1449735965205436,-0.4577293818292707,-0.05323145186987097,-0.1449735965205436,0.6584991707317476,0.8284372692635801,-0.10670840446627204,-0.6711949128200901,0.7627511837289461,-0.8368768069052989,0.5556665628791867,1.3466201103283524,-1.0895289135958186,-0.5267169094397571,0.9398230405890707,-2.4837135942311295
Aliya,YES,-1.8177056491951233,-1.833969993289412,0.049232608552281315,-1.8177056491951233,-1.833969993289412,0.049232608552281315,-1.8177056491951233,-1.833969993289412,0.049232608552281315,-1.8177056491951233,-1.833969993289412,0.049232608552281315,-1.8177056491951233,-1.833969993289412,0.049232608552281315,-1.8177056491951233,-1.833969993289412,0.049232608552281315,-1.8177056491951233,-1.833969993289412,0.049232608552281315,-1.8177056491951233,-1.833969993289412,0.049232608552281315,-1.8177056491951233,-1.833969993289412,0.049232608552281315,-1.8177056491951233,-1.833969993289412,0.049232608552281315,-1.8177056491951233,-1.833969993289412,0.049232608552281315,-1.8177056491951233,-1.833969993289412,0.049232608552281315,-1.8177056491951233,-1.833969993289412,0.049232608552281315,-1.8177056491951233,-1.833969993289412,0.049232608552281315,-1.8177056491951233,-1.833969993289412,0.049232608552281315,-1.8177056491951233,-1.833969993289412,0.049232608552281315,-1.8177056491951233,-1.833969993289412,0.049232608552281315,-1.8177056491951233,-1.833969993289412,0.049232608552281315,-1.8177056491951233,-1.833969993289412,0.049232608552281315,-1.8177056491951233,-1.833969993289412,0.049232608552281315,-1.8177056491951233,-1.833969993289412,0.049232608552281315,-1.4928612827876653,-1.45970506761394,0.049232472990564234,-1.4583234031379229,-1.4763523702935288,0.03788118025781372,-1.4339776346839455,-1.5081838148679414,0.030251225132249288,-1.4251878093727364,-1.5389011484186794,0.022828534254891963,-1.4197090980460152,-1.5634268713975983,0.016494745671237807,-1.4447904026463012,-1.56044822496781,0.03364762460709721,-1.4436285848730723,-1.5663777096581895,0.014118658166619887,-1.44347067592187,-1.544871766181032,0.0027492220926011754,-1.4438335787438774,-1.532752090423465,-0.002309118875150497,-1.4713568054547046,-1.562004156501385,0.03206483763883918,-1.469829027437298,-1.5569260354294967,0.014608602496303639,-1.4681246781239692,-1.5280692019877293,0.010077024685106756,-1.4684249648945744,-1.514585660611828,0.009438913581008112,-1.49734441860467,-1.5546872367188858,0.028645800419259466,-1.4945422988480483,-1.5489173709096768,0.012318718886177894,-1.490663481482187,-1.5212200579015533,0.017358642532076852,-1.4903697803709224,-1.5075136920799603,0.023933185067979573,-1.5226344770104794,-1.5420612604389414,0.024101585961377518,-1.5186037290048666,-1.5390018553662312,0.013310614786883551,-1.5129146539723066,-1.516893171306971,0.018351374485179088,-1.5114791608614135,-1.5040709413055244,0.024970062208176956,0.4271882292950904,0.07664342277192497,0.2119384899347291,-0.4271882292950904,-0.07664342277192497,-0.2119384899347291,0.5580100652833945,1.0187912772676384,-0.25127640947120733,-0.5767362521917432,0.9228758616775052,-0.9429677519946168,0.29691583027504614,1.0847689244287917,-1.4246767513466632,-0.18241272588023574,0.787325644118953,-2.1948978411635234
Aliya,YES,-1.8325374278957358,-1.872861349883063,0.22459342766186743,-1.8325374278957358,-1.872861349883063,0.22459342766186743,-1.8325374278957358,-1.872861349883063,0.22459342766186743,-1.8325374278957358,-1.872861349883063,0.22459342766186743,-1.8325374278957358,-1.872861349883063,0.22459342766186743,-1.8325374278957358,-1.872861349883063,0.22459342766186743,-1.8325374278957358,-1.872861349883063,0.22459342766186743,-1.8325374278957358,-1.872861349883063,0.22459342766186743,-1.8325374278957358,-1.872861349883063,0.22459342766186743,-1.8325374278957358,-1.872861349883063,0.22459342766186743,-1.8325374278957358,-1.872861349883063,0.22459342766186743,-1.8325374278957358,-1.872861349883063,0.22459342766186743,-1.8325374278957358,-1.872861349883063,0.22459342766186743,-1.8325374278957358,-1.872861349883063,0.22459342766186743,-1.8325374278957358,-1.872861349883063,0.22459342766186743,-1.8325374278957358,-1.872861349883063,0.22459342766186743,-1.8325374278957358,-1.872861349883063,0.22459342766186743,-1.8325374278957358,-1.872861349883063,0.22459342766186743,-1.8325374278957358,-1.872861349883063,0.22459342766186743,-1.8325374278957358,-1.872861349883063,0.22459342766186743,-1.8325374278957358,-1.872861349883063,0.22459342766186743,-1.559757912598243,-1.6378007341080707,0.22459347701896717,-1.524198229703569,-1.659289367675184,0.21391744090425055,-1.5017808965531114,-1.7044747682143997,0.21091990816673023,-1.4923858444489557,-1.7478440520469263,0.20835842138020566,-1.4846075434883952,-1.781295933366318,0.20602235300821897,-1.5225142404818837,-1.7434841460941235,0.21990641326587398,-1.5186979802046898,-1.7899130612731289,0.21100787737356091,-1.5177947677308168,-1.7998116210284087,0.20452222279189186,-1.516939037321426,-1.8050759776948258,0.20098349947338381,-1.5464014860887811,-1.7466807287572106,0.22069787624966006,-1.5451518811898044,-1.7931135146042905,0.21261337424039653,-1.5448333766829043,-1.7963498914444609,0.20741315405468685,-1.5446869492917752,-1.7970594919704042,0.2049279885731278,-1.5690239070977512,-1.7426738870149345,0.2197345516822368,-1.5687395413014995,-1.7867562074424315,0.21124480930877407,-1.5674712099697967,-1.7876855571107244,0.2103809067876852,-1.566579459324635,-1.7866902293296512,0.2111240404257702,-1.5904483486630887,-1.7334951432153787,0.2178709360336597,-1.5925084838777115,-1.7666894272549178,0.21108001353982173,-1.5914588229119027,-1.7665501644369106,0.21195329165541038,-1.5909806682191074,-1.7644350412442762,0.21409612897458358,0.44308705231722884,0.08387939600345677,0.18397141363639946,-0.44308705231722884,-0.08387939600345677,-0.18397141363639946,0.5933065259406408,1.053140966183634,-0.11155175040852444,-0.6075856626656555,0.8728077525025529,-0.7439404006429785,0.37870872493450153,1.276604483798918,-1.1168802097191102,-0.23974951225124988,0.6668407435495153,-1.7597171581989726
Aliya,YES,-1.881402606649716,-1.9113887167473396,0.30575255708873544,-1.881402606649716,-1.9113887167473396,0.30575255708873544,-1.881402606649716,-1.9113887167473396,0.30575255708873544,-1.881402606649716,-1.9113887167473396,0.30575255708873544,-1.881402606649716,-1.9113887167473396,0.30575255708873544,-1.881402606649716,-1.9113887167473396,0.30575255708873544,-1.881402606649716,-1.9113887167473396,0.30575255708873544,-1.881402606649716,-1.9113887167473396,0.30575255708873544,-1.881402606649716,-1.9113887167473396,0.30575255708873544,-1.881402606649716,-1.9113887167473396,0.30575255708873544,-1.881402606649716,-1.9113887167473396,0.30575255708873544,-1.881402606649716,-1.9113887167473396,0.30575255708873544,-1.881402606649716,-1.9113887167473396,0.30575255708873544,-1.881402606649716,-1.9113887167473396,0.30575255708873544,-1.881402606649716,-1.9113887167473396,0.30575255708873544,-1.881402606649716,-1.9113887167473396,0.30575255708873544,-1.881402606649716,-1.9113887167473396,0.30575255708873544,-1.881402606649716,-1.9113887167473396,0.30575255708873544,-1.881402606649716,-1.9113887167473396,0.30575255708873544,-1.881402606649716,-1.9113887167473396,0.30575255708873544,-1.881402606649716,-1.9113887167473396,0.30575255708873544,-1.6224872841136426,-1.676488081600002,0.3057524009185326,-1.5913180338843855,-1.7036009546689963,0.293360968234196,-1.5755720712149015,-1.7525462105594474,0.2891777911846382,-1.574177299078776,-1.7963090684017178,0.2849839331039964,-1.5703578968687295,-1.8297768421436964,0.28211933811194145,-1.6008865208090075,-1.7961498431637968,0.30263530006578493,-1.6029225420228652,-1.82118469818085,0.2865177150641464,-1.6005263946796455,-1.7967045122759706,0.27627565016645367,-1.598415362448202,-1.7762069100230948,0.27244221376240746,-1.624398782513842,-1.7923532172330734,0.30387811464314185,-1.6265723500354605,-1.811352594577602,0.288548424162819,-1.621832286632049,-1.7803761688181219,0.28304515885743275,-1.6183402581414044,-1.7582999419860736,0.28309039774964107,-1.6459754259561117,-1.7817976120873933,0.3022746814532805,-1.6485695282762163,-1.7991819408188545,0.2871367693421134,-1.6416260236345988,-1.7703091730049236,0.28938350122824025,-1.6370866725000761,-1.7493513003341858,0.29522030315086484,-1.6665428950559469,-1.7659998202443619,0.299576465445463,-1.6681651142630318,-1.7816578208847114,0.28980667993982373,-1.6603149984223646,-1.7616968084166789,0.2930876008227774,-1.6551448775506794,-1.7459092037577026,0.29892512925081727,0.45048318576476354,0.08617262052298848,0.17863287120791088,-0.45048318576476354,-0.08617262052298848,-0.17863287120791088,0.5905546816171903,1.048534371606127,0.04003810179527736,-0.6633429992400046,0.9039137124859352,-0.5909472254699936,0.5481121333733964,1.4216488810097,-0.8965043384494639,-0.4071466553417397,0.9130375029863936,-1.6442888815693841
Aliya,YES,-1.8445943842608987,-1.8780273809006256,0.29897553885119693,-1.8445943842608987,-1.8780273809006256,0.29897553885119693,-1.8445943842608987,-1.8780273809006256,0.29897553885119693,-1.8445943842608987,-1.8780273809006256,0.29897553885119693,-1.8445943842608987,-1.8780273809006256,0.29897553885119693,-1.8445943842608987,-1.8780273809006256,0.29897553885119693,-1.8445943842608987,-1.8780273809006256,0.29897553885119693,-1.8445943842608987,-1.8780273809006256,0.29897553885119693,-1.8445943842608987,-1.8780273809006256,0.29897553885119693,-1.8445943842608987,-1.8780273809006256,0.29897553885119693,-1.8445943842608987,-1.8780273809006256,0.29897553885119693,-1.8445943842608987,-1.8780273809006256,0.29897553885119693,-1.8445943842608987,-1.8780273809006256,0.29897553885119693,-1.8445943842608987,-1.8780273809006256,0.29897553885119693,-1.8445943842608987,-1.8780273809006256,0.29897553885119693,-1.8445943842608987,-1.8780273809006256,0.29897553885119693,-1.8445943842608987,-1.8780273809006256,0.29897553885119693,-1.8445943842608987,-1.8780273809006256,0.29897553885119693,-1.8445943842608987,-1.8780273809006256,0.29897553885119693,-1.8445943842608987,-1.8780273809006256,0.29897553885119693,-1.8445943842608987,-1.8780273809006256,0.29897553885119693,-1.5660686522320844,-1.6167012776783698,0.2989753667889146,-1.531449324025433,-1.634046568860961,0.28614498831050894,-1.5101988379736198,-1.6741182665624128,0.2804926353008646,-1.5068817153049034,-1.7113631664187416,0.2753668710649211,-1.505022307323503,-1.736437668321536,0.27177948279354247,-1.5306057661521795,-1.7167115268840365,0.2887279142588871,-1.5322479938056777,-1.7343343027822193,0.27134776009012557,-1.532658869758729,-1.7000392980865366,0.2622009117956361,-1.5317717898269023,-1.6806056119369386,0.258630071477744,-1.5563186928233124,-1.7151623798278095,0.28904436091231567,-1.556928591428457,-1.7272508232242676,0.27300299828445596,-1.5548831763880502,-1.6877859942106357,0.2701561057777683,-1.5538112799243329,-1.6691415487108048,0.2712119595548864,-1.5805964606529945,-1.7071081166697804,0.2868496992114176,-1.5809376430235509,-1.7183650618582536,0.2698953814674124,-1.5767484154141636,-1.6804500507920952,0.27557137054454917,-1.5750190330133471,-1.661208509799271,0.283296001585846,-1.6038408065019563,-1.6944497487529504,0.28370374483297744,-1.6034767734304067,-1.704591152995716,0.27328314517451946,-1.5976936215584483,-1.6767685597089275,0.2792817516735061,-1.5953801199751505,-1.6602081501889199,0.286627051599561,0.4420824176965319,0.08494607228627957,0.20200662957622845,-0.4420824176965319,-0.08494607228627957,-0.20200662957622845,0.5773778947081242,1.015413051528103,0.08665154676019779,-0.6360613613969228,0.8811343048475033,-0.6064532458834581,0.5360207568043258,1.363500551638359,-0.8343310896768862,-0.3717813172296766,0.8982318149184381,-1.5633065197165965
Aliya,YES,-1.7310228028354406,-1.7541852556280417,0.22071552555443863,-1.7308358005184412,-1.7542432186063746,0.2206501412633426,-1.7306056771086025,-1.7542326893247302,0.22060727700121568,-1.7304478392696943,-1.7542182208355568,0.2205705211487592,-1.7303430880015567,-1.754238102334951,0.22053614128346327,-1.7305541162698133,-1.7538751611124315,0.22065604731202912,-1.7304403565063653,-1.7536841726042602,0.2206162249026952,-1.7303904203124894,-1.753563676870122,0.22057690311933772,-1.7303561840737942,-1.753456311827748,0.2205465536855684,-1.730668083750419,-1.7537686417756284,0.22065542003596353,-1.7305661490280286,-1.7535919437133525,0.22063580182463557,-1.7305179166094116,-1.7534809164196599,0.22061133503949615,-1.7304858020531144,-1.7533775276771641,0.2205881852307872,-1.7307937328483305,-1.7536932750668561,0.22064702293172717,-1.7307106360938982,-1.7535367849166505,0.22062950185809402,-1.7306619659855558,-1.7534334060654484,0.22062863571309257,-1.7306307193902397,-1.753344715784694,0.22062508472916326,-1.7309281431592212,-1.7536439199864573,0.22063093228978284,-1.7308552863661062,-1.753503550171395,0.22061920650939842,-1.730808844271564,-1.7534218431436617,0.2206336226732443,-1.73077670993268,-1.7533484645848285,0.22064522859414423,-1.3797883653399823,-1.2967426993493176,0.2207153392897356,-1.3349756098442824,-1.3231716193355887,0.19836724897082855,-1.3047496293094378,-1.382112460796546,0.18786829453612466,-1.2994368831395595,-1.4364844930611622,0.179813824366053,-1.3018634887221412,-1.4762827806533538,0.17410701919671967,-1.3352895817157973,-1.452988786643111,0.19780863286650527,-1.3384991524105099,-1.4530525283331281,0.17378681621091155,-1.3366478399337467,-1.4271768160656686,0.1603979708702922,-1.3342437404240848,-1.4214973208686805,0.1539773484215988,-1.3727565773073838,-1.4508429054806682,0.19994056146295444,-1.3752153090825079,-1.4407736128119857,0.17835610044827463,-1.3688687396165102,-1.4070461107679166,0.17361967891119154,-1.3653552366482222,-1.4006812611408779,0.1732171081109297,-1.4065059100435904,-1.4363885164181176,0.19882074388817017,-1.4078755145473913,-1.4268020526054048,0.17799205496261897,-1.3986209777247132,-1.3947975028551975,0.18389812501652056,-1.3942671764074348,-1.387513003630107,0.19127789547274338,-1.43721916401583,-1.4154424132176466,0.1955686632858497,-1.437795763071945,-1.409258247647727,0.1817918557763277,-1.4272691012874141,-1.3834310933580667,0.18676350114812207,-1.4219203716124658,-1.3753628160747924,0.19365129965649097,0.42295581208391025,0.08562767185802941,0.23933109539732383,-0.42295581208391025,-0.08562767185802941,-0.23933109539732383,0.5537538117815346,0.9822015461793164,0.08930634265913996,-0.6574263606258709,0.842432365708592,-0.8359743717938574,0.5633025385301234,1.2891693464765217,-0.9100275080689159,-0.3659988101387879,0.6854496141324254,-1.9790125259258111
Aliya,YES,-1.8116675539113443,-1.8281395697052918,0.16225865723034638,-1.8116675539113443,-1.8281395697052918,0.16225865723034638,-1.8116675539113443,-1.8281395697052918,0.16225865723034638,-1.8116675539113443,-1.8281395697052918,0.16225865723034638,-1.8116675539113443,-1.8281395697052918,0.16225865723034638,-1.8116675539113443,-1.8281395697052918,0.16225865723034638,-1.8116675539113443,-1.8281395697052918,0.16225865723034638,-1.8116675539113443,-1.8281395697052918,0.16225865723034638,-1.8116675539113443,-1.8281395697052918,0.16225865723034638,-1.8116675539113443,-1.8281395697052918,0.16225865723034638,-1.8116675539113443,-1.8281395697052918,0.16225865723034638,-1.8116675539113443,-1.8281395697052918,0.16225865723034638,-1.8116675539113443,-1.8281395697052918,0.16225865723034638,-1.8116675539113443,-1.8281395697052918,0.16225865723034638,-1.8116675539113443,-1.8281395697052918,0.16225865723034638,-1.8116675539113443,-1.8281395697052918,0.16225865723034638,-1.8116675539113443,-1.8281395697052918,0.16225865723034638,-1.8116675539113443,-1.8281395697052918,0.16225865723034638,-1.8116675539113443,-1.8281395697052918,0.16225865723034638,-1.8116675539113443,-1.8281395697052918,0.16225865723034638,-1.8116675539113443,-1.8281395697052918,0.16225865723034638,-1.4201106037093982,-1.3860087335439395,0.16225847963216508,-1.3811529395962283,-1.4119239439245377,0.14705121878238758,-1.35490436188338,-1.4589008582962693,0.1387957590927138,-1.3467474939970572,-1.5008390426090803,0.13133893584730127,-1.345681201728811,-1.5307235089933855,0.12511470711380282,-1.3838346488385966,-1.5169676905591722,0.14534355740010585,-1.3817452444014675,-1.5258458553645888,0.12623634309502316,-1.3783890008507533,-1.504393031396861,0.11482400536741752,-1.3770265306779892,-1.493798530876406,0.10944837726500571,-1.4139502896339635,-1.5120003647014506,0.14561040346260748,-1.40918172721005,-1.5132179364154323,0.12826294701349927,-1.4033662624894305,-1.480067384266142,0.12336295702313188,-1.4030050993770762,-1.463288052057131,0.12237414738905705,-1.4413332655089737,-1.4982366125559083,0.14375998864954131,-1.4353756455688798,-1.4997355762799043,0.12742154611682632,-1.4275795821880242,-1.4683453237785062,0.13205143652452253,-1.4264782680664867,-1.4517966467838013,0.13817160918113203,-1.4669843157061355,-1.4791058124823362,0.14044688168803388,-1.4609856866358086,-1.482726532464053,0.13016297423848544,-1.4519055051000436,-1.4590634617356748,0.13521750596458362,-1.4496148449751582,-1.4446198794551912,0.14153848930109514,0.43031531620321484,0.09325755223871035,0.19617776925208907,-0.43031531620321484,-0.09325755223871035,-0.19617776925208907,0.5693345596527429,1.0454835961755033,-0.08316362317387481,-0.6925893559186739,0.8122882622819549,-0.8525150190558194,0.4666386824241471,1.2749710005463746,-1.1432666129277544,-0.4892078534505771,0.5733573661892898,-2.135272785204852
Aliya,YES,-1.7565395573810325,-1.7998121875779294,0.23414957612108292,-1.7565395573810325,-1.7998121875779294,0.23414957612108292,-1.7565395573810325,-1.7998121875779294,0.23414957612108292,-1.7565395573810325,-1.7998121875779294,0.23414957612108292,-1.7565395573810325,-1.7998121875779294,0.23414957612108292,-1.7565395573810325,-1.7998121875779294,0.23414957612108292,-1.7565395573810325,-1.7998121875779294,0.23414957612108292,-1.7565395573810325,-1.7998121875779294,0.23414957612108292,-1.7565395573810325,-1.7998121875779294,0.23414957612108292,-1.7565395573810325,-1.7998121875779294,0.23414957612108292,-1.7565395573810325,-1.7998121875779294,0.23414957612108292,-1.7565395573810325,-1.7998121875779294,0.23414957612108292,-1.7565395573810325,-1.7998121875779294,0.23414957612108292,-1.7565395573810325,-1.7998121875779294,0.23414957612108292,-1.7565395573810325,-1.7998121875779294,0.23414957612108292,-1.7565395573810325,-1.7998121875779294,0.23414957612108292,-1.7565395573810325,-1.7998121875779294,0.23414957612108292,-1.7565395573810325,-1.7998121875779294,0.23414957612108292,-1.7565395573810325,-1.7998121875779294,0.23414957612108292,-1.7565395573810325,-1.7998121875779294,0.23414957612108292,-1.7565395573810325,-1.7998121875779294,0.23414957612108292,-1.4230870480343245,-1.5396015506154042,0.2341495207611983,-1.386883805868336,-1.568722976384188,0.2268105616561572,-1.3659616725298982,-1.6200259664985757,0.224150223722709,-1.3607011198731715,-1.6657287399577065,0.22094696038339748,-1.3583553771546613,-1.6996341757889324,0.21839771349874337,-1.3887239567507679,-1.658719549707747,0.23026401767013827,-1.3856280157482925,-1.7048242341500204,0.2175998586625807,-1.381767687652811,-1.696244103041742,0.2101158565235885,-1.3813372323013027,-1.6875638075277768,0.20729092359525733,-1.4131310368000047,-1.6567572999024271,0.2290752006830401,-1.4105698681249113,-1.7004328306505014,0.21695591643106638,-1.4058153541863687,-1.679641619893827,0.21312552462249285,-1.4057686041930917,-1.663688630375717,0.21321685392329542,-1.4372039576874187,-1.6482071775714828,0.22624421460247718,-1.4342983439348052,-1.6861762726199387,0.21379243903236447,-1.4277666621350702,-1.6605490286700668,0.21804067287231463,-1.4266991999299476,-1.6398708373020499,0.22419891307215095,-1.4614262393512565,-1.6343587005876266,0.22292760632879186,-1.456517334545391,-1.6637802509424038,0.21534543368907383,-1.4488173821089942,-1.6442596011148516,0.22114488133642463,-1.4467391604722086,-1.626199240382342,0.22797763011484887,0.4259876692286642,0.08633126920996978,0.22018314599395525,-0.4259876692286642,-0.08633126920996978,-0.22018314599395525,0.5497325302249735,1.007962181293437,0.20072043301338138,-0.6577807723133042,0.8324204558888264,-0.6615767393105478,0.5767119590737146,1.4070846868729507,-0.6219355654123022,-0.4594152145072148,0.8276717071580193,-1.7096997733060715
Aliya,YES,-1.79933440294302,-1.82649477880254,0.20451870513753176,-1.79933440294302,-1.82649477880254,0.20451870513753176,-1.79933440294302,-1.82649477880254,0.20451870513753176,-1.79933440294302,-1.82649477880254,0.20451870513753176,-1.79933440294302,-1.82649477880254,0.20451870513753176,-1.79933440294302,-1.82649477880254,0.20451870513753176,-1.79933440294302,-1.82649477880254,0.20451870513753176,-1.79933440294302,-1.82649477880254,0.20451870513753176,-1.79933440294302,-1.82649477880254,0.20451870513753176,-1.79933440294302,-1.82649477880254,0.20451870513753176,-1.79933440294302,-1.82649477880254,0.20451870513753176,-1.79933440294302,-1.82649477880254,0.20451870513753176,-1.79933440294302,-1.82649477880254,0.20451870513753176,-1.79933440294302,-1.82649477880254,0.20451870513753176,-1.79933440294302,-1.82649477880254,0.20451870513753176,-1.79933440294302,-1.82649477880254,0.20451870513753176,-1.79933440294302,-1.82649477880254,0.20451870513753176,-1.79933440294302,-1.82649477880254,0.20451870513753176,-1.79933440294302,-1.82649477880254,0.20451870513753176,-1.79933440294302,-1.82649477880254,0.20451870513753176,-1.79933440294302,-1.82649477880254,0.20451870513753176,-1.4919750240889444,-1.5052742617367654,0.2045186605925332,-1.4666586369902221,-1.5204547642212007,0.19903764033108898,-1.4501842492453345,-1.5447337640015755,0.1956168523376599,-1.444605526844933,-1.565619000792965,0.19142651527146315,-1.4419256421966722,-1.5813860144546554,0.1879248259691466,-1.4619185976899542,-1.5788779553981147,0.1998182091449064,-1.460328527624193,-1.5935947217672917,0.1881601998549668,-1.4587572261606665,-1.5725858392117664,0.1813240383460341,-1.4589517088942539,-1.5573606999014045,0.17854950465037547,-1.4782423073487583,-1.5794300897193936,0.19767343654117028,-1.477134173274762,-1.5911307429758115,0.18663770472879565,-1.4750214485757562,-1.565055139541995,0.18345215838582432,-1.475686119601614,-1.5488663201405415,0.18305249985410374,-1.495061321902665,-1.575586470630183,0.19408060232647112,-1.4931724881084198,-1.5875681362831175,0.18312558148175348,-1.4897061292309872,-1.5617775549278015,0.18647511700373365,-1.4897245118645686,-1.5451930449777316,0.19104342649186715,-1.5124575423495135,-1.5681920514432133,0.190014142922934,-1.5093629043864978,-1.5799719667517225,0.18313000399824125,-1.504585621475613,-1.5606862653146383,0.18724422229857468,-1.5038199423631426,-1.5455124623324006,0.19198862794617236,0.4227458917004797,0.06367250713146125,0.23036385924191347,-0.4227458917004797,-0.06367250713146125,-0.23036385924191347,0.5764486890004691,0.9757849793958134,-0.006245144192143397,-0.58625597185688,0.8959909645962973,-0.8223283791112799,0.5137302149492987,1.1803434911621897,-0.9860407130431187,-0.3004404339300169,0.8953789437333478,-1.9222243902909706
Aliya,YES,-1.8538129331371853,-1.8799293813920939,0.25871998233142696,-1.8538129331371853,-1.8799293813920939,0.25871998233142696,-1.8538129331371853,-1.8799293813920939,0.25871998233142696,-1.8538129331371853,-1.8799293813920939,0.25871998233142696,-1.8538129331371853,-1.8799293813920939,0.25871998233142696,-1.8538129331371853,-1.8799293813920939,0.25871998233142696,-1.8538129331371853,-1.8799293813920939,0.25871998233142696,-1.8538129331371853,-1.8799293813920939,0.25871998233142696,-1.8538129331371853,-1.8799293813920939,0.25871998233142696,-1.8538129331371853,-1.8799293813920939,0.25871998233142696,-1.8538129331371853,-1.8799293813920939,0.25871998233142696,-1.8538129331371853,-1.8799293813920939,0.25871998233142696,-1.8538129331371853,-1.8799293813920939,0.25871998233142696,-1.8538129331371853,-1.8799293813920939,0.25871998233142696,-1.8538129331371853,-1.8799293813920939,0.25871998233142696,-1.8538129331371853,-1.8799293813920939,0.25871998233142696,-1.8538129331371853,-1.8799293813920939,0.25871998233142696,-1.8538129331371853,-1.8799293813920939,0.25871998233142696,-1.8538129331371853,-1.8799293813920939,0.25871998233142696,-1.8538129331371853,-1.8799293813920939,0.25871998233142696,-1.8538129331371853,-1.8799293813920939,0.25871998233142696,-1.5755728719618902,-1.6255059631432023,0.25871981837992025,-1.5438219382441367,-1.6439272341081779,0.2519106097170284,-1.520974926358113,-1.6800842270434173,0.24922926051187316,-1.5128568709584862,-1.7137279928114517,0.24547412613503578,-1.5080590016809077,-1.7396722055237823,0.24302038187869274,-1.5352618999706475,-1.721746036868551,0.2594804766654797,-1.5311900381292456,-1.7480166197625895,0.2458037001978391,-1.5307487948797684,-1.720327626003525,0.23792870187047524,-1.5322533717511018,-1.7009909923343307,0.23524739936731462,-1.5542328679461006,-1.7231005901782452,0.2577676428040225,-1.5499299614071245,-1.746721312022112,0.2443921014731083,-1.5486182598460392,-1.7125470845510478,0.2403979590208851,-1.5507995047755128,-1.69367349960185,0.2409219133305638,-1.57410598116053,-1.7196983215037356,0.2538768835060088,-1.5692451575264041,-1.7423875139925082,0.23957108262704843,-1.5665815107909238,-1.7085163932351062,0.24360937764838483,-1.568520944583972,-1.6890780468693227,0.25039946615417863,-1.5954055205115705,-1.712378535042932,0.24946259358651746,-1.5889882131156225,-1.7326211260501059,0.2406854306835026,-1.5841268296490298,-1.7081235262193721,0.24597368830045035,-1.5847555157895112,-1.6908101211612117,0.2528282446220156,0.43285174790695424,0.068411757056829,0.22531926456583035,-0.43285174790695424,-0.068411757056829,-0.22531926456583035,0.6032151214025451,0.9974867537899336,0.006776606994202102,-0.5523305421399537,0.9619553182962007,-0.8825461504056296,0.5899001256783647,1.3088499036149142,-0.9539833050917498,-0.11562440981383065,0.9008460597335454,-1.8882813893532135
Aliya,YES,-1.8006823982754323,-1.874505755903077,0.2464699468978623,-1.8006823982754323,-1.874505755903077,0.2464699468978623,-1.8006823982754323,-1.874505755903077,0.2464699468978623,-1.8006823982754323,-1.874505755903077,0.2464699468978623,-1.8006823982754323,-1.874505755903077,0.2464699468978623,-1.8006823982754323,-1.874505755903077,0.2464699468978623,-1.8006823982754323,-1.874505755903077,0.2464699468978623,-1.8006823982754323,-1.874505755903077,0.2464699468978623,-1.8006823982754323,-1.874505755903077,0.2464699468978623,-1.8006823982754323,-1.874505755903077,0.2464699468978623,-1.8006823982754323,-1.874505755903077,0.2464699468978623,-1.8006823982754323,-1.874505755903077,0.2464699468978623,-1.8006823982754323,-1.874505755903077,0.2464699468978623,-1.8006823982754323,-1.874505755903077,0.2464699468978623,-1.8006823982754323,-1.874505755903077,0.2464699468978623,-1.8006823982754323,-1.874505755903077,0.2464699468978623,-1.8006823982754323,-1.874505755903077,0.2464699468978623,-1.8006823982754323,-1.874505755903077,0.2464699468978623,-1.8006823982754323,-1.874505755903077,0.2464699468978623,-1.8006823982754323,-1.874505755903077,0.2464699468978623,-1.8006823982754323,-1.874505755903077,0.2464699468978623,-1.5465513956960497,-1.6328218547947309,0.24646981711461421,-1.5169454281547046,-1.6602619019325946,0.236498892922739,-1.502546148390624,-1.7056864475535776,0.2341042493383771,-1.5027708998775486,-1.746084734101148,0.23156043907153653,-1.5028538586670754,-1.7765097902531894,0.23036419717912981,-1.5252343997705862,-1.735072069971049,0.24613154456712213,-1.5261971376439873,-1.767918253684383,0.23291025255754685,-1.5239657180347956,-1.7471488443791785,0.22538883613821212,-1.5225326168283668,-1.7310400087728002,0.22308057655177735,-1.545508731814272,-1.7300731467200425,0.24715859970673984,-1.546647311652429,-1.7563423751187175,0.2336858457671888,-1.5423006174459777,-1.7267414018845482,0.2298361137431443,-1.5400287270041702,-1.7093924836964156,0.230835308879995,-1.5644442326445143,-1.720993105072419,0.24562168180317562,-1.565064097542703,-1.744204033102327,0.23175620127374424,-1.558952535854075,-1.7169584850927204,0.23503235078961676,-1.5560257820501158,-1.7005733497798687,0.2413820543092863,-1.5832600207299679,-1.708943608736447,0.24335835696187952,-1.582938334881611,-1.7300163558811399,0.23533241191214677,-1.5760312366655929,-1.7107636949463207,0.23988176788002713,-1.5725859052377977,-1.6968156611874814,0.24617070705453567,0.4454409851343078,0.057496192667141476,0.21258483835092443,-0.4454409851343078,-0.057496192667141476,-0.21258483835092443,0.6090044238477086,0.9983437509293327,-0.00046306301200652766,-0.5913791836196313,0.9174135572924345,-0.6980042986264071,0.5492423686930394,1.3077409349987001,-0.9638716348531754,-0.16861188095325916,0.8313560820249092,-1.649570119095966
Aliya,YES,-1.7860160110575078,-1.8422319491918284,0.3348898583455748,-1.7860160110575078,-1.8422319491918284,0.3348898583455748,-1.7860160110575078,-1.8422319491918284,0.3348898583455748,-1.7860160110575078,-1.8422319491918284,0.3348898583455748,-1.7860160110575078,-1.8422319491918284,0.3348898583455748,-1.7860160110575078,-1.8422319491918284,0.3348898583455748,-1.7860160110575078,-1.8422319491918284,0.3348898583455748,-1.7860160110575078,-1.8422319491918284,0.3348898583455748,-1.7860160110575078,-1.8422319491918284,0.3348898583455748,-1.7860160110575078,-1.8422319491918284,0.3348898583455748,-1.7860160110575078,-1.8422319491918284,0.3348898583455748,-1.7860160110575078,-1.8422319491918284,0.3348898583455748,-1.7860160110575078,-1.8422319491918284,0.3348898583455748,-1.7860160110575078,-1.8422319491918284,0.3348898583455748,-1.7860160110575078,-1.8422319491918284,0.3348898583455748,-1.7860160110575078,-1.8422319491918284,0.3348898583455748,-1.7860160110575078,-1.8422319491918284,0.3348898583455748,-1.7860160110575078,-1.8422319491918284,0.3348898583455748,-1.7860160110575078,-1.8422319491918284,0.3348898583455748,-1.7860160110575078,-1.8422319491918284,0.3348898583455748,-1.7860160110575078,-1.8422319491918284,0.3348898583455748,-1.6111538798351102,-1.7109777027241009,0.3348897811127997,-1.5925024850136034,-1.7212237994719797,0.32843541486391925,-1.5812359696185225,-1.7474922264273873,0.3271487468945446,-1.5808302254540254,-1.7713120039748833,0.32611285210637797,-1.581542585303795,-1.7892862459984489,0.3257080551851631,-1.596634463990123,-1.7678258607420443,0.33282189798848727,-1.596403135276205,-1.7852865280039656,0.32518767822017414,-1.5950245497539917,-1.7716619053459686,0.3208038785204305,-1.5942944853131913,-1.7612964738600714,0.31932664903794017,-1.608955719871699,-1.7655759171636967,0.3337077060868248,-1.6086895512102346,-1.7811318110205943,0.3261764090644278,-1.6062397127962982,-1.7624339862166736,0.32408376289326407,-1.605216505669912,-1.7503163277453766,0.32451147072333986,-1.6204810212136822,-1.7601367512272579,0.33318135874573995,-1.6206807893302908,-1.7758507384969995,0.3251356444163565,-1.6168934631109741,-1.7580428525182938,0.32706156938352293,-1.6153781292140263,-1.7459838654186426,0.33049856650455717,-1.63207153858587,-1.7524608538434159,0.3322115442847455,-1.6315313826655575,-1.765089395872528,0.32670172018616184,-1.6271551940092197,-1.7528849805124846,0.3287526960522403,-1.6250842131283045,-1.7434631281646615,0.3318912749006723,0.43347085236171945,0.06878023947264267,0.22394395570103293,-0.43347085236171945,-0.06878023947264267,-0.22394395570103293,0.5793010609623422,1.0034363829760886,0.02841509976942351,-0.5714678522947652,0.8860632094430054,-0.6505115141637482,0.4726890646864888,1.3221202782224666,-0.9124131242386678,-0.16426927653641707,0.939688158029953,-1.4992364564653242
Aliya,YES,-1.8126176222706192,-1.8630859873708583,0.37908613145992864,-1.8126176222706192,-1.8630859873708583,0.37908613145992864,-1.8126176222706192,-1.8630859873708583,0.37908613145992864,-1.8126176222706192,-1.8630859873708583,0.37908613145992864,-1.8126176222706192,-1.8630859873708583,0.37908613145992864,-1.8126176222706192,-1.8630859873708583,0.37908613145992864,-1.8126176222706192,-1.8630859873708583,0.37908613145992864,-1.8126176222706192,-1.8630859873708583,0.37908613145992864,-1.8126176222706192,-1.8630859873708583,0.37908613145992864,-1.8126176222706192,-1.8630859873708583,0.37908613145992864,-1.8126176222706192,-1.8630859873708583,0.37908613145992864,-1.8126176222706192,-1.8630859873708583,0.37908613145992864,-1.8126176222706192,-1.8630859873708583,0.37908613145992864,-1.8126176222706192,-1.8630859873708583,0.37908613145992864,-1.8126176222706192,-1.8630859873708583,0.37908613145992864,-1.8126176222706192,-1.8630859873708583,0.37908613145992864,-1.8126176222706192,-1.8630859873708583,0.37908613145992864,-1.8126176222706192,-1.8630859873708583,0.37908613145992864,-1.8126176222706192,-1.8630859873708583,0.37908613145992864,-1.8126176222706192,-1.8630859873708583,0.37908613145992864,-1.8126176222706192,-1.8630859873708583,0.37908613145992864,-1.68446945222003,-1.7525110478267945,0.3790860735412485,-1.6692400613970733,-1.7608950555763654,0.3748188163387268,-1.65917108284289,-1.7819816628672844,0.3736105649939281,-1.6570434126542153,-1.8017301320035053,0.37260256173143624,-1.6557338869346299,-1.816409842086182,0.37223814485903717,-1.6672293752354612,-1.7977640996820352,0.376449531203278,-1.6668061175690259,-1.8146762667592728,0.3704947920402336,-1.6666035693834789,-1.804203727175155,0.3675981719595432,-1.666231239909535,-1.79688026663052,0.36674694497059435,-1.6775415324566643,-1.7974807284423586,0.3767071072757573,-1.6770044160667938,-1.812307377262727,0.37131594957658764,-1.6761327847401433,-1.7989833751947673,0.3704285014610007,-1.6758690445357192,-1.7919174359881227,0.37097403384267064,-1.6876409193789057,-1.7949125979316993,0.37603735690311135,-1.686772711869794,-1.808217175512631,0.3703008096415946,-1.68501416659703,-1.7952321756091612,0.37270127131780273,-1.6846077125832564,-1.7878617368021659,0.3756974347899949,-1.697818337701643,-1.7908042298401925,0.3750983149811909,-1.6962187483347289,-1.8018209212822576,0.37146113207298975,-1.6937795925576418,-1.7923884044019582,0.37390810103291994,-1.6931785695010766,-1.7860344960251016,0.37681373286693826,0.43908044639966315,0.0662392570671365,0.22294321437934672,-0.43908044639966315,-0.0662392570671365,-0.22294321437934672,0.6220677672048933,1.001608476355406,0.037114793989317364,-0.5567241688453225,0.9235913634881646,-0.5912674105714831,0.5311531035547725,1.3302314189560704,-0.8886078088589088,-0.16075989850931147,1.0512924143821085,-1.4315176569327905
Aliya,YES,-1.8067828728643747,-1.8511392781438063,0.2698969823589303,-1.8067828728643747,-1.8511392781438063,0.2698969823589303,-1.8067828728643747,-1.8511392781438063,0.2698969823589303,-1.8067828728643747,-1.8511392781438063,0.2698969823589303,-1.8067828728643747,-1.8511392781438063,0.2698969823589303,-1.8067828728643747,-1.8511392781438063,0.2698969823589303,-1.8067828728643747,-1.8511392781438063,0.2698969823589303,-1.8067828728643747,-1.8511392781438063,0.2698969823589303,-1.8067828728643747,-1.8511392781438063,0.2698969823589303,-1.8067828728643747,-1.8511392781438063,0.2698969823589303,-1.8067828728643747,-1.8511392781438063,0.2698969823589303,-1.8067828728643747,-1.8511392781438063,0.2698969823589303,-1.8067828728643747,-1.8511392781438063,0.2698969823589303,-1.8067828728643747,-1.8511392781438063,0.2698969823589303,-1.8067828728643747,-1.8511392781438063,0.2698969823589303,-1.8067828728643747,-1.8511392781438063,0.2698969823589303,-1.8067828728643747,-1.8511392781438063,0.2698969823589303,-1.8067828728643747,-1.8511392781438063,0.2698969823589303,-1.8067828728643747,-1.8511392781438063,0.2698969823589303,-1.8067828728643747,-1.8511392781438063,0.2698969823589303,-1.8067828728643747,-1.8511392781438063,0.2698969823589303,-1.5706965106198705,-1.6532286891655879,0.2698968565578138,-1.5449979391758353,-1.6701052708378137,0.2622313307914865,-1.5283770206952958,-1.7056332069833202,0.26019348132544623,-1.5261503663268698,-1.7384429644593191,0.25822727449538163,-1.5240466477700885,-1.7629230375218654,0.2571383691069553,-1.5468473080403995,-1.7341877519455589,0.2666885532065402,-1.5451484807620601,-1.7572687098989617,0.25613294180184154,-1.5438055554824532,-1.740317200534249,0.2505125159636742,-1.5434771508676925,-1.7292498111915229,0.2486161852563301,-1.5639608770242273,-1.732202253238966,0.26688826708128915,-1.5627018487567053,-1.7525268948221897,0.2561669211515761,-1.560315194260118,-1.7255027448457003,0.25369396106441694,-1.5600533371090832,-1.7094340406348756,0.25463630900474454,-1.5802617756236141,-1.7257799478904865,0.26539131862041426,-1.57930595053059,-1.7454714727216414,0.25397444746431236,-1.575326426104563,-1.7199805764466836,0.2573348799846965,-1.5743909735909778,-1.704013083842377,0.26272818713360024,-1.596913103556077,-1.716338094095481,0.2634039362867544,-1.595662747147789,-1.7335199245599895,0.25609453640535035,-1.5905420146297624,-1.7168119696898823,0.2597629070342704,-1.588977840407914,-1.7046107442540923,0.2647720502987558,0.4368707462734154,0.07999227730462329,0.2089259769014734,-0.4368707462734154,-0.07999227730462329,-0.2089259769014734,0.575332323985143,1.0266756441236502,0.03771777365673755,-0.6194744515383024,0.868102701312173,-0.6534169758110207,0.4928115483685491,1.3613245236044367,-0.9232947213447316,-0.32600270393749625,0.9112293792511563,-1.655848535255455
Aliya,YES,-1.874303112107384,-1.9107586857203878,0.2524087388480134,-1.874303112107384,-1.9107586857203878,0.2524087388480134,-1.874303112107384,-1.9107586857203878,0.2524087388480134,-1.874303112107384,-1.9107586857203878,0.2524087388480134,-1.874303112107384,-1.9107586857203878,0.2524087388480134,-1.874303112107384,-1.9107586857203878,0.2524087388480134,-1.874303112107384,-1.9107586857203878,0.2524087388480134,-1.874303112107384,-1.9107586857203878,0.2524087388480134,-1.874303112107384,-1.9107586857203878,0.2524087388480134,-1.874303112107384,-1.9107586857203878,0.2524087388480134,-1.874303112107384,-1.9107586857203878,0.2524087388480134,-1.874303112107384,-1.9107586857203878,0.2524087388480134,-1.874303112107384,-1.9107586857203878,0.2524087388480134,-1.874303112107384,-1.9107586857203878,0.2524087388480134,-1.874303112107384,-1.9107586857203878,0.2524087388480134,-1.874303112107384,-1.9107586857203878,0.2524087388480134,-1.874303112107384,-1.9107586857203878,0.2524087388480134,-1.874303112107384,-1.9107586857203878,0.2524087388480134,-1.874303112107384,-1.9107586857203878,0.2524087388480134,-1.874303112107384,-1.9107586857203878,0.2524087388480134,-1.874303112107384,-1.9107586857203878,0.2524087388480134,-1.575350560997783,-1.654333180686585,0.25240869153284784,-1.539387311960961,-1.6773136778836906,0.24529108535458144,-1.5174201191362855,-1.7235366460471133,0.24286461009181204,-1.5108546269832475,-1.7668692579198173,0.24035272777805608,-1.5059612660294994,-1.798184444463904,0.23869095921570974,-1.535278963533758,-1.7562372617210662,0.24766718972018334,-1.5309088535202684,-1.7997799468319542,0.23665412643595016,-1.5284693761247,-1.7937241664771466,0.2313904851885211,-1.5278281377466467,-1.7894658575005173,0.22995681804621956,-1.5585938222609255,-1.757695247589907,0.247249123820274,-1.556022728211819,-1.8009292144852356,0.23710781481425897,-1.553169178888277,-1.7828357364824903,0.23530200062411255,-1.553144059154724,-1.7719083921867578,0.23653090696362947,-1.5817088712061314,-1.7537823270011124,0.2453586457488555,-1.5784218644339123,-1.7919403794562188,0.23480906351236452,-1.5739578560263687,-1.7709751477174525,0.2395794169519994,-1.5733306245998055,-1.7567969164489288,0.24568293768595054,-1.6049422325012705,-1.745989750565014,0.24310719317406776,-1.6017942243867498,-1.7779774653185236,0.23729558992234767,-1.5955958335799074,-1.763867704160996,0.2432055929213275,-1.5940999123510136,-1.7513894556979925,0.24974239520003075,0.4497116010647677,0.08849353250311909,0.1794864144386569,-0.4497116010647677,-0.08849353250311909,-0.1794864144386569,0.5959094049216326,1.0695428820788917,-0.07557741754092166,-0.6479248033450303,0.9095621965142059,-0.7430242594525723,0.45260433986017,1.378605586902791,-1.061657205089323,-0.31317464049130034,0.8143646147079089,-1.8520267166586843
Aliya,YES,-1.8566313720789827,-1.8830504804280805,0.24267122923300502,-1.8566313720789827,-1.8830504804280805,0.24267122923300502,-1.8566313720789827,-1.8830504804280805,0.24267122923300502,-1.8566313720789827,-1.8830504804280805,0.24267122923300502,-1.8566313720789827,-1.8830504804280805,0.24267122923300502,-1.8566313720789827,-1.8830504804280805,0.24267122923300502,-1.8566313720789827,-1.8830504804280805,0.24267122923300502,-1.8566313720789827,-1.8830504804280805,0.24267122923300502,-1.8566313720789827,-1.8830504804280805,0.24267122923300502,-1.8566313720789827,-1.8830504804280805,0.24267122923300502,-1.8566313720789827,-1.8830504804280805,0.24267122923300502,-1.8566313720789827,-1.8830504804280805,0.24267122923300502,-1.8566313720789827,-1.8830504804280805,0.24267122923300502,-1.8566313720789827,-1.8830504804280805,0.24267122923300502,-1.8566313720789827,-1.8830504804280805,0.24267122923300502,-1.8566313720789827,-1.8830504804280805,0.24267122923300502,-1.8566313720789827,-1.8830504804280805,0.24267122923300502,-1.8566313720789827,-1.8830504804280805,0.24267122923300502,-1.8566313720789827,-1.8830504804280805,0.24267122923300502,-1.8566313720789827,-1.8830504804280805,0.24267122923300502,-1.8566313720789827,-1.8830504804280805,0.24267122923300502,-1.5413885895211756,-1.6672274433597902,0.2426711391403568,-1.5065984480381842,-1.6916051788110062,0.23418865697325628,-1.4860765788943677,-1.7387052449085818,0.23173372022837505,-1.4845883344743762,-1.7824742013037176,0.22939168885685146,-1.4850033276371193,-1.814687830390785,0.228322207522841,-1.509055044522732,-1.7759892085255118,0.23876652314639782,-1.507610769939305,-1.8175272683456236,0.22695437143676034,-1.504767154229959,-1.8029768648318514,0.22102889489126082,-1.5046805209155159,-1.794139901119115,0.21938328261116188,-1.5325033961978891,-1.7740946376503153,0.23891246961366744,-1.5318252690810261,-1.8129828413488607,0.22798077874616135,-1.5267778832353183,-1.789775394912054,0.22577361541453564,-1.526090651588387,-1.7768082906036902,0.2270076993239116,-1.5551463034912032,-1.7666697100021416,0.23721104432134146,-1.5539777589748323,-1.802235134917381,0.22597371571381428,-1.5470227218032466,-1.7788268854142237,0.23086397755535598,-1.545515431311358,-1.7639741853188518,0.23722547894851487,-1.5779821638015148,-1.7553799002411845,0.23496573241885618,-1.576002454035835,-1.7840745499549437,0.22877946822063164,-1.5678746615845958,-1.7676687768975434,0.2347478252783862,-1.5653443990799445,-1.7543018231304712,0.2414964744224121,0.4443990128190799,0.08481709060808836,0.18705679686130763,-0.4443990128190799,-0.08481709060808836,-0.18705679686130763,0.5987789620496569,1.0564175929517976,-0.1112423691135176,-0.6169108886605125,0.8537612438229406,-0.7617319422966206,0.4244533754583718,1.2984104391400038,-1.094449404356298,-0.18217400806052636,0.6475900502247642,-1.7407784961986799
Aliya,hello,-1.1741151269947083,-1.6013325821219906,0.5839880541667132,-1.16615398454369,-1.623080136140541,0.5790195474104314,-1.1633779877520622,-1.652392822911002,0.576585610028324,-1.163113389081237,-1.673562918674744,0.5736660370611623,-1.164250799015943,-1.6872561359807388,0.5710936748431827,-1.1832705945973514,-1.680047179410425,0.5837959051230422,-1.1927791152282068,-1.7024364285633533,0.5776258888902973,-1.1943867805914894,-1.7113411220647259,0.5723266076735477,-1.1947718153776654,-1.71815316134473,0.5691037291639307,-1.1905568656947276,-1.675929189775988,0.5817773500697595,-1.200157106938885,-1.6991546194101754,0.576299295006272,-1.200277623244721,-1.708518443868366,0.5720788645936116,-1.1999278670709086,-1.7159884370397396,0.5696551903225454,-1.1973133200530046,-1.6671710991353383,0.5785280240029267,-1.205770630988582,-1.6890971987173067,0.5728187128692573,-1.2048874843099524,-1.6978835235657,0.5715575937968015,-1.203877332966757,-1.7047599554559292,0.5715195081346649,-1.2032750120111373,-1.6538988627913709,0.5746108989437767,-1.2110596018872333,-1.6717409176579128,0.5700825173026194,-1.2122184604603132,-1.6799109238176346,0.5704136296208396,-1.2125587014922388,-1.6860792165913832,0.5716317622408849,-1.0945693230122848,-1.339591152095547,0.5839880880075518,-1.063018794269053,-1.3820847763486137,0.5737051915295296,-1.0469186271824735,-1.4434658429800256,0.5724023409843552,-1.040324232240437,-1.4917487571463173,0.570073019159589,-1.0345902841912813,-1.5265192269508392,0.5681680855057162,-1.088347951601023,-1.503622825490268,0.5912658014729025,-1.0970979568079855,-1.5583857756045718,0.5828161007086806,-1.104427404370193,-1.587977375660906,0.573016673869459,-1.1109587024018595,-1.6111093470032158,0.5660285684080107,-1.107256542258311,-1.5014254868141237,0.5881516245936781,-1.1205984848155153,-1.5589449742828536,0.5805832895973192,-1.1287461115309574,-1.5893473830613403,0.5708186428764253,-1.1350021767887493,-1.6121784213965027,0.5641281444561609,-1.124321893990745,-1.4898797986041148,0.5820621113400039,-1.1388824824496182,-1.544006759635216,0.572716037919789,-1.1453373277432486,-1.571229973117927,0.5660968734962415,-1.1501389951162413,-1.5921420891949207,0.5623727375120092,-1.1405081046975434,-1.4683713249216004,0.5744143729309805,-1.1546234583284256,-1.5116674282011202,0.5663157224712908,-1.1627924462999264,-1.5358031060790522,0.5641164601091406,-1.168334099978287,-1.5555070863473954,0.5635244778234755,0.4796205369424999,0.05486178027595828,0.043217974841382574,-0.4796205369424999,-0.05486178027595828,-0.043217974841382574,0.6632902977192138,0.47217499716547223,-1.7067391350366272,-0.6801242172477487,0.7761422095450448,-1.4596985032168956,0.3653539334387761,0.2094999954410978,-3.6098634889155456,-0.4781726350842666,0.6945901059978706,-3.5092209059688653
Aliya,hello,-1.398228938673087,-1.7607285338211676,0.3961596079672469,-1.398228938673087,-1.7607285338211676,0.3961596079672469,-1.398228938673087,-1.7607285338211676,0.3961596079672469,-1.398228938673087,-1.7607285338211676,0.3961596079672469,-1.398228938673087,-1.7607285338211676,0.3961596079672469,-1.398228938673087,-1.7607285338211676,0.3961596079672469,-1.398228938673087,-1.7607285338211676,0.3961596079672469,-1.398228938673087,-1.7607285338211676,0.3961596079672469,-1.398228938673087,-1.7607285338211676,0.3961596079672469,-1.398228938673087,-1.7607285338211676,0.3961596079672469,-1.398228938673087,-1.7607285338211676,0.3961596079672469,-1.398228938673087,-1.7607285338211676,0.3961596079672469,-1.398228938673087,-1.7607285338211676,0.3961596079672469,-1.398228938673087,-1.7607285338211676,0.3961596079672469,-1.398228938673087,-1.7607285338211676,0.3961596079672469,-1.398228938673087,-1.7607285338211676,0.3961596079672469,-1.398228938673087,-1.7607285338211676,0.3961596079672469,-1.398228938673087,-1.7607285338211676,0.3961596079672469,-1.398228938673087,-1.7607285338211676,0.3961596079672469,-1.398228938673087,-1.7607285338211676,0.3961596079672469,-1.398228938673087,-1.7607285338211676,0.3961596079672469,-1.2286968737860844,-1.3804616909376024,0.3961598037868166,-1.211209502203856,-1.4001476551468717,0.38453274148714,-1.204485855184612,-1.432653330463357,0.38049250325915146,-1.2033776095562077,-1.4593968950601102,0.37721516292642593,-1.2018160101538038,-1.4797561261197862,0.3738991291318714,-1.2343087415080924,-1.465305501655638,0.3889302503515546,-1.2409416491587062,-1.4968998019304787,0.38088077834538137,-1.2455490801732267,-1.5153357888533188,0.37352485101722693,-1.2505813446901055,-1.5293919297022738,0.36835222209660573,-1.2476396472098532,-1.4616110627273513,0.38837787546374986,-1.256451481244829,-1.4953179321582457,0.3812909576232961,-1.262064319434009,-1.5160058569750188,0.3738999499086989,-1.2670701928184347,-1.5315073193311064,0.36866433285480255,-1.2586755089687554,-1.4520601621753648,0.386117752834301,-1.2689225094324799,-1.4833742546232105,0.3782907992530762,-1.274284529366358,-1.5027857456716442,0.3722739254383093,-1.278773801133114,-1.517951054621701,0.3685611219874832,-1.2679295596982394,-1.4368070793554584,0.38272692520186424,-1.2802683824825647,-1.4606726236915606,0.3751415115259275,-1.2878116514261644,-1.4756935828238769,0.37181078590986355,-1.293713971880797,-1.488570163431728,0.3701710982143897,0.4306885982285071,0.08068736734193825,0.20233260526898914,-0.4306885982285071,-0.08068736734193825,-0.20233260526898914,0.6530019632460787,0.4801781635243465,-1.2972882510602726,-0.6703599120045877,0.671114230861236,-1.3883796845239174,0.46085322552481844,0.3450781915132228,-3.229755209109872,-0.5410921666547771,0.873725630638201,-3.1613835855926893
Aliya,hello,-1.4049319987460211,-1.7593432987209243,0.3044363815700024,-1.4049319987460211,-1.7593432987209243,0.3044363815700024,-1.4049319987460211,-1.7593432987209243,0.3044363815700024,-1.4049319987460211,-1.7593432987209243,0.3044363815700024,-1.4049319987460211,-1.7593432987209243,0.3044363815700024,-1.4049319987460211,-1.7593432987209243,0.3044363815700024,-1.4049319987460211,-1.7593432987209243,0.3044363815700024,-1.4049319987460211,-1.7593432987209243,0.3044363815700024,-1.4049319987460211,-1.7593432987209243,0.3044363815700024,-1.4049319987460211,-1.7593432987209243,0.3044363815700024,-1.4049319987460211,-1.7593432987209243,0.3044363815700024,-1.4049319987460211,-1.7593432987209243,0.3044363815700024,-1.4049319987460211,-1.7593432987209243,0.3044363815700024,-1.4049319987460211,-1.7593432987209243,0.3044363815700024,-1.4049319987460211,-1.7593432987209243,0.3044363815700024,-1.4049319987460211,-1.7593432987209243,0.3044363815700024,-1.4049319987460211,-1.7593432987209243,0.3044363815700024,-1.4049319987460211,-1.7593432987209243,0.3044363815700024,-1.4049319987460211,-1.7593432987209243,0.3044363815700024,-1.4049319987460211,-1.7593432987209243,0.3044363815700024,-1.4049319987460211,-1.7593432987209243,0.3044363815700024,-1.0547218322100385,-1.0315799954130411,0.3044366424573332,-1.0206661285058445,-1.0888936044060535,0.28459132824225436,-1.0120566805885336,-1.1691022057323788,0.27856034126217105,-1.0147755775060048,-1.232960984741754,0.2733729241934582,-1.0156452261437006,-1.2790819315990993,0.26816715579526146,-1.0834180890242822,-1.228854685041368,0.2941845213646433,-1.1070082783223405,-1.2994794366241034,0.28105841191891545,-1.1243465053957293,-1.3424723469333295,0.2686996871036855,-1.14101933142178,-1.3766846930577206,0.2591211518012855,-1.117225340092443,-1.2144813399272556,0.2923491462292332,-1.1518854814938164,-1.282419640655881,0.27983450170915236,-1.1696882315154546,-1.3203352872446723,0.26747910492595806,-1.1850144029245726,-1.3495678880400979,0.2586624027178338,-1.1437748732030986,-1.1880508252945086,0.28734475460874526,-1.1812855701790417,-1.2505065394858765,0.2727366824469537,-1.1995920613484015,-1.287776697261102,0.26203236978698036,-1.214983984472197,-1.3176280258249375,0.2552626484820164,-1.163960360464477,-1.1511324030577068,0.280395799379122,-1.20275852902276,-1.1938844599914165,0.26550267586574755,-1.2243463397277676,-1.2187683915214573,0.2588896484858079,-1.2419444672252553,-1.2413579351079274,0.2554741650689486,0.4309780643042502,0.09880322693407637,0.20138872592147,-0.4309780643042502,-0.09880322693407637,-0.20138872592147,0.6662673926433257,0.5310242837543291,-1.330066390451283,-0.6569988650073347,0.7149318189053033,-1.6634218032562609,0.5062315884748776,0.4720539675728996,-3.2234230945466216,-0.512070469907323,0.6222295514505628,-3.6330047463731785
Aliya,hello,-1.326648477897221,-1.6532220904153443,0.33459935327024426,-1.3246470671858106,-1.6563753379192094,0.3328122527563565,-1.3239486589998273,-1.6617773114487662,0.33212087833745024,-1.3244141872038504,-1.6661275649873728,0.3314600917158196,-1.3258024109332955,-1.6691618714593865,0.3309223950346258,-1.3272688445511975,-1.6697472296729146,0.33455220464136076,-1.329046361320882,-1.6741799239981188,0.33342269823517273,-1.3295642801861591,-1.6759704509583297,0.33237809287667824,-1.3297769196693239,-1.6779156130405442,0.3317284086278679,-1.329848654739138,-1.6704563985547278,0.334452536893566,-1.3317558762307353,-1.6755506450910749,0.3335728482608022,-1.3324992072691502,-1.678194061884368,0.3325415679407853,-1.3327982365371616,-1.680736996215346,0.33179385535434797,-1.3325651559468876,-1.6697165796491078,0.3339728617409579,-1.334511848434098,-1.674782580922204,0.3329593995008258,-1.3350307167854287,-1.6775677180995152,0.33224267998758095,-1.3351834179510162,-1.6801573251951911,0.331806003121087,-1.335397264866683,-1.6676458978207473,0.333277484353616,-1.3387331349732647,-1.6715031668738551,0.33254248627080685,-1.3405519359079956,-1.673710553566878,0.3323227619691287,-1.341582574408704,-1.676038075679698,0.3322342681286673,-1.1125825891980043,-1.134076421392112,0.3345995357166012,-1.078273844801433,-1.1728877258061186,0.31905248964974187,-1.0618499759076456,-1.230356401878323,0.3147562745859281,-1.060380871242118,-1.2778389695475956,0.31127559242747865,-1.0591427660756423,-1.312569703195505,0.30740651254575263,-1.1062390407000684,-1.2861660732388012,0.3260123757024288,-1.1169249580328762,-1.343182199948074,0.3157778662152548,-1.1263793884230462,-1.3770401297875245,0.30614422742552194,-1.13593698759011,-1.4038787634292402,0.2989569846284632,-1.133185547025955,-1.2815322908725664,0.32453096569235845,-1.1466372289495979,-1.3432114384501546,0.315384575653849,-1.15743094701908,-1.3816209336743397,0.30469829624080796,-1.1673365058267013,-1.4115295547906324,0.29665911003777734,-1.1569281934850881,-1.2663274665482696,0.32068645651157085,-1.1711310206605186,-1.325917697047311,0.3090751346402212,-1.1793949635850416,-1.3619215137878977,0.298801085570661,-1.1863843937408334,-1.3898205660089873,0.2919222098277815,-1.1788925964672592,-1.2407247335389948,0.31556089506451973,-1.1970437272902137,-1.2833872286284251,0.3030566549219677,-1.2075994676022417,-1.3094159454984649,0.29685873862980044,-1.2159297213215352,-1.3312785170390096,0.29333276435419675,0.4332117185849514,0.09656825357750036,0.18777412935574428,-0.4332117185849514,-0.09656825357750036,-0.18777412935574428,0.626925886544355,0.5399540335153482,-1.2069964439673984,-0.6651031059363595,0.7237071728043525,-1.3628261025575694,0.5023486245572092,0.5816035893659395,-3.1311305458896403,-0.5602990996284992,0.8438251193131376,-3.152008474061839
Aliya,hello,-1.2939936783381134,-1.6579647196455891,0.4875627063636872,-1.291422783790977,-1.6630010126656805,0.487049095848756,-1.290683290286452,-1.67003605049199,0.4872667205116265,-1.2914532000140895,-1.6754639019796833,0.4870861683805611,-1.2928567174084893,-1.6790089907632495,0.48698414584469213,-1.297691046109755,-1.677452740346832,0.49052947656263446,-1.2994388727493256,-1.6847464626763802,0.49006827980116247,-1.300007198780581,-1.6888164447073915,0.4891506736776896,-1.3004843769819978,-1.692184073288174,0.4885351246261719,-1.2999576308372909,-1.6780021536948206,0.48974553541107074,-1.301373790511176,-1.6860253108645207,0.489547184193105,-1.3014024916116778,-1.6908129663043459,0.4885324198445009,-1.301257851642272,-1.694893539852376,0.4877547831531818,-1.3020280317160076,-1.6772500717453405,0.48852043457400324,-1.303450199663016,-1.6851599897353964,0.4880863146414263,-1.3033731331441978,-1.6899292982146368,0.4873250204126963,-1.3031166852298508,-1.6936799303992875,0.48680168631928894,-1.3041660664850312,-1.6752820098573404,0.48711328673039966,-1.306449491927832,-1.6820438956199641,0.4870496282927245,-1.3075465925648333,-1.6863866958966571,0.48718013484960004,-1.3081100105229018,-1.6898972035389073,0.48723954262193586,-1.1458661104015202,-1.3252804526382598,0.48756283745684814,-1.1206716569196136,-1.3560766862567886,0.47772633486856353,-1.1136269627130055,-1.4044779602483948,0.4769534631062222,-1.1150044327412287,-1.4414649442149037,0.47656472467490296,-1.1155586103844661,-1.46646708889664,0.4764554234231355,-1.1546364255313082,-1.4424246285316507,0.48860487881520226,-1.1654749470245769,-1.482092060257046,0.48380366174564626,-1.1734334472175616,-1.503408813794254,0.47777161076645996,-1.181250899503177,-1.5199194760186332,0.47314415776378194,-1.1737835572164779,-1.4369789171658258,0.4882389080127806,-1.1863971412072236,-1.4790925735194806,0.4845895305759666,-1.1945984489188113,-1.50353279819765,0.4782675187768023,-1.2019824089730065,-1.5225589333265437,0.4734771380059305,-1.1899997204527293,-1.4252070977449742,0.4858725826124493,-1.2032476474754707,-1.4655654546350085,0.48068997149239917,-1.210250446227407,-1.4895064136991745,0.4751825599398875,-1.216691949097031,-1.508591797607601,0.4714363381306098,-1.2037060866913603,-1.4064864801219732,0.48236640102384915,-1.2169564621724018,-1.4385819622747085,0.4769048780310035,-1.2252249354172342,-1.4573278392650608,0.47448414397367106,-1.2321281672516262,-1.4732621690634542,0.4731828883619572,0.444978616339818,0.08027016475089495,0.17462094678457074,-0.444978616339818,-0.08027016475089495,-0.17462094678457074,0.607432026114569,0.4173605659209284,-1.3626541950058737,-0.6545311189220471,0.7323293942153607,-1.2861447634267351,0.3885840897583937,0.3441355540304459,-3.3389165379691623,-0.5160403225893377,0.9171530707568252,-2.992346165021204
Aliya,hello,-1.2733982417436502,-1.628953776912737,0.4552738269018495,-1.2716677883468797,-1.6323028019386834,0.4548693586109027,-1.2698885302683358,-1.6384694220568787,0.45471672003465796,-1.268570263037524,-1.6432588166312851,0.45427786313084534,-1.2679709165554207,-1.6462783851591498,0.4538412630595761,-1.2729683153706326,-1.6462743100070394,0.4564835199470152,-1.2739655332183568,-1.6530717881322032,0.45552133024086466,-1.2743942352795554,-1.6568604118280401,0.4544131713814553,-1.2746690978480386,-1.6601331346517416,0.4536560920487,-1.2746766392773385,-1.6470183833935876,0.4556102646717502,-1.2759138753527786,-1.6545063018562356,0.45481672381518584,-1.2764513153294137,-1.659040211777043,0.4536195743287747,-1.276783667386133,-1.66309369322115,0.45273388094594086,-1.2767364111555188,-1.6467358581171425,0.4544516510554664,-1.2779523055127662,-1.6538715186974327,0.4535115214137406,-1.2782399979163486,-1.658380242547718,0.452594379532142,-1.2783474565861326,-1.662089957478799,0.4520006751331264,-1.2790838455881333,-1.6455500088770796,0.45318253219294613,-1.2809512256150415,-1.6514205841662315,0.4525674599444475,-1.2822716110718517,-1.6551724429353,0.45236580806549026,-1.2833689864891107,-1.658427864787663,0.45220677712017665,-1.0105903074440363,-1.0258005842607172,0.45527407023337146,-0.9669834147256414,-1.066152330584318,0.44124164643248553,-0.9385770471972071,-1.1305919656159256,0.43854937561390095,-0.9257547230586467,-1.1828153182945047,0.4355010287716462,-0.9196274720911607,-1.2207839822753928,0.4324893095743431,-0.9865890413777065,-1.2017023813822703,0.4575565476894305,-0.9890912430522112,-1.265294487149579,0.4491599217589152,-0.9904702926451617,-1.3007426004882263,0.43915242304136054,-0.9931161796060504,-1.3276573018863633,0.43174383635541574,-1.015888449835679,-1.2010508295377018,0.454833745471276,-1.0228526499891166,-1.2689228013063072,0.44812237921826675,-1.0270676444711053,-1.309024146039104,0.43706265885800855,-1.031079559939763,-1.3398609735103988,0.42878527500917246,-1.0432081150184473,-1.190340911733779,0.44895793603986145,-1.0516698494320156,-1.2558832668330175,0.43985760427777487,-1.0549802889530442,-1.2958389959828205,0.4300958852875183,-1.0574279529637962,-1.3268082766855507,0.4233725515912029,-1.0694303155103229,-1.1687158180532007,0.44137672264689887,-1.0861382346827808,-1.21828904595494,0.43167983659932574,-1.0965082908581891,-1.249150551928469,0.42703373497800995,-1.1042129150270368,-1.2749773621193274,0.4244436279405635,0.42893628535521017,0.07971314443445669,0.2114197570465312,-0.42893628535521017,-0.07971314443445669,-0.2114197570465312,0.598116312130073,0.4417491416005575,-1.3015785473640797,-0.652379810683229,0.6436423926214193,-1.4986195581857467,0.41648723576103747,0.32625219031683395,-3.196671448042771,-0.528611640516508,0.7089347225533712,-3.295891679825001
Aliya,hello,-1.258108238584238,-1.6424430931032061,0.5210800732916542,-1.2669386835111813,-1.6498083211616923,0.5196376468039849,-1.2749188838589687,-1.6601177435988954,0.5181653228499407,-1.2806738778565925,-1.667578358835206,0.5162605469070174,-1.2860066668318606,-1.6728414573113075,0.5143269517095729,-1.2754566689451723,-1.6725801560288045,0.5191851890684906,-1.2847024268849025,-1.6814565338026202,0.5152793805269342,-1.2902664435017794,-1.685868606231385,0.5121758592268616,-1.2940003735830727,-1.6898721815146531,0.5100977771234648,-1.2728673127390313,-1.6718603760587,0.5174425768645413,-1.282595674646774,-1.6759296782536477,0.513397940287771,-1.285598457671487,-1.6753047825071736,0.5115267006814899,-1.2860745601651278,-1.6763774851324043,0.5105065524536369,-1.2704971686181445,-1.6681362753196938,0.5152668160287665,-1.2796171371392868,-1.6713936447309747,0.5114774659845022,-1.2818275363340905,-1.6712981233354105,0.5116796937849536,-1.281836571804489,-1.6720575424183595,0.5123175263652736,-1.2683066593638437,-1.6626383403984235,0.5128689229785306,-1.2764002773606289,-1.6663393238497723,0.5102656096852577,-1.2797153503762966,-1.6680209151337304,0.5109024360988501,-1.2807976694218908,-1.6702768172472466,0.5118174131287041,-1.1341391967232886,-1.275330188987703,0.5210802531221419,-1.1016805947690809,-1.3080677124913183,0.5107594327078709,-1.0821001256104978,-1.3573265777573178,0.5085035943846051,-1.071734893213799,-1.397508727718369,0.5058271998537742,-1.0630904818432612,-1.4228453039426898,0.5033156654164218,-1.1236833243704338,-1.41212517813151,0.522120710448372,-1.1272578870220082,-1.461574116623621,0.516258371745524,-1.1303742369224417,-1.4879134332093646,0.509600545060897,-1.1343414727772432,-1.5085463317450476,0.5044070587172156,-1.146050505919081,-1.409879083766283,0.519866753217062,-1.1531189223852054,-1.4627539006233568,0.5149345618182788,-1.1568556523034634,-1.4924423366002053,0.5077389555327763,-1.16079369667684,-1.5153481224855287,0.5023565727101246,-1.165793760048776,-1.3993734821177921,0.5152915648988524,-1.1760306705734127,-1.4489899727721978,0.5083453898976772,-1.1804528853772793,-1.47784645664142,0.5014965201790395,-1.1844658461002124,-1.499925191159037,0.4968847347793838,-1.1833666950733954,-1.3807341026655362,0.5094480828502064,-1.2007054930620094,-1.4178258134162012,0.50211433824011,-1.21166479704936,-1.440958099831985,0.49877302629224557,-1.2206831622655292,-1.4609910633400762,0.49691351526616107,0.4608170629870204,0.0899014804331201,0.1145501447475707,-0.4608170629870204,-0.0899014804331201,-0.1145501447475707,0.6721160472691682,0.552495646011484,-1.3252427574883705,-0.714519524875337,0.6610062937535574,-1.289860890527308,0.4822627302621766,0.4876510331141219,-3.2612752459850505,-0.5968084384330271,0.778890601578904,-3.0874918468873873
Aliya,hello,-1.208796653832912,-1.5152533186940857,0.41679561085388334,-1.2058798265486055,-1.5277354079847878,0.41174239891812725,-1.2024181303511725,-1.5463562664957322,0.4090314081825251,-1.2007789858360896,-1.5606862339160643,0.40615335475272984,-1.2015159259459993,-1.5715696728562454,0.4032902318661411,-1.2052010743577117,-1.572460904704755,0.4137896424868419,-1.2106811986095214,-1.5904100025457601,0.40855761048798095,-1.2143047830175926,-1.5990710367003378,0.4039853275108758,-1.2168201989931744,-1.606197767877991,0.4008892272115495,-1.2069160537828694,-1.5719879518772402,0.41230363552459803,-1.2138612865706417,-1.5894257055010956,0.40777271764848166,-1.2175356412637732,-1.5975806651946194,0.4038517101430604,-1.2198907159489434,-1.6043885387861931,0.40098392614564987,-1.20954313801063,-1.5673076937287658,0.4098701619923199,-1.2156270724681295,-1.5826980631346215,0.4049178683691883,-1.217464684767607,-1.5902353470570458,0.4026885486614908,-1.2185222693294542,-1.5959440734259287,0.4014546492690059,-1.213020586989634,-1.5591923116284159,0.40688712147969924,-1.219316727012152,-1.5712907633425375,0.40271215963120677,-1.222581967479078,-1.5784245135751338,0.4019643420649139,-1.2249170986377307,-1.5841454233870333,0.40185309454364954,-1.0851246716442413,-1.177632753344768,0.4167958379471357,-1.0494247946127424,-1.2199951571421184,0.4011190633449207,-1.0316644276007636,-1.2870758299121103,0.3972896242210039,-1.0227002054166898,-1.340608562605115,0.3938821747645639,-1.013168889657278,-1.3756686752791678,0.39053095950343575,-1.0878464973665931,-1.3487585628817509,0.41329138767450235,-1.1009367334214968,-1.4094226271068397,0.40492556028056503,-1.1112577416833749,-1.4449756545380628,0.39562165094820534,-1.1213954924541056,-1.4731475187914354,0.3882896787792224,-1.1164457786901238,-1.3411731899336667,0.41149685133790526,-1.1344327087446446,-1.4053156660976243,0.40407007994089894,-1.1468410964649225,-1.4454739812585025,0.3937025095243694,-1.1580238297318513,-1.4768398296339635,0.3858971214481808,-1.1408999181918527,-1.323094358124721,0.40691206325148194,-1.1599505212135768,-1.3831649775078692,0.3966291553912235,-1.1696617100493223,-1.4193280269582376,0.3865452769616027,-1.1778764601350984,-1.4475322551383267,0.37983395984893714,-1.1618480162182927,-1.2946958242010684,0.40068647999694357,-1.186680513494399,-1.3349783748925343,0.3892662516152788,-1.2019836469419283,-1.3589693481563137,0.3835864836304987,-1.2139971402320675,-1.3793584641425003,0.3804704976356776,0.44785570994149826,0.09905036614402045,0.12573043270937365,-0.44785570994149826,-0.09905036614402045,-0.12573043270937365,0.6199095485777879,0.5448720484537645,-1.3535040210049367,-0.6690406311269571,0.6341934636785469,-1.6635007561567157,0.4696386053448205,0.548753678146016,-3.1487868815035296,-0.4844086396628274,0.5165516505033253,-3.749468500652142
Aliya,hello,-1.009686888060914,-1.2832978740085097,0.42648711669243977,-0.9881862448618177,-1.3099913755879535,0.41601804246257434,-0.9782548197578733,-1.3538005529471278,0.41224312932771917,-0.9753534333953362,-1.390531695480262,0.407908846572911,-0.9774386227736042,-1.4206405828648434,0.4040340776688945,-1.0177020801243515,-1.3913240869571608,0.4286307563139971,-1.0229518552248142,-1.432875540826421,0.4206517900893828,-1.0242091554687358,-1.4573408475454714,0.41318462555573454,-1.0259183235317866,-1.4753190331584611,0.4084889189257081,-1.0330819634283126,-1.3922791836116142,0.4268996377226916,-1.0396196467138428,-1.4395240000101253,0.4200337588512363,-1.0406637941948822,-1.4659964781077506,0.4127923280226911,-1.041882312877787,-1.4866536030985469,0.4081493371099398,-1.047996712885095,-1.3868228365755413,0.4225868341981995,-1.0536190399756349,-1.4314716963825898,0.41338691950634676,-1.0516168625159699,-1.4504805659032654,0.40775469314975843,-1.05076027883647,-1.4635237900048623,0.4053508270869532,-1.0619409011418828,-1.3744178215309886,0.4170734942494156,-1.0691212418970046,-1.407158580687317,0.40877602043596684,-1.071553009636938,-1.4228591688413283,0.4060503255615601,-1.0736045255214637,-1.4332099756989922,0.4054122888721857,-0.6449863443247036,-0.4638799566469704,0.4264873777167127,-0.5816214285403946,-0.5509284308608856,0.4040461355574857,-0.5549698472752488,-0.6748413792124562,0.3977094200874331,-0.5486535793173172,-0.7766910559041529,0.3886873530383006,-0.5500233381621414,-0.8617469047975529,0.3807164154632117,-0.6692578450947947,-0.7915446619048695,0.44362073773732646,-0.691598935380697,-0.9015213174825517,0.42859058908815295,-0.7025453011470258,-0.9642568424517436,0.41127083199611403,-0.7133962440717613,-1.0102415171231045,0.39926921475789695,-0.7183894316876178,-0.7857740509616765,0.436123332903627,-0.7484211129320876,-0.9103220276115254,0.42428340536832465,-0.7606098298540732,-0.9777376954199773,0.4066058800746664,-0.7712607065697477,-1.0286221998206733,0.39432365409678344,-0.7642244490526668,-0.7605156560639681,0.4218462161678065,-0.7918387378318582,-0.8766306490543188,0.4033852830825488,-0.7972171746458881,-0.9285183361382935,0.38921225614289606,-0.8029056978580912,-0.9650759851926187,0.38160688696614575,-0.8062396188926468,-0.7142412402661972,0.40448115865048445,-0.8415223652579691,-0.7973650514367151,0.3866995621029707,-0.8578553342308747,-0.8386330076566739,0.3810265218245192,-0.8720355293437175,-0.8686268410732405,0.3794247856907206,0.4578833034487166,0.05702319612573086,0.06374367167200949,-0.4578833034487166,-0.05702319612573086,-0.06374367167200949,0.5943699113423344,0.6839824046967321,-1.5185826448334,-0.596121002137547,0.7612597794684286,-1.722744017016498,0.27480802639316804,0.2783463819880794,-3.158402977309115,-0.3886014275493597,0.28355261874478205,-3.8800929418799357
Aliya,hello,-1.1554020718223121,-1.5346951734359333,0.4421363720924716,-1.1476547998179125,-1.5478916815512156,0.43606099565576156,-1.14395106913458,-1.5684558841307172,0.43326246551156145,-1.1423213501188225,-1.5854203245464844,0.43061168511826436,-1.1431390822915128,-1.5989746871906398,0.428009321599358,-1.1626377926498375,-1.5882955094223583,0.4391136404558062,-1.1665644185052542,-1.6101037604401771,0.43433901901889466,-1.1695861789705873,-1.624474941950539,0.4301446672978621,-1.172354512753541,-1.6358469034136989,0.4273134212452103,-1.1693311171643066,-1.5874612224952376,0.4383695086334218,-1.1745603932521416,-1.6112633221549375,0.43409400572127954,-1.1781128775954082,-1.6275027764129195,0.4298277584346441,-1.1811166182201527,-1.6409141902166773,0.42685615888017997,-1.1753380598465606,-1.5829487213295876,0.4365877483901889,-1.1811483216298218,-1.6046571389566484,0.43183657329799285,-1.183808353005885,-1.6184740556360786,0.42844038779682647,-1.1860465434867788,-1.629449784315578,0.4264813281669106,-1.1804412857553652,-1.5747082103570165,0.4342090545378083,-1.1874476022263156,-1.5905579746010858,0.42992595262842276,-1.1918537538742988,-1.6012920588476074,0.4281444021669379,-1.195285608290821,-1.6096618833200316,0.4272977460995237,-0.9525411355411387,-1.0527907031235602,0.4421365216607312,-0.9209572290561489,-1.1041604313488154,0.42495566545966995,-0.9085865830363344,-1.1736350179328194,0.4171864423629073,-0.9052121715109124,-1.2323199252133925,0.4094226436123307,-0.9039749546460533,-1.2810417261168878,0.40170880841143486,-0.9710164717878831,-1.236312499912327,0.4359672196386377,-0.9885482935188185,-1.3029214256851736,0.4235048250488917,-1.0010046857942296,-1.3417732082821063,0.4116080223709851,-1.0126598743069142,-1.3707228494395034,0.403086852187506,-0.9992286006656691,-1.2280124656481044,0.4324099456608691,-1.0237300740337836,-1.300302988233491,0.42194102353195473,-1.0401706823917907,-1.3430438108180418,0.40985395214117026,-1.0541123379205104,-1.375067143891243,0.4009675762401928,-1.023530030062198,-1.2075691049736728,0.4256184239134252,-1.0492164356263547,-1.2751931111890082,0.413214808208208,-1.0632753432992217,-1.3141495250333541,0.40244408301666484,-1.0748347740120245,-1.3440444262153282,0.39527904273792175,-1.0439112295520963,-1.1752072649029972,0.4170787264561052,-1.0755615197706463,-1.2182909034099516,0.40443354885999155,-1.0952629354499632,-1.2448565215156346,0.3984866010012595,-1.1117369346741526,-1.2664925628388533,0.39521026879431165,0.4481721063424459,0.059466848347773264,0.16040922008153555,-0.4481721063424459,-0.059466848347773264,-0.16040922008153555,0.632213178809074,0.6591297677951182,-1.2600599906162195,-0.6217934772593793,0.7007011153954683,-1.6138961488032766,0.3541123148650434,0.31676397917742605,-2.9422199480465885,-0.4292857188024589,0.34532228420190286,-3.623045499357578
Aliya,hello,-1.2245312608813335,-1.5842491573307353,0.38043983377831087,-1.213521517552505,-1.5926845111917216,0.37695377435243205,-1.206995539651268,-1.6103288452423608,0.3761944432994525,-1.2048714173434565,-1.6251006240942665,0.3749960755321299,-1.2063080950390848,-1.636965145097418,0.37395840905326466,-1.2225718466269246,-1.6284169457379682,0.38298507676168164,-1.223403446734752,-1.6456516389956997,0.38032544216825315,-1.2231123720906274,-1.655608808615074,0.3778141425013593,-1.2231491367944038,-1.662410344710283,0.3763627238364847,-1.229658205231255,-1.6306548885748937,0.3821600538174334,-1.2308971405695317,-1.6502156615856114,0.3796107357344793,-1.2301533845138009,-1.6597708418977455,0.37681406770350445,-1.2300418954422205,-1.666701917111359,0.375233733250096,-1.2369883788360887,-1.6303694136798652,0.38031907794521463,-1.2370134819627243,-1.6491055137089667,0.376553249975935,-1.2347081363458252,-1.6551686683501243,0.37422508701996476,-1.2339291024414067,-1.6587071060155973,0.37348304047438896,-1.244279988773441,-1.627292855764182,0.3780961527708493,-1.2450624309362954,-1.6426923370707434,0.374964773707095,-1.2441478736855376,-1.6498123651126098,0.37398773016100145,-1.2438553381456925,-1.6540037969472519,0.373913122940646,-0.7696692219079794,-0.6025566531493918,0.38044021748176504,-0.7132173445695935,-0.6916023695104297,0.3623988707171126,-0.6973112565868783,-0.816612007028894,0.3603582719502121,-0.6985536461525349,-0.917039690268853,0.35562477228210393,-0.7019029295913808,-0.9976458059475318,0.3519438249316209,-0.808903497712079,-0.906348338485041,0.4046806628633683,-0.8338223723806205,-1.0053322573001857,0.39515221134241996,-0.8432109038427721,-1.060000033947331,0.3818773622517583,-0.8512493174210247,-1.09535073200112,0.3729940703367771,-0.8564784918868368,-0.89490222586197,0.39876181785870446,-0.8884407992656707,-1.0048153842829175,0.39328186314280483,-0.8991104307237975,-1.0599494313382298,0.3806458818643314,-0.9077017992315721,-1.0995065902405379,0.3723140658910709,-0.8987253069066232,-0.8680371757246469,0.38641020788435637,-0.9331163991511173,-0.9735976811868078,0.37527079236684246,-0.9426002333223767,-1.0262854420404552,0.365801830208093,-0.9501305299532176,-1.0648919860883677,0.3606084560201648,-0.9353423182300281,-0.8234463084957705,0.371093111725484,-0.9760186229679876,-0.8993479984160738,0.3597087261708289,-0.9947440684107353,-0.9425610817769255,0.3572039824075603,-1.0090635720600556,-0.9773669548732692,0.35733720565757315,0.44674438437484154,0.07163436784997766,0.06533805447834791,-0.44674438437484154,-0.07163436784997766,-0.06533805447834791,0.6228346686034422,0.6932689611461993,-1.5785430286736695,-0.6023997092846983,0.6778236224098475,-1.8331494872855956,0.36783006463070483,0.20134673924566113,-3.198440811720883,-0.4266713939412165,0.10990561496185336,-4.022597883609052
Aliya,hello,-1.1741463805589236,-1.5302165683603288,0.5171918939146934,-1.1573737948595402,-1.5496672440984647,0.5098466905395342,-1.150447305244917,-1.5811553277252557,0.5082131434345785,-1.1493968244575876,-1.6069440804507356,0.5065674436830885,-1.1506519741777534,-1.6254157844934563,0.5053979380933685,-1.1792727978136193,-1.6134090674873738,0.5187536851289292,-1.1836527754353419,-1.6432014232813517,0.5137770234970479,-1.1856289294855358,-1.6608723268572547,0.5085097485045381,-1.1873689223803645,-1.6747270426293774,0.505014236350419,-1.191190533102371,-1.6123569634270547,0.5182767856295407,-1.1965240039487781,-1.6439838848355768,0.5142050985663288,-1.1985453221402145,-1.6628177130069959,0.5092264058079604,-1.2000939274088613,-1.6776843887921429,0.505984017256881,-1.2015007721663975,-1.6067340391061988,0.5161898136755512,-1.2062608135893271,-1.6358440296906611,0.5113834711833429,-1.2070502427171272,-1.6514243664090524,0.5081776567481704,-1.2078829011523975,-1.6632981496994241,0.5066521888309311,-1.210170647632632,-1.5961528920509256,0.5131172173701911,-1.2145128252034358,-1.6198528830077406,0.5091237112599676,-1.2163926261399427,-1.6326431088447448,0.508214492543553,-1.2175584345589086,-1.6424925207500956,0.5083438925529088,-1.019057271725454,-1.2521818951868606,0.5171919695955276,-0.9835296470882247,-1.2847983466801285,0.5059496823371741,-0.9667259303234201,-1.3424003974906968,0.5057933501260606,-0.9617087624259447,-1.3890557853294234,0.5051431027882022,-0.9590404780313131,-1.423477096658438,0.5051466544890314,-1.0181141125444,-1.4053162257484935,0.5261856553327728,-1.0247224091914713,-1.4575224290545703,0.5205259059544721,-1.0294761788123545,-1.4893402746540314,0.5130395747586046,-1.0341050418769455,-1.5147333991993925,0.5075086449221563,-1.0407522403276348,-1.4055966211707605,0.5242992433270742,-1.0498704115079183,-1.4645362098321366,0.5191861775936334,-1.0544302083235515,-1.500820200749138,0.5110482202191784,-1.057891517830654,-1.530159981554288,0.505480184540047,-1.061037332492822,-1.3972497666349806,0.5192639149032455,-1.0695706155275162,-1.4537253877564522,0.5108925702257476,-1.0708736441002538,-1.4843525501264396,0.5042466886147968,-1.0722763433803788,-1.5082252810626722,0.5008950865092845,-1.0794484179701467,-1.379637171041089,0.5126780382618007,-1.088104645696323,-1.4260294599302132,0.5046147543307044,-1.0915074056852718,-1.452351463238403,0.5018410224344045,-1.0934304702425717,-1.473828575254064,0.5011175519914148,0.46564409915875665,0.04199838650085084,0.12091879384343622,-0.46564409915875665,-0.04199838650085084,-0.12091879384343622,0.6156544484833989,0.32886713390730754,-1.7997740653325416,-0.6513127136844691,0.77804683817353,-1.5399755261431596,0.2282884544745063,0.09372520279773039,-3.740179440543493,-0.43798867114573636,0.8151853042206095,-3.4939753230955013
Aliya,hello,-1.2601735859637295,-1.6313856961374669,0.478770556889606,-1.2496611683158736,-1.6451236784001624,0.47601017216775215,-1.2451914410364553,-1.6670785847049387,0.47645968227990815,-1.2439588517620537,-1.6844854429017957,0.47658079167532447,-1.2420066186218195,-1.696398963559273,0.47690028850289734,-1.2596604227614518,-1.687917897534918,0.4831479772596239,-1.261691803364295,-1.707036884678519,0.48194176063924854,-1.2627677486638966,-1.7182537215687612,0.47960376026202683,-1.263648734785386,-1.728081286875627,0.477646633237298,-1.266532264882159,-1.688525376750442,0.4821046665688225,-1.2698099180053641,-1.7097056666580293,0.4811457707274735,-1.2713517144490638,-1.7230045564394656,0.4784054056623253,-1.2725989593837344,-1.7343601987178867,0.47623539694940314,-1.272718760178294,-1.6859310422240796,0.48005644751253523,-1.2760603800009884,-1.7062576161319598,0.47831782650267063,-1.2769515645536382,-1.7189012776328116,0.4758016750859922,-1.2774191791147997,-1.729673402472627,0.4739377439830231,-1.2788562144743414,-1.6798926485517918,0.4775289561314957,-1.2842824079305375,-1.695570229973424,0.4756278423305619,-1.2874720932717878,-1.7062320497152261,0.47451955531421713,-1.2899167310792634,-1.716215219040171,0.4737167137938727,-1.128114665205374,-1.376291110629219,0.4787706302398567,-1.098746972266028,-1.4097435576325208,0.46986635010018957,-1.0867233918625319,-1.462194479593462,0.4699317900934396,-1.0844682636698941,-1.5034498466536026,0.4697518273802721,-1.0808601121250174,-1.531673897218915,0.4699270989106776,-1.1275024985798008,-1.5096391075535611,0.4847965211824739,-1.1348598481610146,-1.5541108469715117,0.48119015449796576,-1.1398175322162098,-1.5799284678480614,0.47546078811668385,-1.144534000930815,-1.6016097026509748,0.4707292703681802,-1.1473381250165033,-1.5074602912136972,0.4832464737027105,-1.1574501707349354,-1.5567030560845465,0.4804192993189192,-1.1631901924280952,-1.587220998536557,0.47398804848067594,-1.1682034399510708,-1.6119429581600944,0.46893211374047433,-1.1647502758411337,-1.4979049149374297,0.4793235669681899,-1.1754470337045395,-1.5463520843925322,0.47439947461490056,-1.1797863957396517,-1.5760839859290867,0.4681404780865355,-1.1833131405241473,-1.6006644187391341,0.46366811220067794,-1.1811365736062276,-1.4801263323600746,0.4741667476332073,-1.19572420652446,-1.5171526175445813,0.46827533313143094,-1.2044419954935042,-1.5418065449575944,0.4649248223627705,-1.2113574342646127,-1.564179227690955,0.4627877985076784,0.4612338847066029,0.04646846998637675,0.12184896329307972,-0.4612338847066029,-0.04646846998637675,-0.12184896329307972,0.6483901451214704,0.39972227551765827,-1.7082066813628038,-0.6491372209756051,0.8293168158803312,-1.329106424497984,0.38748888192792447,0.20684020538047995,-3.825057799204454,-0.4902145879863929,0.9841251567769769,-3.1430029507397665
Aliya,hello,-1.1495331229092716,-1.4600658678877292,0.4909442372979676,-1.1308959633211317,-1.4769132620222059,0.4864875819693786,-1.119943311896737,-1.5042917504508189,0.48634841416463803,-1.1146393428310954,-1.5267406352389903,0.4855098558952477,-1.1113730785548184,-1.5427403851017991,0.48506240403156176,-1.1450381776055027,-1.53734480951721,0.4982867736530968,-1.1467438891497725,-1.563932305024945,0.49610453370670377,-1.1473839830526424,-1.5797090928419062,0.4922574581259213,-1.1484276002459557,-1.592978802271876,0.48937948780176205,-1.1553595277599797,-1.539428088878242,0.4966915675560504,-1.1582210830254556,-1.5697627220837103,0.49526512824048224,-1.1589449148603161,-1.5879994102918413,0.49120738005178594,-1.1597878133796464,-1.6031929732893415,0.48813631043471545,-1.1657581220036037,-1.53755306000549,0.49346304251400364,-1.1687787192480454,-1.5672768106880675,0.4909993669231338,-1.1688350408908201,-1.5852354910224746,0.4878423003975109,-1.1689505439617243,-1.599720501105583,0.48579799328547335,-1.1766037617493839,-1.5309933103896842,0.4893854237714316,-1.183611115457342,-1.5548355324622476,0.48725840904202683,-1.1875945970286168,-1.5704931617015612,0.4864883824241391,-1.1903402369957916,-1.5838163013068154,0.48609725228349876,-1.072089318242486,-1.2971542370719913,0.4909442775445519,-1.0453355543728673,-1.3344270166247534,0.4813004582467551,-1.0361027606109352,-1.386453111468311,0.48050894415306944,-1.0357370303426001,-1.427253874804034,0.479257914180327,-1.0357210880768317,-1.4559338013371115,0.47853981647194593,-1.0833393258264665,-1.4328183251491882,0.49805228389305695,-1.094756832204106,-1.476054923417623,0.49299670283697117,-1.1021382489551963,-1.5006187511340077,0.48564924200568105,-1.1093277833273252,-1.520211676511356,0.48004699444887716,-1.102120227134888,-1.4287817211216147,0.4964110336223378,-1.1163245788841356,-1.4772084500651317,0.4926227232229087,-1.1242806055277499,-1.5055385733990005,0.4850618393327493,-1.1315889954499476,-1.5277878900909205,0.4794030175972949,-1.1183996740527857,-1.4177554116456619,0.4921663114686231,-1.1325562105721965,-1.4649534509064737,0.4869090096947637,-1.138721536137294,-1.4923964679703186,0.48106733103586635,-1.1446614843202083,-1.5141275553141373,0.47717446106601696,-1.132850912209081,-1.3985494600794115,0.486467345876044,-1.1477340416521238,-1.4355098871527079,0.48130335565233456,-1.156444623682183,-1.4582294058359628,0.4791879876287962,-1.1638495223610645,-1.477308453954042,0.4781127758014416,0.44788864240386594,0.05106224590185361,0.1487725629843101,-0.44788864240386594,-0.05106224590185361,-0.1487725629843101,0.6288395413718154,0.38905140409774247,-1.6791416025957815,-0.6238533503665223,0.7367946444506062,-1.5239733387377712,0.34648167914854444,0.16715706596953211,-3.7342209345152466,-0.4312372657636893,0.7818886582520902,-3.3745477950800513
Aliya,hello,-1.0457929251918112,-1.31626204088821,0.5110936957525869,-1.024967605881659,-1.3415093276460384,0.5040747872303474,-1.0154923411043384,-1.3798219451097224,0.5020919468635638,-1.0126093696166054,-1.4107634507156537,0.49941744258730586,-1.012656370083617,-1.4336449187780242,0.4969966518363341,-1.0496710136410299,-1.4215482278495088,0.5140828124428074,-1.055470280445341,-1.4575668870714344,0.5081827953849102,-1.0588630096653735,-1.4791136390627142,0.5018875150877173,-1.0623191276196253,-1.4962863615783757,0.4975661871771349,-1.0641257860151203,-1.4224198853212362,0.511248256068608,-1.0725309852463731,-1.46574471705449,0.506335832668858,-1.0765945218001647,-1.4934216701526395,0.5003002906689494,-1.080102517779785,-1.5157392232060256,0.49617544765371346,-1.0775050116372729,-1.4159652560622877,0.5064504878091507,-1.086154324318782,-1.45765477516995,0.5002274309795168,-1.087732973254208,-1.482619792056839,0.4955173779399975,-1.0891567460477647,-1.5027577494760669,0.49288112066319956,-1.0899082150935027,-1.4020751638565925,0.5006505067550877,-1.1004512662356059,-1.4344888992934284,0.49495996837862305,-1.1054529768549988,-1.454447884000233,0.4931123510436229,-1.1091147602254374,-1.4709630295126286,0.49247357866330255,-1.1175484965085891,-1.3777686864014322,0.5110936578215791,-1.0990851346772483,-1.407948630862899,0.5044221086722873,-1.0939646086668895,-1.44756108693078,0.5034127176463821,-1.095237984104509,-1.477764589903122,0.5018322884841186,-1.0975320269030129,-1.4996840404027745,0.5004095677229318,-1.1266655967682415,-1.4835520383178706,0.5150407270228756,-1.1350963687534932,-1.5191017778745417,0.5101336370654389,-1.1402051538168527,-1.5397010918929392,0.5039712412454623,-1.1452190703481018,-1.5568629425260019,0.4993691933107062,-1.1404653302868517,-1.480469826373148,0.5128572700654386,-1.1509851433228644,-1.5198163298370289,0.5091852244055185,-1.1561765855867598,-1.5433898419910876,0.5031992687655024,-1.1606738917202204,-1.5620738903055986,0.4987198760314827,-1.152090469364594,-1.4710090275760377,0.5088092940645003,-1.163771273780884,-1.508177852755263,0.5041180691518382,-1.1680404512896345,-1.530237048149702,0.4996134334824313,-1.1714621187445104,-1.5479782195046112,0.4965764853362937,-1.1621095438727536,-1.454765219755385,0.5037299605235876,-1.1737166681930291,-1.4829040199152161,0.4992716332724858,-1.1796850610146286,-1.5001751321236678,0.49768138986864013,-1.1841174032077582,-1.5146542080054597,0.49686322995567606,0.4422059100672408,0.07963809466034023,0.12269170566137996,-0.4422059100672408,-0.07963809466034023,-0.12269170566137996,0.6138669994209451,0.551320759638952,-1.5959911858485547,-0.6225830096972823,0.6627362457390419,-1.5623746241760177,0.35890777862198325,0.25777024497307355,-3.531937951992108,-0.43453764582097176,0.617974179158881,-3.4711178876829694
Aliya,hello,-1.227675226657225,-1.5391171006661146,0.4858920230728498,-1.220464387886898,-1.5561239876561062,0.48138030257215425,-1.2187162207129607,-1.5791378319680882,0.4801359171593623,-1.2199643656122672,-1.5977379556785043,0.47852205593236535,-1.2218347326732708,-1.6110488043782016,0.4771080582350531,-1.2367068915415484,-1.6028692633097166,0.4886362995102003,-1.242833780335723,-1.6245936577270494,0.4854428978687528,-1.247539883015447,-1.6376233287322115,0.4815115835413561,-1.251649632974529,-1.648579328678848,0.4785564022411908,-1.2438321876524798,-1.6015195467577472,0.48717962374273394,-1.251762150253528,-1.625940271507606,0.48430397852416374,-1.2571815935346518,-1.6410208903672256,0.48010674056113894,-1.2620386760901992,-1.6537590509503766,0.4771142970052607,-1.2495872519863997,-1.596496625384671,0.484531400331882,-1.2570595912286138,-1.61967305922628,0.4811333514310913,-1.2613248585008647,-1.6340699888854051,0.4784111612047017,-1.265365620276433,-1.646039374173387,0.4767398961171963,-1.2539771726263254,-1.587849978905251,0.4811900346568554,-1.260106790032586,-1.6069403569290144,0.4783492997700486,-1.2638073854682006,-1.6185690440758616,0.4777192975394125,-1.2667745439777651,-1.6284628350103847,0.47756377901925756,-1.2333591071628063,-1.5099615493931402,0.4858920355719141,-1.2176617389432391,-1.5321260788330384,0.47700466638991945,-1.213111082763642,-1.5638851900721142,0.4746796873079467,-1.2143381992821431,-1.5901076259666957,0.4728562377292852,-1.214873296480526,-1.609298470950882,0.47113174752950704,-1.2420974533921905,-1.5891246330348043,0.48297170130020883,-1.2515853109980315,-1.6153790018789367,0.477926980744196,-1.2582432910428591,-1.629477561444345,0.4727493228353551,-1.264385372523187,-1.6406005907327912,0.46900419884327277,-1.255861799325195,-1.583988681842499,0.4831749835745473,-1.2668711832024704,-1.6123000123006241,0.47886715378471495,-1.2739704924796729,-1.6289221174712254,0.4736863478367106,-1.2799258201614687,-1.6418832251966766,0.46995622489183464,-1.2667859805653003,-1.5738525520240858,0.48194247551152986,-1.277683565209393,-1.6013185767225757,0.47696362643747703,-1.2830868073544182,-1.6170345008889822,0.47315810837948713,-1.2875957768593833,-1.629531653229991,0.47077067947879175,-1.2755093251551664,-1.5588486040199143,0.479795209677307,-1.2868267536736973,-1.5798124701025442,0.47468190642029223,-1.2932681864452285,-1.5923303763218088,0.47277086258704815,-1.2984338786615637,-1.6030033477503245,0.4719907543139156,0.45950628025589274,0.0824875402378643,0.11078375185541363,-0.45950628025589274,-0.0824875402378643,-0.11078375185541363,0.6366435617763844,0.4927738072262497,-1.4941264539274308,-0.6558466078261361,0.7989726795970485,-1.1184929994011505,0.40807437325276624,0.36465845951405085,-3.5601363585260057,-0.557147754213626,1.0879687990188378,-2.907575753036474
Aliya,hello,-1.0963755206301236,-1.397174164298027,0.4922334084848674,-1.0851586190820297,-1.410256667385712,0.48889847901474087,-1.0779337673012674,-1.4306113744072015,0.4878498161824975,-1.074618759863602,-1.446960455699749,0.4861750401735706,-1.074387401997802,-1.4578891752378778,0.4847665366048006,-1.093331293390322,-1.4562217880938302,0.49583654475578065,-1.0951352372260943,-1.4762036164171195,0.49302817664482534,-1.0961354586751322,-1.487977866060078,0.4895945271162616,-1.0971166482691637,-1.4976458234245569,0.4871912540785463,-1.100083547144903,-1.457670998424473,0.49421045694114923,-1.1032456062288551,-1.4803024516161005,0.4920212618706157,-1.1042372269170782,-1.493265501149996,0.4886581668625343,-1.10510156488157,-1.5037279163715476,0.4862755744800184,-1.1069742697365457,-1.4558241450057954,0.49147764335582056,-1.109742447379846,-1.476843608746435,0.48893024632002685,-1.1097647501698713,-1.4878001342818203,0.48682779608937676,-1.1099506511099158,-1.496186641625373,0.48558576289652533,-1.113993776520748,-1.4505226350936395,0.4881053829210094,-1.1178372730301147,-1.4671104879491599,0.48644656422371907,-1.119783580899239,-1.4769683358205021,0.4861800689806548,-1.1211645100465057,-1.4846904103840641,0.4861465246165928,-1.0965268963665584,-1.3515325237844018,0.4922334286605265,-1.0792669293099877,-1.3705198789905535,0.48533986092523007,-1.0708869993500805,-1.4002407932746823,0.48392769288398874,-1.0678102835304906,-1.424473619137033,0.4825282356103341,-1.0648083026110358,-1.4413437050614555,0.4812154011494358,-1.0969786432068354,-1.4291444807115932,0.4924955823865626,-1.10129469142346,-1.455692344316315,0.48852434415852836,-1.1046745606727082,-1.4714659266072725,0.48399424335499436,-1.1079240351290536,-1.4843490560469899,0.4805142744855116,-1.109604184151082,-1.4275978899439599,0.491576142701965,-1.116683695077456,-1.4570310457807745,0.48806398662324263,-1.1211289640785098,-1.475117382113335,0.48325573646145076,-1.1248709694923351,-1.4897646039470598,0.47971536732941267,-1.120127450127715,-1.420874254117012,0.48923964782565077,-1.1279946308521642,-1.4493919960062016,0.48456804150127314,-1.1320188569924676,-1.4669010331357193,0.4805652155234167,-1.135313395608601,-1.48101561096879,0.4779657089496065,-1.1290694082659278,-1.4090366202871725,0.48611455684765315,-1.138179902033986,-1.4307527185824345,0.481316276599997,-1.1438712871966012,-1.4448745344377456,0.4793035890612657,-1.1483552050384915,-1.4570612118370296,0.4782686048429533,0.4136146002932219,0.05805467665674583,0.2310301994056571,-0.4136146002932219,-0.05805467665674583,-0.2310301994056571,0.620545054470182,0.49856788184313955,-1.057671140407457,-0.6206579134036417,0.7760390540386038,-1.0711187050098032,0.4500410272023221,0.3366426708946477,-2.909672992979272,-0.5179763756432231,1.0694682022397053,-2.5451536092623184
Aliya,hello,-1.1690587651242248,-1.5149815926585894,0.39836985570462535,-1.1690587651242248,-1.5149815926585894,0.39836985570462535,-1.1690587651242248,-1.5149815926585894,0.39836985570462535,-1.1690587651242248,-1.5149815926585894,0.39836985570462535,-1.1690587651242248,-1.5149815926585894,0.39836985570462535,-1.1690587651242248,-1.5149815926585894,0.39836985570462535,-1.1690587651242248,-1.5149815926585894,0.39836985570462535,-1.1690587651242248,-1.5149815926585894,0.39836985570462535,-1.1690587651242248,-1.5149815926585894,0.39836985570462535,-1.1690587651242248,-1.5149815926585894,0.39836985570462535,-1.1690587651242248,-1.5149815926585894,0.39836985570462535,-1.1690587651242248,-1.5149815926585894,0.39836985570462535,-1.1690587651242248,-1.5149815926585894,0.39836985570462535,-1.1690587651242248,-1.5149815926585894,0.39836985570462535,-1.1690587651242248,-1.5149815926585894,0.39836985570462535,-1.1690587651242248,-1.5149815926585894,0.39836985570462535,-1.1690587651242248,-1.5149815926585894,0.39836985570462535,-1.1690587651242248,-1.5149815926585894,0.39836985570462535,-1.1690587651242248,-1.5149815926585894,0.39836985570462535,-1.1690587651242248,-1.5149815926585894,0.39836985570462535,-1.1690587651242248,-1.5149815926585894,0.39836985570462535,-0.962658063902674,-1.094989027861597,0.3983700280431788,-0.9377055080450983,-1.124938194143659,0.39067978678592724,-0.9259052625953993,-1.1667749373311966,0.39040916452911484,-0.9219940475302668,-1.2005907625638421,0.3899512229381341,-0.9189573965378761,-1.2252871899964553,0.3898168625139541,-0.9588324073286796,-1.2027848561553744,0.40353387817999276,-0.9619870686060169,-1.2402687559125403,0.3997962326658398,-0.963469818766869,-1.2620917473780273,0.39436217675000057,-0.9650052667406136,-1.2804336071471625,0.3901397369918205,-0.9760093228204244,-1.2011482784347665,0.402286582950975,-0.9812181794488699,-1.2415640418606932,0.3994122063886566,-0.9833903763798156,-1.266686073470072,0.39335245095777827,-0.9849394812182943,-1.2872832827521095,0.38866219420124554,-0.9912246967983587,-1.1935020368738543,0.3990111963370233,-0.9973454113168486,-1.2330263369151764,0.3943500225230764,-0.9987980361375369,-1.2578974806293146,0.3889896171491191,-0.9994479185844,-1.2778540383461365,0.3852563874485172,-1.005087941841823,-1.1791140151650759,0.394698682625432,-1.0165056678551518,-1.208867072229423,0.38951310696415736,-1.0226158309072029,-1.2286180197029972,0.38694271239532013,-1.0268851915959687,-1.2461641983927179,0.3854286559395911,0.3752862865273876,0.05481352021727036,0.307071745238181,-0.3752862865273876,-0.05481352021727036,-0.307071745238181,0.5474036582870168,0.3512776214591177,-0.9412636280370473,-0.5650033232838026,0.6431696516125818,-1.2473973976030246,0.41181787754348004,0.254451425554348,-2.7100786824332896,-0.4489611511140008,0.8987499907104443,-2.592974394074254
Aliya,hello,-1.253548712261487,-1.56320925551233,0.39814274449615517,-1.249494358716643,-1.5698578394240883,0.3963230119787996,-1.2472168807318693,-1.580237023438119,0.3954559534048461,-1.246296884794652,-1.5880953227429715,0.394311777584614,-1.246290740759613,-1.593966466827999,0.3932210683674012,-1.2546085408176448,-1.5916620949104239,0.3989637109980439,-1.25597518072671,-1.602301452597206,0.39702850836871767,-1.2567532376167387,-1.609331581242231,0.3950082823401881,-1.257470613010935,-1.6148798123048467,0.3936878765495038,-1.2580047641135264,-1.5922436715957335,0.3982242130987282,-1.2595145094361666,-1.6039781269258175,0.3967802156650957,-1.2604675135176424,-1.6112392204749995,0.3948919148011259,-1.2614320106738284,-1.6171170623053823,0.3935552223440986,-1.261468024162053,-1.5913096374687992,0.39697047137676633,-1.262851741664315,-1.6023966976194215,0.3955908575166662,-1.2635876572470126,-1.6094851364535836,0.3945801291402932,-1.2643515141417077,-1.6150937009402608,0.39395729620147724,-1.2649589231858933,-1.58862036275281,0.39539684437269024,-1.2666649662217149,-1.597532777209252,0.39461928599834906,-1.2680931785967615,-1.6034259481909208,0.3946186879836043,-1.2692646074267102,-1.6081025822117512,0.3947024980339964,-0.8083823403859703,-0.7222581415166914,0.39814299604992487,-0.7566475757368822,-0.7880356299911713,0.37953925681461875,-0.7406585315747459,-0.8895746465886727,0.379617874999403,-0.7412276329792329,-0.9697627590973972,0.3793751897010912,-0.7391279451159442,-1.0272485557371112,0.3802649081792996,-0.8257547965680591,-0.9766493961999136,0.4121501141883317,-0.8460990020143729,-1.060463726787787,0.40424096892567113,-0.8613321644318402,-1.1087183447766327,0.3917581709159577,-0.8764527510333648,-1.1457447512169576,0.38221914245675026,-0.8638214474420574,-0.9696825279735786,0.4103662087319195,-0.8890492256710817,-1.0604769928118634,0.4047377998333049,-0.906397243932907,-1.114320858071574,0.3915973797834265,-0.9224999732758343,-1.1556658846088432,0.3818597538168304,-0.8967863974498906,-0.9500084028997747,0.4036976594349704,-0.9222423431229073,-1.0370904923390132,0.39457567879924654,-0.9358633213575972,-1.0896677208270682,0.3835959001394506,-0.9489933666864246,-1.130999045528472,0.37617959001258294,-0.9262156039079803,-0.9147222536760885,0.3943735752510281,-0.9514200104626813,-0.9832968449035335,0.38454658414853177,-0.9669401498410153,-1.0251553416620853,0.380382784017694,-0.9800619578901143,-1.060211885161916,0.3783861412096934,0.4173734986364951,0.09135637955341153,0.21293722817250824,-0.4173734986364951,-0.09135637955341153,-0.21293722817250824,0.546984145315173,0.32916420279806274,-1.5035163889491863,-0.5644533968938421,0.6024435411718014,-1.9768855479236218,0.3629054418701811,0.2819089747595082,-3.370131325487351,-0.3794949693000668,0.36051421177771115,-3.944944859739172
